candidate_id,source_sample_index,anchor_face_index,anchor_position_object_m,closure_status,contact_face_indices,contact_positions_object_m,fast_filter,fast_reasons,formal_candidate_selected,formal_selection_status,sequential_closure_sweep_pass,minimum_table_clearance_m,minimum_clearance_link,minimum_clearance_finger_stage,minimum_clearance_joint_position_rad,checked_state_count,maximum_joint_increment_rad,endpoint_only_table_clearance_m,first_table_violation_clearance_m,first_table_violation_link,first_table_violation_finger_stage,unresolved_checks,task_status,worst_task_margin,lower_tail_mean_margin,required_peak_normal_force_n,maximum_joint_load_utilization,maximum_generalized_joint_torque_nm,wrist_load_utilization,sensitivity,task_failure_reason,nominal_balance_infeasible_count,evidence
raw_seed_331,331,28971,0.0184196845 0.000962489473 -0.0259147075,CLOSURE_REJECT,,,FAST_REJECT,FORBIDDEN_FIRST_CONTACT_FACE_20905,False,REJECTED_BEFORE_DIVERSITY,False,,,,,0,0.0,,,,,,NOT_EVALUATED,,,,,,,,,,OFFLINE_RESEARCH_NOT_FORMAL
raw_seed_064,64,20927,0.0228547305 0.0060854109 -0.0197156411,CLOSURE_SURVIVE,21069 19653 21281,0.00272390116 0.0223519993 -0.0125690705 | -0.0233832727 -0.00359655125 -0.0173411456 | 0.014057169 -0.0175533315 -0.012338067,FAST_REJECT,HAND_TABLE_PENETRATION,False,REJECTED_BEFORE_DIVERSITY,False,-0.006289155479137443,f3Link3,FINGER_3_CLOSURE_0143,0.7 0.6492795 0.58295525 0.465267107,759,0.0014960357142858038,-0.0037457442887142145,-0.0037457442887142145,f2Link2,PREGRASP,,NOT_EVALUATED,,,,,,,,,,OFFLINE_RESEARCH_NOT_FORMAL
raw_seed_036,36,33194,0.0169530384 0.0051468381 -0.0284256354,CLOSURE_REJECT,,,FAST_REJECT,FORBIDDEN_FIRST_CONTACT_FACE_21193,False,REJECTED_BEFORE_DIVERSITY,False,,,,,0,0.0,,,,,,NOT_EVALUATED,,,,,,,,,,OFFLINE_RESEARCH_NOT_FORMAL
raw_seed_379,379,33188,0.0153905033 0.00877246046 -0.0286833471,CLOSURE_REJECT,,,FAST_REJECT,FORBIDDEN_FIRST_CONTACT_FACE_21312,False,REJECTED_BEFORE_DIVERSITY,False,,,,,0,0.0,,,,,,NOT_EVALUATED,,,,,,,,,,OFFLINE_RESEARCH_NOT_FORMAL
raw_seed_100,100,33282,0.0152946364 0.00885071164 -0.030279798,CLOSURE_REJECT,33318 33348,-0.00930753751 0.0150657873 -0.0300667274 | -0.016364783 -0.00651064601 -0.0306832008,FAST_REJECT,FORBIDDEN_FIRST_CONTACT_FACE_20955,False,REJECTED_BEFORE_DIVERSITY,False,,,,,0,0.0,,,,,,NOT_EVALUATED,,,,,,,,,,OFFLINE_RESEARCH_NOT_FORMAL
raw_seed_019,19,21309,0.0163560712 0.0152544293 -0.0173202873,CLOSURE_REJECT,19693 19642,-0.0125647868 0.0200572403 -0.0117544277 | -0.0189637625 -0.0141549768 -0.0149389844,FAST_REJECT,FORBIDDEN_FIRST_CONTACT_FACE_21117,False,REJECTED_BEFORE_DIVERSITY,False,,,,,0,0.0,,,,,,NOT_EVALUATED,,,,,,,,,,OFFLINE_RESEARCH_NOT_FORMAL
raw_seed_108,108,21310,0.0137468449 0.0178636555 -0.0149832718,CLOSURE_REJECT,21218 19624,-0.0157369599 0.0158735408 -0.0153569593 | -0.00788461244 -0.0222991303 -0.0165011456,FAST_REJECT,FORBIDDEN_FIRST_CONTACT_FACE_17721,False,REJECTED_BEFORE_DIVERSITY,False,,,,,0,0.0,,,,,,NOT_EVALUATED,,,,,,,,,,OFFLINE_RESEARCH_NOT_FORMAL
raw_seed_132,132,33180,0.0107761421 0.0140599779 -0.0281093009,CLOSURE_REJECT,,,FAST_REJECT,FORBIDDEN_FIRST_CONTACT_FACE_19710,False,REJECTED_BEFORE_DIVERSITY,False,,,,,0,0.0,,,,,,NOT_EVALUATED,,,,,,,,,,OFFLINE_RESEARCH_NOT_FORMAL
raw_seed_198,198,17893,0.00769190795 0.0184020381 -0.0135710747,CLOSURE_REJECT,,,FAST_REJECT,FORBIDDEN_FIRST_CONTACT_FACE_19233,False,REJECTED_BEFORE_DIVERSITY,False,,,,,0,0.0,,,,,,NOT_EVALUATED,,,,,,,,,,OFFLINE_RESEARCH_NOT_FORMAL
raw_seed_299,299,31481,0.00649939793 0.0166788861 -0.0243341896,CLOSURE_REJECT,,,FAST_REJECT,FORBIDDEN_FIRST_CONTACT_FACE_21435,False,REJECTED_BEFORE_DIVERSITY,False,,,,,0,0.0,,,,,,NOT_EVALUATED,,,,,,,,,,OFFLINE_RESEARCH_NOT_FORMAL
raw_seed_048,48,20907,0.00383387561 0.0233406862 -0.0161371856,CLOSURE_REJECT,19669 19620,-0.0221889107 0.00818686943 -0.010571326 | -0.00635888177 -0.0227809227 -0.0137558827,FAST_REJECT,FORBIDDEN_FIRST_CONTACT_FACE_17705,False,REJECTED_BEFORE_DIVERSITY,False,,,,,0,0.0,,,,,,NOT_EVALUATED,,,,,,,,,,OFFLINE_RESEARCH_NOT_FORMAL
raw_seed_123,123,33167,0.000247848398 0.0177180694 -0.02838562,CLOSURE_REJECT,,,FAST_REJECT,FORBIDDEN_FIRST_CONTACT_FACE_19682,False,REJECTED_BEFORE_DIVERSITY,False,,,,,0,0.0,,,,,,NOT_EVALUATED,,,,,,,,,,OFFLINE_RESEARCH_NOT_FORMAL
raw_seed_251,251,33163,-0.001856103 0.0176216774 -0.029178549,CLOSURE_SURVIVE,33128 33096 20921,-0.0175705599 -0.00235970026 -0.028958332 | -0.000737857159 -0.017696063 -0.0296923165 | 0.0201282236 0.0124413238 -0.01903387,FAST_SURVIVE,,True,SELECTED_AFTER_SWEEP_DIVERSITY,True,0.0031737524848778342,f3Link3,FINGER_3_CLOSURE_0143,0.7 0.682441625 0.616117375 0.465267107,803,0.0014969014756945898,0.005717163675301062,,,,UNRESOLVED_UNTIL_PUBLIC_LEGACY_FORWARDER | UNRESOLVED_UNTIL_TOP3_LEGACY_EXACT | HAND_TABLE_SAMPLED_NOT_CONTINUOUS | ARM_LINK_AND_JOINT_INTERPOLATED_PATH_NOT_FAST_CHECKED,TASK_REJECT,0.0,0.0907223472916286,,,,,0.7824721556185421,NOMINAL_LOAD_INFEASIBLE_ZERO_IS_RANKING_LOWER_BOUND_NOT_FEASIBILITY,1,OFFLINE_RESEARCH_NOT_FORMAL
raw_seed_075,75,29087,-0.00310589398 0.0181856251 -0.0266184087,CLOSURE_REJECT,,,FAST_REJECT,FORBIDDEN_FIRST_CONTACT_FACE_21559,False,REJECTED_BEFORE_DIVERSITY,False,,,,,0,0.0,,,,,,NOT_EVALUATED,,,,,,,,,,OFFLINE_RESEARCH_NOT_FORMAL
raw_seed_368,368,19698,-0.00881475614 0.0219599486 -0.0190608539,CLOSURE_REJECT,19653 20975,-0.0232230873 -0.00448922691 -0.0134949943 | 0.00636199701 -0.0227800819 -0.016679551,FAST_REJECT,FORBIDDEN_FIRST_CONTACT_FACE_21464,False,REJECTED_BEFORE_DIVERSITY,False,,,,,0,0.0,,,,,,NOT_EVALUATED,,,,,,,,,,OFFLINE_RESEARCH_NOT_FORMAL
raw_seed_283,283,33316,-0.00784514806 0.0157904766 -0.0305918727,CLOSURE_REJECT,33350 31172,-0.0155925283 -0.0083130297 -0.0303729983 | 0.00471257469 -0.0172675411 -0.026530691,FAST_REJECT,FORBIDDEN_FIRST_CONTACT_FACE_20888,False,REJECTED_BEFORE_DIVERSITY,False,,,,,0,0.0,,,,,,NOT_EVALUATED,,,,,,,,,,OFFLINE_RESEARCH_NOT_FORMAL
raw_seed_260,260,33155,-0.00904547424 0.0152453432 -0.0293267856,CLOSURE_SURVIVE,33118 33227 20917,-0.0149718526 -0.00947316419 -0.0291065685 | 0.00670560986 -0.0163952369 -0.0298405531 | 0.0130989576 0.0196984492 -0.0191821066,FAST_SURVIVE,,True,SELECTED_AFTER_SWEEP_DIVERSITY,True,0.0033219890766034155,f3Link3,FINGER_3_CLOSURE_0143,0.7 0.682441625 0.616117375 0.465267107,803,0.0014969014756945898,0.005865400267026644,,,,UNRESOLVED_UNTIL_PUBLIC_LEGACY_FORWARDER | UNRESOLVED_UNTIL_TOP3_LEGACY_EXACT | HAND_TABLE_SAMPLED_NOT_CONTINUOUS | ARM_LINK_AND_JOINT_INTERPOLATED_PATH_NOT_FAST_CHECKED,TASK_REJECT,0.0,0.06458710592809484,,,,,0.8022092219319507,NOMINAL_LOAD_INFEASIBLE_ZERO_IS_RANKING_LOWER_BOUND_NOT_FEASIBILITY,2,OFFLINE_RESEARCH_NOT_FORMAL
raw_seed_052,52,29521,-0.0112364041 0.0146182913 -0.0221978505,CLOSURE_REJECT,19648,-0.0211539679 -0.0105989022 -0.0166319909,FAST_REJECT,FORBIDDEN_FIRST_CONTACT_FACE_20987,False,REJECTED_BEFORE_DIVERSITY,False,,,,,0,0.0,,,,,,NOT_EVALUATED,,,,,,,,,,OFFLINE_RESEARCH_NOT_FORMAL
raw_seed_232,232,21218,-0.0172076477 0.0144028526 -0.0209451228,CLOSURE_REJECT,,,FAST_REJECT,FORBIDDEN_FIRST_CONTACT_FACE_21207,False,REJECTED_BEFORE_DIVERSITY,False,,,,,0,0.0,,,,,,NOT_EVALUATED,,,,,,,,,,OFFLINE_RESEARCH_NOT_FORMAL
raw_seed_228,228,33327,-0.0145749503 0.0100360931 -0.0301373738,CLOSURE_REJECT,33108 33254,-0.00962245012 -0.0148703176 -0.0299171567 | 0.0128940937 -0.0120363366 -0.030546639,FAST_REJECT,FORBIDDEN_FIRST_CONTACT_FACE_20905,False,REJECTED_BEFORE_DIVERSITY,False,,,,,0,0.0,,,,,,NOT_EVALUATED,,,,,,,,,,OFFLINE_RESEARCH_NOT_FORMAL
raw_seed_180,180,28907,-0.0162669247 0.00870061934 -0.0254999447,CLOSURE_REJECT,21248 33213,-0.0171849915 -0.0144255091 -0.0183533741 | 0.0150235707 -0.00938660276 -0.0299530711,FAST_REJECT,FORBIDDEN_FIRST_CONTACT_FACE_21325,False,REJECTED_BEFORE_DIVERSITY,False,,,,,0,0.0,,,,,,NOT_EVALUATED,,,,,,,,,,OFFLINE_RESEARCH_NOT_FORMAL
raw_seed_138,138,19670,-0.0228415233 0.00613434618 -0.0180207757,CLOSURE_REJECT,,,FAST_REJECT,FORBIDDEN_FIRST_CONTACT_FACE_21255,False,REJECTED_BEFORE_DIVERSITY,False,,,,,0,0.0,,,,,,NOT_EVALUATED,,,,,,,,,,OFFLINE_RESEARCH_NOT_FORMAL
raw_seed_074,74,19667,-0.0232579517 0.00429493591 -0.0178479904,CLOSURE_REJECT,19624 20946,-0.00862443496 -0.0220293502 -0.0122821308 | 0.0226587069 -0.00681171295 -0.0154666875,FAST_REJECT,FORBIDDEN_FIRST_CONTACT_FACE_21107,False,REJECTED_BEFORE_DIVERSITY,False,,,,,0,0.0,,,,,,NOT_EVALUATED,,,,,,,,,,OFFLINE_RESEARCH_NOT_FORMAL
raw_seed_059,59,33133,-0.0176273205 0.00172903681 -0.0296434839,CLOSURE_SURVIVE,33097 33265 19698,-0.00122107349 -0.0176743616 -0.0294232668 | 0.0171845154 -0.00427128889 -0.0300629968 | -0.00811593572 0.022214777 -0.0194988048,FAST_SURVIVE,,True,SELECTED_AFTER_SWEEP_DIVERSITY,True,0.0036386873141880383,f3Link3,FINGER_3_CLOSURE_0143,0.7 0.682441625 0.616117375 0.465267107,803,0.0014969014756945898,0.006182098504611266,,,,UNRESOLVED_UNTIL_PUBLIC_LEGACY_FORWARDER | UNRESOLVED_UNTIL_TOP3_LEGACY_EXACT | HAND_TABLE_SAMPLED_NOT_CONTINUOUS | ARM_LINK_AND_JOINT_INTERPOLATED_PATH_NOT_FAST_CHECKED,TASK_REJECT,0.0,0.07387452271719425,,,,,0.8095963129510455,NOMINAL_LOAD_INFEASIBLE_ZERO_IS_RANKING_LOWER_BOUND_NOT_FEASIBILITY,1,OFFLINE_RESEARCH_NOT_FORMAL
raw_seed_060,60,21233,-0.0223519993 -0.000700591822 -0.0178233961,CLOSURE_REJECT,21264 20925,-0.00229765406 -0.0223519993 -0.0181970835 | 0.0222390554 0.00804935673 -0.0193412699,FAST_REJECT,FORBIDDEN_FIRST_CONTACT_FACE_21116,False,REJECTED_BEFORE_DIVERSITY,False,,,,,0,0.0,,,,,,NOT_EVALUATED,,,,,,,,,,OFFLINE_RESEARCH_NOT_FORMAL
raw_seed_315,315,33127,-0.0174637811 -0.00295825745 -0.0281372162,CLOSURE_REJECT,,,FAST_REJECT,FORBIDDEN_FIRST_CONTACT_FACE_19640,False,REJECTED_BEFORE_DIVERSITY,False,,,,,0,0.0,,,,,,NOT_EVALUATED,,,,,,,,,,OFFLINE_RESEARCH_NOT_FORMAL
raw_seed_218,218,19649,-0.0223783191 -0.00766745147 -0.0146049816,CLOSURE_REJECT,,,FAST_REJECT,FORBIDDEN_FIRST_CONTACT_FACE_21271,False,REJECTED_BEFORE_DIVERSITY,False,,,,,0,0.0,,,,,,NOT_EVALUATED,,,,,,,,,,OFFLINE_RESEARCH_NOT_FORMAL
raw_seed_196,196,33119,-0.0154917925 -0.00860293087 -0.0286721269,CLOSURE_REJECT,,,FAST_REJECT,FORBIDDEN_FIRST_CONTACT_FACE_21267,False,REJECTED_BEFORE_DIVERSITY,False,,,,,0,0.0,,,,,,NOT_EVALUATED,,,,,,,,,,OFFLINE_RESEARCH_NOT_FORMAL
raw_seed_107,107,31146,-0.0143828165 -0.0106647618 -0.0267436983,CLOSURE_REJECT,,,FAST_REJECT,FORBIDDEN_FIRST_CONTACT_FACE_21546,False,REJECTED_BEFORE_DIVERSITY,False,,,,,0,0.0,,,,,,NOT_EVALUATED,,,,,,,,,,OFFLINE_RESEARCH_NOT_FORMAL
raw_seed_068,68,33115,-0.0136963187 -0.0112427506 -0.029115422,CLOSURE_REJECT,,,FAST_REJECT,FORBIDDEN_FIRST_CONTACT_FACE_32084,False,REJECTED_BEFORE_DIVERSITY,False,,,,,0,0.0,,,,,,NOT_EVALUATED,,,,,,,,,,OFFLINE_RESEARCH_NOT_FORMAL
raw_seed_116,116,28560,-0.0113974481 -0.0144967845 -0.0233197687,CLOSURE_REJECT,,,FAST_REJECT,FORBIDDEN_FIRST_CONTACT_FACE_21537,False,REJECTED_BEFORE_DIVERSITY,False,,,,,0,0.0,,,,,,NOT_EVALUATED,,,,,,,,,,OFFLINE_RESEARCH_NOT_FORMAL
raw_seed_186,186,19626,-0.0124776045 -0.0201073645 -0.0133880547,CLOSURE_REJECT,21280 20917,0.0173307909 -0.0142797097 -0.0137617421 | 0.0128241138 0.0198896617 -0.0180184723,FAST_REJECT,FORBIDDEN_FIRST_CONTACT_FACE_19055,False,REJECTED_BEFORE_DIVERSITY,False,,,,,0,0.0,,,,,,NOT_EVALUATED,,,,,,,,,,OFFLINE_RESEARCH_NOT_FORMAL
raw_seed_027,27,33367,-0.00705864998 -0.0161921154 -0.0303190486,CLOSURE_REJECT,31315 33292,0.014316668 -0.0107528223 -0.0256169554 | 0.00930865147 0.0149547683 -0.0306832008,FAST_REJECT,FORBIDDEN_FIRST_CONTACT_FACE_21150,False,REJECTED_BEFORE_DIVERSITY,False,,,,,0,0.0,,,,,,NOT_EVALUATED,,,,,,,,,,OFFLINE_RESEARCH_NOT_FORMAL
raw_seed_212,212,31549,-0.00530519821 -0.0171062511 -0.0238463907,CLOSURE_REJECT,,,FAST_REJECT,FORBIDDEN_FIRST_CONTACT_FACE_21118,False,REJECTED_BEFORE_DIVERSITY,False,,,,,0,0.0,,,,,,NOT_EVALUATED,,,,,,,,,,OFFLINE_RESEARCH_NOT_FORMAL
raw_seed_020,20,31291,-0.0037476789 -0.0175004108 -0.0258417512,CLOSURE_REJECT,,,FAST_REJECT,FORBIDDEN_FIRST_CONTACT_FACE_20958,False,REJECTED_BEFORE_DIVERSITY,False,,,,,0,0.0,,,,,,NOT_EVALUATED,,,,,,,,,,OFFLINE_RESEARCH_NOT_FORMAL
raw_seed_324,324,33097,-0.000777681872 -0.0176942744 -0.0289621202,CLOSURE_SURVIVE,33200 33171 19648,0.0177113476 -0.000268444282 -0.0287419031 | 0.00333783036 0.0174049901 -0.0294758876 | -0.021763209 -0.0092903151 -0.0188174411,FAST_SURVIVE,,True,SELECTED_AFTER_SWEEP_DIVERSITY,True,0.002957323645091714,f3Link3,FINGER_3_CLOSURE_0143,0.7 0.682441625 0.616117375 0.465267107,803,0.0014969014756945898,0.005500734835514942,,,,UNRESOLVED_UNTIL_PUBLIC_LEGACY_FORWARDER | UNRESOLVED_UNTIL_TOP3_LEGACY_EXACT | HAND_TABLE_SAMPLED_NOT_CONTINUOUS | ARM_LINK_AND_JOINT_INTERPOLATED_PATH_NOT_FAST_CHECKED,TASK_REJECT,0.08186592512603538,0.17085949335364725,,,,,0.7033333854819303,PRESCRIBED_TASK_SCALE_INFEASIBLE_UNDER_OPERATION_CAP,0,OFFLINE_RESEARCH_NOT_FORMAL
raw_seed_164,164,33233,0.00194238112 -0.0176099903 -0.0289193447,CLOSURE_SURVIVE,33196 33167 19645,0.0175557921 0.00245123343 -0.0286991276 | 0.000647867386 0.0177001044 -0.0294331121 | -0.0200691272 -0.0125441116 -0.0187746656,FAST_SURVIVE,,True,SELECTED_AFTER_SWEEP_DIVERSITY,True,0.0029145481197740963,f3Link3,FINGER_3_CLOSURE_0143,0.7 0.682441625 0.616117375 0.465267107,803,0.0014969014756945898,0.0054579593101973245,,,,UNRESOLVED_UNTIL_PUBLIC_LEGACY_FORWARDER | UNRESOLVED_UNTIL_TOP3_LEGACY_EXACT | HAND_TABLE_SAMPLED_NOT_CONTINUOUS | ARM_LINK_AND_JOINT_INTERPOLATED_PATH_NOT_FAST_CHECKED,TASK_REJECT,0.08233212531669659,0.14937672928957824,,,,,0.7360608107378355,PRESCRIBED_TASK_SCALE_INFEASIBLE_UNDER_OPERATION_CAP,0,OFFLINE_RESEARCH_NOT_FORMAL
raw_seed_340,340,32992,0.00307971487 -0.0181435483 -0.0225665307,CLOSURE_REJECT,21356,0.0211567587 -0.00371135768 -0.0210312004,FAST_REJECT,FORBIDDEN_FIRST_CONTACT_FACE_19705,False,REJECTED_BEFORE_DIVERSITY,False,,,,,0,0.0,,,,,,NOT_EVALUATED,,,,,,,,,,OFFLINE_RESEARCH_NOT_FORMAL
raw_seed_347,347,33230,0.00459337645 -0.0171184197 -0.0296188028,CLOSURE_REJECT,33195 33309,0.0169716145 0.00507952925 -0.0293985857 | -0.00202753857 0.0175922588 -0.0300385258,FAST_REJECT,FORBIDDEN_FIRST_CONTACT_FACE_28448,False,REJECTED_BEFORE_DIVERSITY,False,,,,,0,0.0,,,,,,NOT_EVALUATED,,,,,,,,,,OFFLINE_RESEARCH_NOT_FORMAL
raw_seed_294,294,17943,0.00926247583 -0.0176642957 -0.0117721215,CLOSURE_REJECT,,,FAST_REJECT,FORBIDDEN_FIRST_CONTACT_FACE_21298,False,REJECTED_BEFORE_DIVERSITY,False,,,,,0,0.0,,,,,,NOT_EVALUATED,,,,,,,,,,OFFLINE_RESEARCH_NOT_FORMAL
raw_seed_235,235,31178,0.0107733195 -0.0143012427 -0.0266710432,CLOSURE_REJECT,,,FAST_REJECT,FORBIDDEN_FIRST_CONTACT_FACE_21476,False,REJECTED_BEFORE_DIVERSITY,False,,,,,0,0.0,,,,,,NOT_EVALUATED,,,,,,,,,,OFFLINE_RESEARCH_NOT_FORMAL
raw_seed_091,91,33221,0.0114513534 -0.0135215146 -0.0290383568,CLOSURE_SURVIVE,31468 33152 19625,0.0159593582 0.00809888728 -0.0243362636 | -0.00933670947 0.0150589332 -0.0295521242 | -0.00963949147 -0.0216006424 -0.0188936778,FAST_SURVIVE,,True,SELECTED_AFTER_SWEEP_DIVERSITY,True,0.003033560268644875,f3Link3,FINGER_3_CLOSURE_0143,0.7 0.682441625 0.616117375 0.465267107,803,0.0014969014756945898,0.005576971459068103,,,,UNRESOLVED_UNTIL_PUBLIC_LEGACY_FORWARDER | UNRESOLVED_UNTIL_TOP3_LEGACY_EXACT | HAND_TABLE_SAMPLED_NOT_CONTINUOUS | ARM_LINK_AND_JOINT_INTERPOLATED_PATH_NOT_FAST_CHECKED,TASK_REJECT,0.0,0.057318788703276655,,,,,0.7013111174902096,NOMINAL_LOAD_INFEASIBLE_ZERO_IS_RANKING_LOWER_BOUND_NOT_FEASIBILITY,1,OFFLINE_RESEARCH_NOT_FORMAL
raw_seed_155,155,33254,0.0128754131 -0.0121409521 -0.0301798418,CLOSURE_REJECT,,,FAST_REJECT,FORBIDDEN_FIRST_CONTACT_FACE_29670,False,REJECTED_BEFORE_DIVERSITY,False,,,,,0,0.0,,,,,,NOT_EVALUATED,,,,,,,,,,OFFLINE_RESEARCH_NOT_FORMAL
raw_seed_288,288,20951,0.0203508064 -0.0120541802 -0.0199284766,CLOSURE_REJECT,,,FAST_REJECT,FORBIDDEN_FIRST_CONTACT_FACE_21307,False,REJECTED_BEFORE_DIVERSITY,False,,,,,0,0.0,,,,,,NOT_EVALUATED,,,,,,,,,,OFFLINE_RESEARCH_NOT_FORMAL
raw_seed_292,292,33209,0.0160939046 -0.00740115545 -0.0284710003,CLOSURE_REJECT,,,FAST_REJECT,FORBIDDEN_FIRST_CONTACT_FACE_21196,False,REJECTED_BEFORE_DIVERSITY,False,,,,,0,0.0,,,,,,NOT_EVALUATED,,,,,,,,,,OFFLINE_RESEARCH_NOT_FORMAL
raw_seed_356,356,33265,0.0169749817 -0.00497714736 -0.0301580932,CLOSURE_REJECT,,,FAST_REJECT,FORBIDDEN_FIRST_CONTACT_FACE_29679,False,REJECTED_BEFORE_DIVERSITY,False,,,,,0,0.0,,,,,,NOT_EVALUATED,,,,,,,,,,OFFLINE_RESEARCH_NOT_FORMAL
raw_seed_219,219,33205,0.0175594525 -0.00243106303 -0.028144402,CLOSURE_REJECT,,,FAST_REJECT,FORBIDDEN_FIRST_CONTACT_FACE_20896,False,REJECTED_BEFORE_DIVERSITY,False,,,,,0,0.0,,,,,,NOT_EVALUATED,,,,,,,,,,OFFLINE_RESEARCH_NOT_FORMAL
raw_seed_011,11,28496,0.0183603907 -0.0017853103 -0.0226265743,CLOSURE_REJECT,20910,0.00668964229 0.0226916528 -0.0170637016,FAST_REJECT,FORBIDDEN_FIRST_CONTACT_FACE_19689,False,REJECTED_BEFORE_DIVERSITY,False,,,,,0,0.0,,,,,,NOT_EVALUATED,,,,,,,,,,OFFLINE_RESEARCH_NOT_FORMAL
raw_seed_231,231,21040,0.0199582778 -0.00966954717 -0.00175106612,CLOSURE_REJECT,19715,0.0138321064 0.0174982007 -0.00590249047,FAST_REJECT,FORBIDDEN_FIRST_CONTACT_FACE_19599,False,REJECTED_BEFORE_DIVERSITY,False,,,,,0,0.0,,,,,,NOT_EVALUATED,,,,,,,,,,OFFLINE_RESEARCH_NOT_FORMAL
raw_seed_325,325,19628,-0.0137115857 -0.0192722356 -0.00834600676,CLOSURE_REJECT,21279 20916,0.0150013333 -0.0166091676 -0.0124146028 | 0.0140532128 0.0190345611 -0.0129764244,FAST_REJECT,FORBIDDEN_FIRST_CONTACT_FACE_17854,False,REJECTED_BEFORE_DIVERSITY,False,,,,,0,0.0,,,,,,NOT_EVALUATED,,,,,,,,,,OFFLINE_RESEARCH_NOT_FORMAL
raw_seed_290,290,18434,-0.00737380988 0.0209226414 -0.00353449451,CLOSURE_REJECT,18130 20970,-0.0210480843 6.11128609e-05 -0.00172637312 | 0.0105273019 -0.021187303 -0.00886045857,FAST_REJECT,FORBIDDEN_FIRST_CONTACT_FACE_17957,False,REJECTED_BEFORE_DIVERSITY,False,,,,,0,0.0,,,,,,NOT_EVALUATED,,,,,,,,,,OFFLINE_RESEARCH_NOT_FORMAL
raw_seed_192,192,20925,0.0219781548 0.00876482886 -0.018660774,CLOSURE_REJECT,19699 19651,-0.0044372629 0.0232324119 -0.0130949143 | -0.0227939372 -0.00631066103 -0.016279471,FAST_REJECT,FORBIDDEN_FIRST_CONTACT_FACE_21375,False,REJECTED_BEFORE_DIVERSITY,False,,,,,0,0.0,,,,,,NOT_EVALUATED,,,,,,,,,,OFFLINE_RESEARCH_NOT_FORMAL
raw_seed_327,327,20971,0.00857932495 -0.0220457998 -0.0167695098,CLOSURE_REJECT,20928 19700,0.0232670693 0.00424412536 -0.0112036502 | -0.0061198625 0.0228454323 -0.0143882069,FAST_REJECT,FORBIDDEN_FIRST_CONTACT_FACE_19661,False,REJECTED_BEFORE_DIVERSITY,False,,,,,0,0.0,,,,,,NOT_EVALUATED,,,,,,,,,,OFFLINE_RESEARCH_NOT_FORMAL
raw_seed_335,335,20912,0.0106941299 0.0211096325 -0.00922066932,CLOSURE_SURVIVE,21219 19627 21032,-0.0173668903 0.0142436103 -0.0132892654 | -0.0110584336 -0.0209232971 -0.013851087 | 0.022156319 -0.00122850004 -0.00184309522,FAST_REJECT,HAND_TABLE_PENETRATION,False,REJECTED_BEFORE_DIVERSITY,False,-0.016784127239984348,f3Link3,FINGER_3_CLOSURE_0143,0.7 0.6492795 0.58295525 0.465267107,759,0.0014960357142858038,-0.01424071604956112,-0.01424071604956112,f2Link2,PREGRASP,,NOT_EVALUATED,,,,,,,,,,OFFLINE_RESEARCH_NOT_FORMAL
raw_seed_202,202,19653,-0.0233695105 -0.00367324469 -0.0194795944,CLOSURE_REJECT,,,FAST_REJECT,FORBIDDEN_FIRST_CONTACT_FACE_21570,False,REJECTED_BEFORE_DIVERSITY,False,,,,,0,0.0,,,,,,NOT_EVALUATED,,,,,,,,,,OFFLINE_RESEARCH_NOT_FORMAL
raw_seed_321,321,9675,-0.0163337838 0.00505386086 -0.000376290574,CLOSURE_SURVIVE,18385 21037 18442,-0.0109858612 -0.0192726297 -0.00444488662 | 0.0208494234 -0.0075625473 -0.00189419561 | -0.00258601042 0.0220294905 -0.00372081269,FAST_REJECT,HAND_TABLE_PENETRATION,False,REJECTED_BEFORE_DIVERSITY,False,-0.02562850598739333,f3Link3,FINGER_3_CLOSURE_0143,0.7 0.6492795 0.58295525 0.465267107,759,0.0014960357142858038,-0.023085094796970074,-0.023085094796970074,f2Link2,PREGRASP,,NOT_EVALUATED,,,,,,,,,,OFFLINE_RESEARCH_NOT_FORMAL
raw_seed_381,381,18388,-0.0132657946 -0.0177866451 -0.00462606576,CLOSURE_REJECT,21281 20916,0.0146463674 -0.0169641334 -0.0086946618 | 0.0143428955 0.018833025 -0.00925648339,FAST_REJECT,FORBIDDEN_FIRST_CONTACT_FACE_18039,False,REJECTED_BEFORE_DIVERSITY,False,,,,,0,0.0,,,,,,NOT_EVALUATED,,,,,,,,,,OFFLINE_RESEARCH_NOT_FORMAL
raw_seed_199,199,20974,0.00645796599 -0.0227541806 -0.00917128947,CLOSURE_SURVIVE,21294 19700 18393,0.0223519993 0.00131623985 -0.0132398855 | -0.00605886698 0.0228618945 -0.0138017071 | -0.0171099266 -0.0141232746 -0.00179371536,FAST_REJECT,HAND_TABLE_PENETRATION,False,REJECTED_BEFORE_DIVERSITY,False,-0.01683350709508713,f3Link3,FINGER_3_CLOSURE_0143,0.7 0.6492795 0.58295525 0.465267107,759,0.0014960357142858038,-0.014290095904663902,-0.014290095904663902,f2Link2,PREGRASP,,NOT_EVALUATED,,,,,,,,,,OFFLINE_RESEARCH_NOT_FORMAL
raw_seed_277,277,19694,-0.00929051183 0.0217631174 -0.00948751323,CLOSURE_REJECT,,,FAST_REJECT,FORBIDDEN_FIRST_CONTACT_FACE_17846,False,REJECTED_BEFORE_DIVERSITY,False,,,,,0,0.0,,,,,,NOT_EVALUATED,,,,,,,,,,OFFLINE_RESEARCH_NOT_FORMAL
raw_seed_210,210,18176,0.0113471426 0.0177299936 -0.00273416289,CLOSURE_REJECT,,,FAST_REJECT,FORBIDDEN_FIRST_CONTACT_FACE_21225,False,REJECTED_BEFORE_DIVERSITY,False,,,,,0,0.0,,,,,,NOT_EVALUATED,,,,,,,,,,OFFLINE_RESEARCH_NOT_FORMAL
raw_seed_082,82,18190,0.0198349639 0.00705201323 -0.00182208181,CLOSURE_REJECT,19551,-0.00274940319 0.0220796222 -0.0059747594,FAST_REJECT,FORBIDDEN_FIRST_CONTACT_FACE_19587,False,REJECTED_BEFORE_DIVERSITY,False,,,,,0,0.0,,,,,,NOT_EVALUATED,,,,,,,,,,OFFLINE_RESEARCH_NOT_FORMAL
raw_seed_157,157,18412,-0.0212607489 0.00632496355 -0.00222907191,CLOSURE_REJECT,,,FAST_REJECT,FORBIDDEN_FIRST_CONTACT_FACE_21255,False,REJECTED_BEFORE_DIVERSITY,False,,,,,0,0.0,,,,,,NOT_EVALUATED,,,,,,,,,,OFFLINE_RESEARCH_NOT_FORMAL
raw_seed_008,8,21045,0.0181316094 -0.0127741665 -0.00353270246,CLOSURE_REJECT,18184 19674,0.0171903441 0.0121486614 -0.00172458107 | -0.0208621175 0.0111648448 -0.00885866651,FAST_REJECT,FORBIDDEN_FIRST_CONTACT_FACE_18066,False,REJECTED_BEFORE_DIVERSITY,False,,,,,0,0.0,,,,,,NOT_EVALUATED,,,,,,,,,,OFFLINE_RESEARCH_NOT_FORMAL
raw_seed_332,332,21296,0.0223519993 -0.00312179688 -0.0194488599,CLOSURE_SURVIVE,20909 19670 20971,0.00765579265 0.0223825706 -0.0138830003 | -0.0229292726 0.00580921957 -0.017067557 | 0.00744658989 -0.0224588574 -0.00925998447,FAST_REJECT,HAND_TABLE_PENETRATION,False,REJECTED_BEFORE_DIVERSITY,False,-0.006555936653969807,f3Link3,FINGER_3_CLOSURE_0143,0.7 0.6492795 0.58295525 0.465267107,759,0.0014960357142858038,-0.004012525463546579,-0.004012525463546579,f2Link2,PREGRASP,,NOT_EVALUATED,,,,,,,,,,OFFLINE_RESEARCH_NOT_FORMAL
raw_seed_083,83,21321,0.00243706998 0.0213454961 -0.0211823111,CLOSURE_REJECT,19668 19622,-0.0225841848 0.00708783032 -0.0156164515 | -0.00523573535 -0.0230840518 -0.0188010082,FAST_REJECT,FORBIDDEN_FIRST_CONTACT_FACE_21482,False,REJECTED_BEFORE_DIVERSITY,False,,,,,0,0.0,,,,,,NOT_EVALUATED,,,,,,,,,,OFFLINE_RESEARCH_NOT_FORMAL
raw_seed_067,67,21235,-0.0223519993 0.00247087824 -0.0170137199,CLOSURE_REJECT,,,FAST_REJECT,FORBIDDEN_FIRST_CONTACT_FACE_21175,False,REJECTED_BEFORE_DIVERSITY,False,,,,,0,0.0,,,,,,NOT_EVALUATED,,,,,,,,,,OFFLINE_RESEARCH_NOT_FORMAL
raw_seed_040,40,21219,-0.017602978 0.0140075225 -0.0146605335,CLOSURE_REJECT,21248 20947,-0.0161316242 -0.0154788765 -0.015034221 | 0.0221665529 -0.00824818154 -0.0161784074,FAST_REJECT,FORBIDDEN_FIRST_CONTACT_FACE_20901,False,REJECTED_BEFORE_DIVERSITY,False,,,,,0,0.0,,,,,,NOT_EVALUATED,,,,,,,,,,OFFLINE_RESEARCH_NOT_FORMAL
raw_seed_146,146,18200,0.0210480843 0.000194314022 -0.00334419978,CLOSURE_REJECT,,,FAST_REJECT,FORBIDDEN_FIRST_CONTACT_FACE_18255,False,REJECTED_BEFORE_DIVERSITY,False,,,,,0,0.0,,,,,,NOT_EVALUATED,,,,,,,,,,OFFLINE_RESEARCH_NOT_FORMAL
raw_seed_038,38,18094,-0.000817802265 -0.0210325726 -0.00333064821,CLOSURE_REJECT,,,FAST_REJECT,FORBIDDEN_FIRST_CONTACT_FACE_18284,False,REJECTED_BEFORE_DIVERSITY,False,,,,,0,0.0,,,,,,NOT_EVALUATED,,,,,,,,,,OFFLINE_RESEARCH_NOT_FORMAL
raw_seed_306,306,18119,-0.0193192358 -0.00839407899 -0.00294475993,CLOSURE_REJECT,21059,0.00603984397 -0.0213560723 -0.00331844735,FAST_REJECT,FORBIDDEN_FIRST_CONTACT_FACE_20859,False,REJECTED_BEFORE_DIVERSITY,False,,,,,0,0.0,,,,,,NOT_EVALUATED,,,,,,,,,,OFFLINE_RESEARCH_NOT_FORMAL
raw_seed_158,158,11059,0.00999465197 -0.0145935012 -0.00777589909,CLOSURE_REJECT,18190 19690,0.0200269702 0.00654041502 -0.00264049771 | -0.0130230719 0.0197512439 -0.0124063167,FAST_REJECT,FORBIDDEN_FIRST_CONTACT_FACE_17827,False,REJECTED_BEFORE_DIVERSITY,False,,,,,0,0.0,,,,,,NOT_EVALUATED,,,,,,,,,,OFFLINE_RESEARCH_NOT_FORMAL
raw_seed_005,5,19621,-0.00737133697 -0.0224862988 -0.0169226672,CLOSURE_REJECT,,,FAST_REJECT,FORBIDDEN_FIRST_CONTACT_FACE_21121,False,REJECTED_BEFORE_DIVERSITY,False,,,,,0,0.0,,,,,,NOT_EVALUATED,,,,,,,,,,OFFLINE_RESEARCH_NOT_FORMAL
raw_seed_383,383,20942,0.0234387844 -0.00328719789 -0.0174333051,CLOSURE_REJECT,20909 19670,0.0076683788 0.022377981 -0.0118674455 | -0.0229257566 0.0058222469 -0.0150520022,FAST_REJECT,FORBIDDEN_FIRST_CONTACT_FACE_21151,False,REJECTED_BEFORE_DIVERSITY,False,,,,,0,0.0,,,,,,NOT_EVALUATED,,,,,,,,,,OFFLINE_RESEARCH_NOT_FORMAL
raw_seed_246,246,15062,0.0137151852 -0.0107153922 -0.0146038198,CLOSURE_REJECT,21309 19671,0.0173177292 0.0142927713 -0.0186724158 | -0.0222393337 0.00804859351 -0.0161216936,FAST_REJECT,FORBIDDEN_FIRST_CONTACT_FACE_19637,False,REJECTED_BEFORE_DIVERSITY,False,,,,,0,0.0,,,,,,NOT_EVALUATED,,,,,,,,,,OFFLINE_RESEARCH_NOT_FORMAL
raw_seed_170,170,19676,-0.0194591501 0.0134429198 -0.0102506227,CLOSURE_SURVIVE,21248 20952 21001,-0.0163901066 -0.0152203942 -0.0143192188 | 0.019222405 -0.013783211 -0.0148810404 | 0.00421291249 0.0217860065 -0.00287304863,FAST_REJECT,HAND_TABLE_PENETRATION,False,REJECTED_BEFORE_DIVERSITY,False,-0.015754173826486806,f3Link3,FINGER_3_CLOSURE_0143,0.7 0.6492795 0.58295525 0.465267107,759,0.0014960357142858038,-0.013210762636063578,-0.013210762636063578,f2Link2,PREGRASP,,NOT_EVALUATED,,,,,,,,,,OFFLINE_RESEARCH_NOT_FORMAL
raw_seed_329,329,14124,-0.00301373472 -0.0173397951 -0.0137297643,CLOSURE_REJECT,,,FAST_REJECT,FORBIDDEN_FIRST_CONTACT_FACE_20873,False,REJECTED_BEFORE_DIVERSITY,False,,,,,0,0.0,,,,,,NOT_EVALUATED,,,,,,,,,,OFFLINE_RESEARCH_NOT_FORMAL
raw_seed_211,211,28466,0.00674855112 0.0171673596 -0.0224852677,CLOSURE_REJECT,19677,-0.0199867699 0.012684533 -0.0169194081,FAST_REJECT,FORBIDDEN_FIRST_CONTACT_FACE_19633,False,REJECTED_BEFORE_DIVERSITY,False,,,,,0,0.0,,,,,,NOT_EVALUATED,,,,,,,,,,OFFLINE_RESEARCH_NOT_FORMAL
raw_seed_270,270,12852,0.00237507013 0.017644273 -0.00804818615,CLOSURE_REJECT,18139 19618,-0.0192346394 0.0085697453 -0.00291278477 | -0.00356200795 -0.0233894713 -0.0126786038,FAST_REJECT,FORBIDDEN_FIRST_CONTACT_FACE_17912,False,REJECTED_BEFORE_DIVERSITY,False,,,,,0,0.0,,,,,,NOT_EVALUATED,,,,,,,,,,OFFLINE_RESEARCH_NOT_FORMAL
raw_seed_094,94,12470,-0.0175355019 -0.00336112402 -0.00819213327,CLOSURE_REJECT,21264,-0.000636201617 -0.0223519993 -0.0122607293,FAST_REJECT,FORBIDDEN_FIRST_CONTACT_FACE_21301,False,REJECTED_BEFORE_DIVERSITY,False,,,,,0,0.0,,,,,,NOT_EVALUATED,,,,,,,,,,OFFLINE_RESEARCH_NOT_FORMAL
raw_seed_349,349,18453,-0.0121911523 0.0190730302 -0.00622436244,CLOSURE_REJECT,,,FAST_REJECT,FORBIDDEN_FIRST_CONTACT_FACE_19586,False,REJECTED_BEFORE_DIVERSITY,False,,,,,0,0.0,,,,,,NOT_EVALUATED,,,,,,,,,,OFFLINE_RESEARCH_NOT_FORMAL
raw_seed_144,144,20917,0.0127166996 0.0199643912 -0.0186449695,CLOSURE_REJECT,,,FAST_REJECT,FORBIDDEN_FIRST_CONTACT_FACE_21225,False,REJECTED_BEFORE_DIVERSITY,False,,,,,0,0.0,,,,,,NOT_EVALUATED,,,,,,,,,,OFFLINE_RESEARCH_NOT_FORMAL
raw_seed_263,263,20997,0.00190197604 0.0221141826 -0.00185967468,CLOSURE_SURVIVE,19078 18376 21023,-0.0212554958 0.0066634877 -0.00601487773 | -0.00296240907 -0.0219785039 -0.00337757972 | 0.0209800366 0.00721452934 -0.0052041968,FAST_REJECT,HAND_TABLE_PENETRATION,False,REJECTED_BEFORE_DIVERSITY,False,-0.02414512188075224,f3Link3,FINGER_3_CLOSURE_0143,0.7 0.6492795 0.58295525 0.465267107,759,0.0014960357142858038,-0.021601710690329012,-0.021601710690329012,f2Link2,PREGRASP,,NOT_EVALUATED,,,,,,,,,,OFFLINE_RESEARCH_NOT_FORMAL
raw_seed_265,265,15037,0.0151416609 0.00857054678 -0.0138879172,CLOSURE_REJECT,,,FAST_REJECT,FORBIDDEN_FIRST_CONTACT_FACE_21317,False,REJECTED_BEFORE_DIVERSITY,False,,,,,0,0.0,,,,,,NOT_EVALUATED,,,,,,,,,,OFFLINE_RESEARCH_NOT_FORMAL
raw_seed_357,357,19645,-0.0202681823 -0.0121978902 -0.0122464476,CLOSURE_REJECT,,,FAST_REJECT,FORBIDDEN_FIRST_CONTACT_FACE_20883,False,REJECTED_BEFORE_DIVERSITY,False,,,,,0,0.0,,,,,,NOT_EVALUATED,,,,,,,,,,OFFLINE_RESEARCH_NOT_FORMAL
raw_seed_333,333,18098,-0.00458784894 -0.0205422283 -0.00211471854,CLOSURE_REJECT,20391,0.0203720896 -0.00952848283 -0.00611858692,FAST_REJECT,FORBIDDEN_FIRST_CONTACT_FACE_20843,False,REJECTED_BEFORE_DIVERSITY,False,,,,,0,0.0,,,,,,NOT_EVALUATED,,,,,,,,,,OFFLINE_RESEARCH_NOT_FORMAL
raw_seed_373,373,19670,-0.0227768315 0.0063740403 -0.0151479721,CLOSURE_REJECT,19623 20947,-0.0105688929 -0.0211679393 -0.00958094533 | 0.021955297 -0.00882751224 -0.0127666692,FAST_REJECT,FORBIDDEN_FIRST_CONTACT_FACE_17714,False,REJECTED_BEFORE_DIVERSITY,False,,,,,0,0.0,,,,,,NOT_EVALUATED,,,,,,,,,,OFFLINE_RESEARCH_NOT_FORMAL
raw_seed_247,247,21050,0.0133045298 -0.0177557548 -0.00255133594,CLOSURE_REJECT,21018,0.0193756099 0.0108096801 -0.00292502336,FAST_REJECT,FORBIDDEN_FIRST_CONTACT_FACE_19607,False,REJECTED_BEFORE_DIVERSITY,False,,,,,0,0.0,,,,,,NOT_EVALUATED,,,,,,,,,,OFFLINE_RESEARCH_NOT_FORMAL
raw_seed_344,344,21022,0.0197373839 0.0101282377 -0.00552250887,CLOSURE_REJECT,18160 19646,-0.00277809262 0.0208639964 -0.00371438748 | -0.021231011 -0.0104334214 -0.0101529265,FAST_REJECT,FORBIDDEN_FIRST_CONTACT_FACE_18308,False,REJECTED_BEFORE_DIVERSITY,False,,,,,0,0.0,,,,,,NOT_EVALUATED,,,,,,,,,,OFFLINE_RESEARCH_NOT_FORMAL
raw_seed_375,375,21058,0.00926267652 -0.0201590244 -0.00252699907,CLOSURE_REJECT,21026,0.0212129934 0.00649800166 -0.00290068649,FAST_REJECT,FORBIDDEN_FIRST_CONTACT_FACE_19611,False,REJECTED_BEFORE_DIVERSITY,False,,,,,0,0.0,,,,,,NOT_EVALUATED,,,,,,,,,,OFFLINE_RESEARCH_NOT_FORMAL
raw_seed_015,15,20391,0.0206577843 -0.0088118258 -0.00606515622,CLOSURE_REJECT,,,FAST_REJECT,FORBIDDEN_FIRST_CONTACT_FACE_19935,False,REJECTED_BEFORE_DIVERSITY,False,,,,,0,0.0,,,,,,NOT_EVALUATED,,,,,,,,,,OFFLINE_RESEARCH_NOT_FORMAL
raw_seed_188,188,21248,-0.0149607643 -0.016649736 -0.0205082221,CLOSURE_REJECT,,,FAST_REJECT,FORBIDDEN_FIRST_CONTACT_FACE_21278,False,REJECTED_BEFORE_DIVERSITY,False,,,,,0,0.0,,,,,,NOT_EVALUATED,,,,,,,,,,OFFLINE_RESEARCH_NOT_FORMAL
raw_seed_166,166,17934,0.0147468556 -0.0134341705 -0.0149917642,CLOSURE_REJECT,21309 19673,0.0171893968 0.0144211038 -0.0153654516 | -0.0215700486 0.00970520361 -0.016509638,FAST_REJECT,FORBIDDEN_FIRST_CONTACT_FACE_17799,False,REJECTED_BEFORE_DIVERSITY,False,,,,,0,0.0,,,,,,NOT_EVALUATED,,,,,,,,,,OFFLINE_RESEARCH_NOT_FORMAL
raw_seed_225,225,12245,-0.000515399004 -0.0178044338 -0.0124997928,CLOSURE_REJECT,,,FAST_REJECT,FORBIDDEN_FIRST_CONTACT_FACE_20865,False,REJECTED_BEFORE_DIVERSITY,False,,,,,0,0.0,,,,,,NOT_EVALUATED,,,,,,,,,,OFFLINE_RESEARCH_NOT_FORMAL
raw_seed_378,378,18972,-0.0220331727 -0.00318321363 -0.00598875984,CLOSURE_SURVIVE,21266 20928 18151,-0.00166328968 -0.0223519993 -0.0100573559 | 0.0234589176 0.00317499995 -0.0106191775 | -0.0108422932 0.0180632421 -0.00242760659,FAST_REJECT,HAND_TABLE_PENETRATION,False,REJECTED_BEFORE_DIVERSITY,False,-0.020016036718485064,f3Link3,FINGER_3_CLOSURE_0143,0.7 0.6492795 0.58295525 0.465267107,759,0.0014960357142858038,-0.017472625528061836,-0.017472625528061836,f2Link2,PREGRASP,,NOT_EVALUATED,,,,,,,,,,OFFLINE_RESEARCH_NOT_FORMAL
raw_seed_151,151,21069,0.00261011857 0.0223519993 -0.0134962464,CLOSURE_REJECT,,,FAST_REJECT,FORBIDDEN_FIRST_CONTACT_FACE_19602,False,REJECTED_BEFORE_DIVERSITY,False,,,,,0,0.0,,,,,,NOT_EVALUATED,,,,,,,,,,OFFLINE_RESEARCH_NOT_FORMAL
raw_seed_033,33,12408,-0.012900536 -0.0123167353 -0.0124765358,CLOSURE_REJECT,,,FAST_REJECT,FORBIDDEN_FIRST_CONTACT_FACE_20877,False,REJECTED_BEFORE_DIVERSITY,False,,,,,0,0.0,,,,,,NOT_EVALUATED,,,,,,,,,,OFFLINE_RESEARCH_NOT_FORMAL
raw_seed_096,96,20967,0.0127833224 -0.0199180408 -0.016993562,CLOSURE_REJECT,,,FAST_REJECT,FORBIDDEN_FIRST_CONTACT_FACE_21086,False,REJECTED_BEFORE_DIVERSITY,False,,,,,0,0.0,,,,,,NOT_EVALUATED,,,,,,,,,,OFFLINE_RESEARCH_NOT_FORMAL
raw_seed_049,49,12747,-0.00946131824 0.0150005371 -0.0127011057,CLOSURE_REJECT,,,FAST_REJECT,FORBIDDEN_FIRST_CONTACT_FACE_19589,False,REJECTED_BEFORE_DIVERSITY,False,,,,,0,0.0,,,,,,NOT_EVALUATED,,,,,,,,,,OFFLINE_RESEARCH_NOT_FORMAL
raw_seed_142,142,12974,0.0118106432 0.0133049068 -0.00797745514,CLOSURE_REJECT,18151 19623,-0.0111805631 0.0178399519 -0.00284205376 | -0.00942722566 -0.0216994673 -0.00949532896,FAST_REJECT,FORBIDDEN_FIRST_CONTACT_FACE_17926,False,REJECTED_BEFORE_DIVERSITY,False,,,,,0,0.0,,,,,,NOT_EVALUATED,,,,,,,,,,OFFLINE_RESEARCH_NOT_FORMAL
raw_seed_051,51,21294,0.0223519993 -4.73559081e-05 -0.00869736376,CLOSURE_REJECT,21069 19647,0.00304366328 0.0223519993 -0.00907105118 | -0.0224092977 -0.00758249836 -0.0101674958,FAST_REJECT,FORBIDDEN_FIRST_CONTACT_FACE_17944,False,REJECTED_BEFORE_DIVERSITY,False,,,,,0,0.0,,,,,,NOT_EVALUATED,,,,,,,,,,OFFLINE_RESEARCH_NOT_FORMAL
raw_seed_129,129,9651,-0.0114132046 -0.0127317382 -0.00011055814,CLOSURE_REJECT,,,FAST_REJECT,FORBIDDEN_FIRST_CONTACT_FACE_20878,False,REJECTED_BEFORE_DIVERSITY,False,,,,,0,0.0,,,,,,NOT_EVALUATED,,,,,,,,,,OFFLINE_RESEARCH_NOT_FORMAL
raw_seed_001,1,9575,0.00850700164 0.0148291387 -0.000750357107,CLOSURE_REJECT,18425 18387,-0.0163984292 0.0149376488 -0.00481895315 | -0.0119431664 -0.0186895429 -0.00226826214,FAST_REJECT,FORBIDDEN_FIRST_CONTACT_FACE_20864,False,REJECTED_BEFORE_DIVERSITY,False,,,,,0,0.0,,,,,,NOT_EVALUATED,,,,,,,,,,OFFLINE_RESEARCH_NOT_FORMAL
raw_seed_148,148,31023,0.0160835424 0.00785219141 -0.0274250805,CLOSURE_REJECT,19701,-0.00442421317 0.0232347536 -0.01932804,FAST_REJECT,FORBIDDEN_FIRST_CONTACT_FACE_19663,False,REJECTED_BEFORE_DIVERSITY,False,,,,,0,0.0,,,,,,NOT_EVALUATED,,,,,,,,,,OFFLINE_RESEARCH_NOT_FORMAL
raw_seed_065,65,9692,-0.00759518146 0.01531981 -0.00105615672,CLOSURE_REJECT,,,FAST_REJECT,FORBIDDEN_FIRST_CONTACT_FACE_18355,False,REJECTED_BEFORE_DIVERSITY,False,,,,,0,0.0,,,,,,NOT_EVALUATED,,,,,,,,,,OFFLINE_RESEARCH_NOT_FORMAL
raw_seed_118,118,14602,-0.0110735157 0.0136593304 -0.01310819,CLOSURE_REJECT,,,FAST_REJECT,FORBIDDEN_FIRST_CONTACT_FACE_19659,False,REJECTED_BEFORE_DIVERSITY,False,,,,,0,0.0,,,,,,NOT_EVALUATED,,,,,,,,,,OFFLINE_RESEARCH_NOT_FORMAL
raw_seed_257,257,9600,0.0169729014 -0.0020649472 -0.000184805808,CLOSURE_SURVIVE,21002 18413 21059,0.00737907517 0.0209209306 -0.00425340185 | -0.0218626027 0.00372981566 -0.00170271084 | 0.00646713982 -0.0212172358 -0.00352932793,FAST_REJECT,HAND_TABLE_PENETRATION,False,REJECTED_BEFORE_DIVERSITY,False,-0.025819990753463334,f3Link3,FINGER_3_CLOSURE_0143,0.7 0.6492795 0.58295525 0.465267107,759,0.0014960357142858038,-0.02327657956304008,-0.02327657956304008,f2Link2,PREGRASP,,NOT_EVALUATED,,,,,,,,,,OFFLINE_RESEARCH_NOT_FORMAL
raw_seed_374,374,14515,-0.0159439883 0.00756616621 -0.012915149,CLOSURE_REJECT,,,FAST_REJECT,FORBIDDEN_FIRST_CONTACT_FACE_19581,False,REJECTED_BEFORE_DIVERSITY,False,,,,,0,0.0,,,,,,NOT_EVALUATED,,,,,,,,,,OFFLINE_RESEARCH_NOT_FORMAL
raw_seed_328,328,21066,-0.00278115789 0.0223519993 -0.0118999622,CLOSURE_SURVIVE,21235 20972 21019,-0.0223519993 0.00210299828 -0.0159685583 | 0.0100691771 -0.0214005929 -0.013417836 | 0.0190521911 0.0113509928 -0.00452238813,FAST_REJECT,HAND_TABLE_PENETRATION,False,REJECTED_BEFORE_DIVERSITY,False,-0.014104834326629012,f3Link3,FINGER_3_CLOSURE_0143,0.7 0.6492795 0.58295525 0.465267107,759,0.0014960357142858038,-0.011561423136205784,-0.011561423136205784,f2Link2,PREGRASP,,NOT_EVALUATED,,,,,,,,,,OFFLINE_RESEARCH_NOT_FORMAL
raw_seed_194,194,18405,-0.0220819857 -0.00205440954 -0.0015651328,CLOSURE_REJECT,,,FAST_REJECT,FORBIDDEN_FIRST_CONTACT_FACE_18066,False,REJECTED_BEFORE_DIVERSITY,False,,,,,0,0.0,,,,,,NOT_EVALUATED,,,,,,,,,,OFFLINE_RESEARCH_NOT_FORMAL
raw_seed_174,174,13217,0.0175772807 -0.0030638996 -0.0124169298,CLOSURE_REJECT,,,FAST_REJECT,FORBIDDEN_FIRST_CONTACT_FACE_20845,False,REJECTED_BEFORE_DIVERSITY,False,,,,,0,0.0,,,,,,NOT_EVALUATED,,,,,,,,,,OFFLINE_RESEARCH_NOT_FORMAL
raw_seed_334,334,12578,-0.0166325835 0.00641214244 -0.00811001296,CLOSURE_SURVIVE,18108 20947 17883,-0.0127945169 -0.0167182239 -0.00297461158 | 0.0219286129 -0.00890068855 -0.0127404306 | -2.55868244e-05 0.0199632502 -0.00829526097,FAST_REJECT,HAND_TABLE_PENETRATION,False,REJECTED_BEFORE_DIVERSITY,False,-0.017894783600210462,f3Link3,FINGER_3_CLOSURE_0143,0.7 0.6492795 0.58295525 0.465267107,759,0.0014960357142858038,-0.015351372409787234,-0.015351372409787234,f2Link2,PREGRASP,,NOT_EVALUATED,,,,,,,,,,OFFLINE_RESEARCH_NOT_FORMAL
raw_seed_291,291,21264,0.00260624931 -0.0223519993 -0.020974127,CLOSURE_REJECT,,,FAST_REJECT,FORBIDDEN_FIRST_CONTACT_FACE_21199,False,REJECTED_BEFORE_DIVERSITY,False,,,,,0,0.0,,,,,,NOT_EVALUATED,,,,,,,,,,OFFLINE_RESEARCH_NOT_FORMAL
raw_seed_255,255,20945,0.0225047096 -0.0073208487 -0.00846305381,CLOSURE_SURVIVE,18177 19669 17953,0.0118783243 0.0173793633 -0.00332765243 | -0.0223639142 0.00770695439 -0.0130934714 | 0.00102101026 -0.0199185462 -0.00863520296,FAST_REJECT,HAND_TABLE_PENETRATION,False,REJECTED_BEFORE_DIVERSITY,False,-0.017541742755319834,f3Link3,FINGER_3_CLOSURE_0143,0.7 0.6492795 0.58295525 0.465267107,759,0.0014960357142858038,-0.014998331564896605,-0.014998331564896605,f2Link2,PREGRASP,,NOT_EVALUATED,,,,,,,,,,OFFLINE_RESEARCH_NOT_FORMAL
raw_seed_004,4,33152,-0.00965664808 0.0148477437 -0.0283380447,CLOSURE_REJECT,,,FAST_REJECT,FORBIDDEN_FIRST_CONTACT_FACE_19654,False,REJECTED_BEFORE_DIVERSITY,False,,,,,0,0.0,,,,,,NOT_EVALUATED,,,,,,,,,,OFFLINE_RESEARCH_NOT_FORMAL
raw_seed_061,61,18409,-0.0221772461 0.000639802001 -0.00570470322,CLOSURE_REJECT,,,FAST_REJECT,FORBIDDEN_FIRST_CONTACT_FACE_18499,False,REJECTED_BEFORE_DIVERSITY,False,,,,,0,0.0,,,,,,NOT_EVALUATED,,,,,,,,,,OFFLINE_RESEARCH_NOT_FORMAL
raw_seed_069,69,19625,-0.0097543651 -0.0215471604 -0.0178504543,CLOSURE_REJECT,20952 20914,0.0193079712 -0.0136602204 -0.0122845947 | 0.0120490215 0.0203537723 -0.0154691514,FAST_REJECT,FORBIDDEN_FIRST_CONTACT_FACE_21210,False,REJECTED_BEFORE_DIVERSITY,False,,,,,0,0.0,,,,,,NOT_EVALUATED,,,,,,,,,,OFFLINE_RESEARCH_NOT_FORMAL
raw_seed_112,112,19701,-0.0037745375 0.0233513341 -0.0200125704,CLOSURE_REJECT,,,FAST_REJECT,FORBIDDEN_FIRST_CONTACT_FACE_21210,False,REJECTED_BEFORE_DIVERSITY,False,,,,,0,0.0,,,,,,NOT_EVALUATED,,,,,,,,,,OFFLINE_RESEARCH_NOT_FORMAL
raw_seed_326,326,17902,0.0146550879 0.0135392072 -0.0112945356,CLOSURE_REJECT,,,FAST_REJECT,FORBIDDEN_FIRST_CONTACT_FACE_17875,False,REJECTED_BEFORE_DIVERSITY,False,,,,,0,0.0,,,,,,NOT_EVALUATED,,,,,,,,,,OFFLINE_RESEARCH_NOT_FORMAL
raw_seed_205,205,18116,-0.0177718112 -0.0112924597 -0.00296369134,CLOSURE_REJECT,21058,0.00930120938 -0.0201425547 -0.00333737876,FAST_REJECT,FORBIDDEN_FIRST_CONTACT_FACE_20855,False,REJECTED_BEFORE_DIVERSITY,False,,,,,0,0.0,,,,,,NOT_EVALUATED,,,,,,,,,,OFFLINE_RESEARCH_NOT_FORMAL
raw_seed_302,302,13104,0.0165564019 0.00700424352 -0.0120223207,CLOSURE_REJECT,,,FAST_REJECT,FORBIDDEN_FIRST_CONTACT_FACE_19616,False,REJECTED_BEFORE_DIVERSITY,False,,,,,0,0.0,,,,,,NOT_EVALUATED,,,,,,,,,,OFFLINE_RESEARCH_NOT_FORMAL
raw_seed_079,79,20909,0.00789489696 0.02229538 -0.00896686452,CLOSURE_REJECT,,,FAST_REJECT,FORBIDDEN_FIRST_CONTACT_FACE_18031,False,REJECTED_BEFORE_DIVERSITY,False,,,,,0,0.0,,,,,,NOT_EVALUATED,,,,,,,,,,OFFLINE_RESEARCH_NOT_FORMAL
raw_seed_369,369,13019,0.0125381622 0.0124824246 -0.0128150826,CLOSURE_REJECT,,,FAST_REJECT,FORBIDDEN_FIRST_CONTACT_FACE_19607,False,REJECTED_BEFORE_DIVERSITY,False,,,,,0,0.0,,,,,,NOT_EVALUATED,,,,,,,,,,OFFLINE_RESEARCH_NOT_FORMAL
raw_seed_097,97,12234,-0.00352023421 -0.0174567341 -0.00804528016,CLOSURE_REJECT,18208 20907,0.0186430338 -0.00979822806 -0.00290987878 | 0.00508702252 0.0231158164 -0.0126756978,FAST_REJECT,FORBIDDEN_FIRST_CONTACT_FACE_21237,False,REJECTED_BEFORE_DIVERSITY,False,,,,,0,0.0,,,,,,NOT_EVALUATED,,,,,,,,,,OFFLINE_RESEARCH_NOT_FORMAL
raw_seed_216,216,21014,0.0165495281 0.0147647023 -0.00308009922,CLOSURE_REJECT,,,FAST_REJECT,FORBIDDEN_FIRST_CONTACT_FACE_18287,False,REJECTED_BEFORE_DIVERSITY,False,,,,,0,0.0,,,,,,NOT_EVALUATED,,,,,,,,,,OFFLINE_RESEARCH_NOT_FORMAL
raw_seed_044,44,28485,0.0172481872 0.00650881934 -0.0218640145,CLOSURE_SURVIVE,19701 19648 21279,-0.00400601236 0.0233097973 -0.0162981548 | -0.0215291492 -0.00979305148 -0.0189796781 | 0.0156321521 -0.0159783486 -0.0144864404,FAST_REJECT,HAND_TABLE_PENETRATION,False,REJECTED_BEFORE_DIVERSITY,False,-0.004140782095341411,f3Link3,FINGER_3_CLOSURE_0143,0.7 0.6492795 0.58295525 0.465267107,759,0.0014960357142858038,-0.0015973709049181828,-0.0015973709049181828,f2Link2,PREGRASP,,NOT_EVALUATED,,,,,,,,,,OFFLINE_RESEARCH_NOT_FORMAL
raw_seed_350,350,12569,-0.0179625787 0.0014536194 -0.0118199865,CLOSURE_SURVIVE,19625 20942 18434,-0.00996306208 -0.021449997 -0.0188721872 | 0.0232264255 -0.00447062394 -0.0094386836 | -0.0072459981 0.0209641699 -0.00444241242,FAST_REJECT,HAND_TABLE_PENETRATION,False,REJECTED_BEFORE_DIVERSITY,False,-0.014184810033399331,f3Link3,FINGER_3_CLOSURE_0143,0.7 0.6492795 0.58295525 0.465267107,759,0.0014960357142858038,-0.011641398842976103,-0.011641398842976103,f2Link2,PREGRASP,,NOT_EVALUATED,,,,,,,,,,OFFLINE_RESEARCH_NOT_FORMAL
raw_seed_238,238,13378,0.00977964382 -0.0149689921 -0.0123028964,CLOSURE_REJECT,,,FAST_REJECT,FORBIDDEN_FIRST_CONTACT_FACE_20858,False,REJECTED_BEFORE_DIVERSITY,False,,,,,0,0.0,,,,,,NOT_EVALUATED,,,,,,,,,,OFFLINE_RESEARCH_NOT_FORMAL
raw_seed_181,181,19668,-0.022664728 0.00678940341 -0.010403146,CLOSURE_REJECT,,,FAST_REJECT,FORBIDDEN_FIRST_CONTACT_FACE_21252,False,REJECTED_BEFORE_DIVERSITY,False,,,,,0,0.0,,,,,,NOT_EVALUATED,,,,,,,,,,OFFLINE_RESEARCH_NOT_FORMAL
raw_seed_126,126,9624,0.00601646168 -0.0160137143 -0.0019338881,CLOSURE_REJECT,,,FAST_REJECT,FORBIDDEN_FIRST_CONTACT_FACE_20232,False,REJECTED_BEFORE_DIVERSITY,False,,,,,0,0.0,,,,,,NOT_EVALUATED,,,,,,,,,,OFFLINE_RESEARCH_NOT_FORMAL
raw_seed_187,187,33105,-0.00682136996 -0.0163457586 -0.0281827297,CLOSURE_REJECT,,,FAST_REJECT,FORBIDDEN_FIRST_CONTACT_FACE_20955,False,REJECTED_BEFORE_DIVERSITY,False,,,,,0,0.0,,,,,,NOT_EVALUATED,,,,,,,,,,OFFLINE_RESEARCH_NOT_FORMAL
raw_seed_286,286,12289,-0.00849571216 -0.0157774082 -0.00837907143,CLOSURE_REJECT,21280 20915,0.0169716399 -0.0146388609 -0.0124476675 | 0.0115743249 0.0206266925 -0.0130094891,FAST_REJECT,FORBIDDEN_FIRST_CONTACT_FACE_17851,False,REJECTED_BEFORE_DIVERSITY,False,,,,,0,0.0,,,,,,NOT_EVALUATED,,,,,,,,,,OFFLINE_RESEARCH_NOT_FORMAL
raw_seed_029,29,18424,-0.0160780071 0.0153044014 -0.00259610837,CLOSURE_SURVIVE,18393 21049 19863,-0.0173191986 -0.0138837434 -0.00296979579 | 0.0153074714 -0.0160471878 -0.00411401341 | 0.00748856467 0.020911855 -0.00587757449,FAST_REJECT,HAND_TABLE_PENETRATION,False,REJECTED_BEFORE_DIVERSITY,False,-0.02340868818690689,f3Link3,FINGER_3_CLOSURE_0143,0.7 0.6492795 0.58295525 0.465267107,759,0.0014960357142858038,-0.02086527699648366,-0.02086527699648366,f2Link2,PREGRASP,,NOT_EVALUATED,,,,,,,,,,OFFLINE_RESEARCH_NOT_FORMAL
raw_seed_145,145,13260,0.0144534214 -0.0105366329 -0.00828483814,CLOSURE_SURVIVE,21311 19676 19619,0.0167918559 0.0148186449 -0.0123534342 | -0.0188778612 0.0142784491 -0.0129152558 | -0.00401372767 -0.0233084128 -0.0159710699,FAST_REJECT,HAND_TABLE_PENETRATION,False,REJECTED_BEFORE_DIVERSITY,False,-0.01771995842260332,f3Link3,FINGER_3_CLOSURE_0143,0.7 0.6492795 0.58295525 0.465267107,759,0.0014960357142858038,-0.015176547232180093,-0.015176547232180093,f2Link2,PREGRASP,,NOT_EVALUATED,,,,,,,,,,OFFLINE_RESEARCH_NOT_FORMAL
raw_seed_351,351,20947,0.0222327727 -0.00806658605 -0.0157352464,CLOSURE_SURVIVE,20914 19672 19622,0.0121339296 0.0203049556 -0.0101693868 | -0.0212239607 0.0104485648 -0.0133539435 | -0.00591094502 -0.0229018176 -0.018688138,FAST_REJECT,HAND_TABLE_PENETRATION,False,REJECTED_BEFORE_DIVERSITY,False,-0.0102695501247283,f3Link3,FINGER_3_CLOSURE_0143,0.7 0.6492795 0.58295525 0.465267107,759,0.0014960357142858038,-0.007726138934305071,-0.007726138934305071,f2Link2,PREGRASP,,NOT_EVALUATED,,,,,,,,,,OFFLINE_RESEARCH_NOT_FORMAL
raw_seed_191,191,20929,0.0231087687 0.00512629757 -0.00962066383,CLOSURE_REJECT,,,FAST_REJECT,FORBIDDEN_FIRST_CONTACT_FACE_20995,False,REJECTED_BEFORE_DIVERSITY,False,,,,,0,0.0,,,,,,NOT_EVALUATED,,,,,,,,,,OFFLINE_RESEARCH_NOT_FORMAL
raw_seed_182,182,14278,-0.0135684611 -0.0111782617 -0.0131594499,CLOSURE_REJECT,,,FAST_REJECT,FORBIDDEN_FIRST_CONTACT_FACE_20983,False,REJECTED_BEFORE_DIVERSITY,False,,,,,0,0.0,,,,,,NOT_EVALUATED,,,,,,,,,,OFFLINE_RESEARCH_NOT_FORMAL
raw_seed_289,289,12414,-0.0160739347 -0.00762287418 -0.00800868036,CLOSURE_SURVIVE,18230 20922 17864,0.00330312904 -0.0207928751 -0.00287327898 | 0.0215449309 0.00975915404 -0.012639098 | -0.0144861078 0.0137326206 -0.00819392837,FAST_REJECT,HAND_TABLE_PENETRATION,False,REJECTED_BEFORE_DIVERSITY,False,-0.017996116200606815,f3Link3,FINGER_3_CLOSURE_0143,0.7 0.6492795 0.58295525 0.465267107,759,0.0014960357142858038,-0.015452705010183587,-0.015452705010183587,f2Link2,PREGRASP,,NOT_EVALUATED,,,,,,,,,,OFFLINE_RESEARCH_NOT_FORMAL
raw_seed_227,227,21266,-0.00131215013 -0.0223519993 -0.0103269521,CLOSURE_SURVIVE,20949 19697 18398,0.021667199 -0.00949653475 -0.0173791528 | -0.00601814268 0.0228728857 -0.011844826 | -0.0207954716 -0.00770630176 -0.00294937804,FAST_REJECT,HAND_TABLE_PENETRATION,False,REJECTED_BEFORE_DIVERSITY,False,-0.015677844422366416,f3Link3,FINGER_3_CLOSURE_0143,0.7 0.6492795 0.58295525 0.465267107,759,0.0014960357142858038,-0.013134433231943188,-0.013134433231943188,f2Link2,PREGRASP,,NOT_EVALUATED,,,,,,,,,,OFFLINE_RESEARCH_NOT_FORMAL
raw_seed_063,63,20924,0.0225534929 0.00718706953 -0.0145744794,CLOSURE_REJECT,21067 19653,-0.00203022361 0.0223519993 -0.0186430754 | -0.0231889001 -0.00467974426 -0.0121931765,FAST_REJECT,FORBIDDEN_FIRST_CONTACT_FACE_21273,False,REJECTED_BEFORE_DIVERSITY,False,,,,,0,0.0,,,,,,NOT_EVALUATED,,,,,,,,,,OFFLINE_RESEARCH_NOT_FORMAL
raw_seed_308,308,29479,-0.0118557055 -0.0141243809 -0.0217876092,CLOSURE_REJECT,20967 20917,0.0134771399 -0.0194353427 -0.0136905687 | 0.0139852252 0.019081861 -0.0189032729,FAST_REJECT,FORBIDDEN_FIRST_CONTACT_FACE_21547,False,REJECTED_BEFORE_DIVERSITY,False,,,,,0,0.0,,,,,,NOT_EVALUATED,,,,,,,,,,OFFLINE_RESEARCH_NOT_FORMAL
raw_seed_093,93,18438,-0.00441992885 0.0217387562 -0.00371537236,CLOSURE_REJECT,18133 20971,-0.0208551992 0.00295725 -0.00190725097 | 0.00749015981 -0.0224429695 -0.00904133641,FAST_REJECT,FORBIDDEN_FIRST_CONTACT_FACE_17965,False,REJECTED_BEFORE_DIVERSITY,False,,,,,0,0.0,,,,,,NOT_EVALUATED,,,,,,,,,,OFFLINE_RESEARCH_NOT_FORMAL
raw_seed_017,17,13437,0.00586626936 -0.0170302682 -0.0118580089,CLOSURE_SURVIVE,21295 19699 18392,0.0223519993 0.00254823982 -0.015926605 | -0.00517958307 0.0230992069 -0.00947670601 | -0.0163043147 -0.0150453715 -0.00448043483,FAST_REJECT,HAND_TABLE_PENETRATION,False,REJECTED_BEFORE_DIVERSITY,False,-0.0141467876252932,f3Link3,FINGER_3_CLOSURE_0143,0.7 0.6492795 0.58295525 0.465267107,759,0.0014960357142858038,-0.011603376434869972,-0.011603376434869972,f2Link2,PREGRASP,,NOT_EVALUATED,,,,,,,,,,OFFLINE_RESEARCH_NOT_FORMAL
raw_seed_023,23,21218,-0.015850341 0.0157601602 -0.00692623863,CLOSURE_SURVIVE,18118 20968 18173,-0.0184490219 -0.0101590009 -0.00179083724 | 0.012597329 -0.0200385306 -0.00970246705 | 0.00790606777 0.0195108865 -0.00336508537,FAST_REJECT,HAND_TABLE_PENETRATION,False,REJECTED_BEFORE_DIVERSITY,False,-0.01907855793659108,f3Link3,FINGER_3_CLOSURE_0143,0.7 0.6492795 0.58295525 0.465267107,759,0.0014960357142858038,-0.01653514674616785,-0.01653514674616785,f2Link2,PREGRASP,,NOT_EVALUATED,,,,,,,,,,OFFLINE_RESEARCH_NOT_FORMAL
raw_seed_178,178,18101,-0.00723810306 -0.0197794632 -0.0036451671,CLOSURE_REJECT,18213 20908,0.0162073409 -0.013440156 -0.00183704571 | 0.00544205896 0.0230283666 -0.00895720511,FAST_REJECT,FORBIDDEN_FIRST_CONTACT_FACE_18058,False,REJECTED_BEFORE_DIVERSITY,False,,,,,0,0.0,,,,,,NOT_EVALUATED,,,,,,,,,,OFFLINE_RESEARCH_NOT_FORMAL
raw_seed_366,366,13271,0.0156518557 -0.00818910925 -0.0128971084,CLOSURE_REJECT,21309 19676,0.014450695 0.0171598056 -0.0169657044 | -0.0196366739 0.0131877517 -0.0105158054,FAST_REJECT,FORBIDDEN_FIRST_CONTACT_FACE_21262,False,REJECTED_BEFORE_DIVERSITY,False,,,,,0,0.0,,,,,,NOT_EVALUATED,,,,,,,,,,OFFLINE_RESEARCH_NOT_FORMAL
raw_seed_300,300,21419,-0.021227391 -0.00332214051 -0.021280809,CLOSURE_REJECT,,,FAST_REJECT,FORBIDDEN_FIRST_CONTACT_FACE_21204,False,REJECTED_BEFORE_DIVERSITY,False,,,,,0,0.0,,,,,,NOT_EVALUATED,,,,,,,,,,OFFLINE_RESEARCH_NOT_FORMAL
raw_seed_031,31,20966,0.0140343452 -0.0190476876 -0.0112906585,CLOSURE_SURVIVE,20927 19692 18385,0.0227288212 0.0065519272 -0.0183428592 | -0.011866875 0.020458495 -0.00890935553 | -0.0110677097 -0.0192285851 -0.00391308436,FAST_REJECT,HAND_TABLE_PENETRATION,False,REJECTED_BEFORE_DIVERSITY,False,-0.01471413809988864,f3Link3,FINGER_3_CLOSURE_0143,0.7 0.6492795 0.58295525 0.465267107,759,0.0014960357142858038,-0.012170726909465412,-0.012170726909465412,f2Link2,PREGRASP,,NOT_EVALUATED,,,,,,,,,,OFFLINE_RESEARCH_NOT_FORMAL
raw_seed_244,244,28512,0.0140440973 -0.0119473546 -0.0229437775,CLOSURE_REJECT,,,FAST_REJECT,FORBIDDEN_FIRST_CONTACT_FACE_21340,False,REJECTED_BEFORE_DIVERSITY,False,,,,,0,0.0,,,,,,NOT_EVALUATED,,,,,,,,,,OFFLINE_RESEARCH_NOT_FORMAL
raw_seed_009,9,15110,-0.0160415848 -0.0067605205 -0.0144182032,CLOSURE_SURVIVE,20976 20927 21218,0.00488580281 -0.0231519241 -0.00885234353 | 0.0226743377 0.00675379807 -0.0120369002 | -0.0162759104 0.0153345902 -0.0177627253,FAST_REJECT,HAND_TABLE_PENETRATION,False,REJECTED_BEFORE_DIVERSITY,False,-0.01158659340802315,f3Link3,FINGER_3_CLOSURE_0143,0.7 0.6492795 0.58295525 0.465267107,759,0.0014960357142858038,-0.009043182217599921,-0.009043182217599921,f2Link2,PREGRASP,,NOT_EVALUATED,,,,,,,,,,OFFLINE_RESEARCH_NOT_FORMAL
raw_seed_355,355,21279,0.0155852679 -0.0160252332 -0.00949471142,CLOSURE_REJECT,,,FAST_REJECT,FORBIDDEN_FIRST_CONTACT_FACE_21307,False,REJECTED_BEFORE_DIVERSITY,False,,,,,0,0.0,,,,,,NOT_EVALUATED,,,,,,,,,,OFFLINE_RESEARCH_NOT_FORMAL
raw_seed_117,117,19671,-0.0220493328 0.00856963628 -0.0177395998,CLOSURE_REJECT,19626 20951,-0.0125952989 -0.0200396977 -0.0121737402 | 0.0209959639 -0.0109320424 -0.0153582969,FAST_REJECT,FORBIDDEN_FIRST_CONTACT_FACE_21193,False,REJECTED_BEFORE_DIVERSITY,False,,,,,0,0.0,,,,,,NOT_EVALUATED,,,,,,,,,,OFFLINE_RESEARCH_NOT_FORMAL
raw_seed_348,348,21250,-0.0174902554 -0.0141202452 -0.0111510984,CLOSURE_SURVIVE,20973 20919 18418,0.00756581867 -0.0224153801 -0.0182032991 | 0.0199290761 0.0127674605 -0.00876979551 | -0.0196991257 0.0102076816 -0.00377352434,FAST_REJECT,HAND_TABLE_PENETRATION,False,REJECTED_BEFORE_DIVERSITY,False,-0.014853698121209513,f3Link3,FINGER_3_CLOSURE_0143,0.7 0.6492795 0.58295525 0.465267107,759,0.0014960357142858038,-0.012310286930786285,-0.012310286930786285,f2Link2,PREGRASP,,NOT_EVALUATED,,,,,,,,,,OFFLINE_RESEARCH_NOT_FORMAL
raw_seed_223,223,20950,0.0202602508 -0.0122116858 -0.0105668516,CLOSURE_SURVIVE,21310 19674 18376,0.0140749636 0.017535537 -0.010940539 | -0.0200522912 0.0125733947 -0.0151972693 | -0.00285088179 -0.0219936113 -0.00318927752,FAST_REJECT,HAND_TABLE_PENETRATION,False,REJECTED_BEFORE_DIVERSITY,False,-0.015437944933572867,f3Link3,FINGER_3_CLOSURE_0143,0.7 0.6492795 0.58295525 0.465267107,759,0.0014960357142858038,-0.012894533743149639,-0.012894533743149639,f2Link2,PREGRASP,,NOT_EVALUATED,,,,,,,,,,OFFLINE_RESEARCH_NOT_FORMAL
raw_seed_113,113,12907,0.00777082089 0.0162689427 -0.00873965849,CLOSURE_REJECT,21219 19625,-0.0177339526 0.0138765478 -0.0128082545 | -0.010571368 -0.021166787 -0.0133700761,FAST_REJECT,FORBIDDEN_FIRST_CONTACT_FACE_18268,False,REJECTED_BEFORE_DIVERSITY,False,,,,,0,0.0,,,,,,NOT_EVALUATED,,,,,,,,,,OFFLINE_RESEARCH_NOT_FORMAL
raw_seed_081,81,13156,0.0181968523 -0.000565638165 -0.0100086329,CLOSURE_REJECT,,,FAST_REJECT,FORBIDDEN_FIRST_CONTACT_FACE_17892,False,REJECTED_BEFORE_DIVERSITY,False,,,,,0,0.0,,,,,,NOT_EVALUATED,,,,,,,,,,OFFLINE_RESEARCH_NOT_FORMAL
raw_seed_217,217,17946,0.00674857108 -0.0187779319 -0.00914623998,CLOSURE_SURVIVE,21295 19696 18392,0.0223519993 0.00284371494 -0.013214836 | -0.00760869936 0.0223997434 -0.0137766576 | -0.0161105244 -0.0152671824 -0.00176866587,FAST_REJECT,HAND_TABLE_PENETRATION,False,REJECTED_BEFORE_DIVERSITY,False,-0.01685855658452251,f3Link3,FINGER_3_CLOSURE_0143,0.7 0.6492795 0.58295525 0.465267107,759,0.0014960357142858038,-0.014315145394099282,-0.014315145394099282,f2Link2,PREGRASP,,NOT_EVALUATED,,,,,,,,,,OFFLINE_RESEARCH_NOT_FORMAL
raw_seed_122,122,19619,-0.00426807534 -0.0232627716 -0.0178723686,CLOSURE_REJECT,20947 20908,0.0220386448 -0.00859894619 -0.012306509 | 0.00678533611 0.0226658258 -0.0154910657,FAST_REJECT,FORBIDDEN_FIRST_CONTACT_FACE_21169,False,REJECTED_BEFORE_DIVERSITY,False,,,,,0,0.0,,,,,,NOT_EVALUATED,,,,,,,,,,OFFLINE_RESEARCH_NOT_FORMAL
raw_seed_341,341,19675,-0.0209040692 0.0110918772 -0.0110978824,CLOSURE_SURVIVE,21248 20952 20997,-0.0145422189 -0.0170682818 -0.0151664785 | 0.0195582776 -0.0133004365 -0.00871657948 | 0.00164721286 0.022125624 -0.00372030831,FAST_REJECT,HAND_TABLE_PENETRATION,False,REJECTED_BEFORE_DIVERSITY,False,-0.01490691414790124,f3Link3,FINGER_3_CLOSURE_0143,0.7 0.6492795 0.58295525 0.465267107,759,0.0014960357142858038,-0.012363502957478012,-0.012363502957478012,f2Link2,PREGRASP,,NOT_EVALUATED,,,,,,,,,,OFFLINE_RESEARCH_NOT_FORMAL
raw_seed_318,318,9878,-0.0175021296 -0.00340008644 -0.00633688259,CLOSURE_SURVIVE,21266 20928 18152,-0.000900343281 -0.0223519993 -0.0103373882 | 0.0232922116 0.00410401329 -0.0109673002 | -0.0116988519 0.0174978322 -0.00277572933,FAST_REJECT,HAND_TABLE_PENETRATION,False,REJECTED_BEFORE_DIVERSITY,False,-0.019667913974479978,f3Link3,FINGER_3_CLOSURE_0143,0.7 0.6492795 0.58295525 0.465267107,759,0.0014960357142858038,-0.01712450278405675,-0.01712450278405675,f2Link2,PREGRASP,,NOT_EVALUATED,,,,,,,,,,OFFLINE_RESEARCH_NOT_FORMAL
raw_seed_229,229,19642,-0.0189934393 -0.0141123201 -0.0190091176,CLOSURE_SURVIVE,20972 20921 21439,0.0102509959 -0.0213159432 -0.013443258 | 0.0204111176 0.0119492796 -0.0166278147 | -0.0163476554 0.0139351834 -0.0215137997,FAST_REJECT,HAND_TABLE_PENETRATION,False,REJECTED_BEFORE_DIVERSITY,False,-0.006995678961528418,f3Link3,FINGER_3_CLOSURE_0143,0.7 0.6492795 0.58295525 0.465267107,759,0.0014960357142858038,-0.0044522677711051895,-0.0044522677711051895,f2Link2,PREGRASP,,NOT_EVALUATED,,,,,,,,,,OFFLINE_RESEARCH_NOT_FORMAL
raw_seed_273,273,13367,0.00743807526 -0.0162198598 -0.00814679539,CLOSURE_SURVIVE,18194 19694 17832,0.0208394243 0.00304417701 -0.00301139401 | -0.00948197889 0.0216739758 -0.012777213 | -0.0139019657 -0.0143016625 -0.0083320434,FAST_REJECT,HAND_TABLE_PENETRATION,False,REJECTED_BEFORE_DIVERSITY,False,-0.017858001172665006,f3Link3,FINGER_3_CLOSURE_0143,0.7 0.6492795 0.58295525 0.465267107,759,0.0014960357142858038,-0.015314589982241777,-0.015314589982241777,f2Link2,PREGRASP,,NOT_EVALUATED,,,,,,,,,,OFFLINE_RESEARCH_NOT_FORMAL
raw_seed_168,168,21233,-0.0223519993 -0.000910240544 -0.0120070353,CLOSURE_SURVIVE,21266 20925 18436,-0.00208826059 -0.0223519993 -0.0123807227 | 0.0221626361 0.00825892271 -0.0135249091 | -0.00963204575 0.0200011482 -0.00462946121,FAST_REJECT,HAND_TABLE_PENETRATION,False,REJECTED_BEFORE_DIVERSITY,False,-0.013997761248626173,f3Link3,FINGER_3_CLOSURE_0143,0.7 0.6492795 0.58295525 0.465267107,759,0.0014960357142858038,-0.011454350058202944,-0.011454350058202944,f2Link2,PREGRASP,,NOT_EVALUATED,,,,,,,,,,OFFLINE_RESEARCH_NOT_FORMAL
raw_seed_176,176,20911,0.00829048951 0.0221511251 -0.0157524883,CLOSURE_SURVIVE,19674 19625 20946,-0.0201868571 0.0123393411 -0.0101866287 | -0.010664873 -0.0211232538 -0.0133711854 | 0.0228382518 -0.00614646743 -0.0187053799,FAST_REJECT,HAND_TABLE_PENETRATION,False,REJECTED_BEFORE_DIVERSITY,False,-0.010252308243556385,f3Link3,FINGER_3_CLOSURE_0143,0.7 0.6492795 0.58295525 0.465267107,759,0.0014960357142858038,-0.007708897053133157,-0.007708897053133157,f2Link2,PREGRASP,,NOT_EVALUATED,,,,,,,,,,OFFLINE_RESEARCH_NOT_FORMAL
raw_seed_014,14,12851,4.47704804e-05 0.0181369046 -0.00927161459,CLOSURE_SURVIVE,21235 19620 21020,-0.0223519993 0.00305144825 -0.00964530201 | -0.00657715572 -0.0227220122 -0.00879643118 | 0.0203442829 0.00886800006 -0.00189404049,FAST_REJECT,HAND_TABLE_PENETRATION,False,REJECTED_BEFORE_DIVERSITY,False,-0.01673318197000384,f3Link3,FINGER_3_CLOSURE_0143,0.7 0.6492795 0.58295525 0.465267107,759,0.0014960357142858038,-0.014189770779580613,-0.014189770779580613,f2Link2,PREGRASP,,NOT_EVALUATED,,,,,,,,,,OFFLINE_RESEARCH_NOT_FORMAL
raw_seed_042,42,19691,-0.0142015477 0.0189313626 -0.0124099784,CLOSURE_REJECT,,,FAST_REJECT,FORBIDDEN_FIRST_CONTACT_FACE_19587,False,REJECTED_BEFORE_DIVERSITY,False,,,,,0,0.0,,,,,,NOT_EVALUATED,,,,,,,,,,OFFLINE_RESEARCH_NOT_FORMAL
raw_seed_297,297,17824,-0.00883263486 -0.0178956032 -0.0123577987,CLOSURE_REJECT,,,FAST_REJECT,FORBIDDEN_FIRST_CONTACT_FACE_21284,False,REJECTED_BEFORE_DIVERSITY,False,,,,,0,0.0,,,,,,NOT_EVALUATED,,,,,,,,,,OFFLINE_RESEARCH_NOT_FORMAL
raw_seed_120,120,21002,0.00681372554 0.0211046235 -0.00190693791,CLOSURE_REJECT,,,FAST_REJECT,FORBIDDEN_FIRST_CONTACT_FACE_19147,False,REJECTED_BEFORE_DIVERSITY,False,,,,,0,0.0,,,,,,NOT_EVALUATED,,,,,,,,,,OFFLINE_RESEARCH_NOT_FORMAL
raw_seed_261,261,19620,-0.00629847523 -0.022797226 -0.00942187313,CLOSURE_SURVIVE,20953 20908 18406,0.0192048345 -0.0138084663 -0.0164740738 | 0.00669976311 0.0226889213 -0.0140522908 | -0.0219616777 -0.00318386721 -0.00204429903,FAST_REJECT,HAND_TABLE_PENETRATION,False,REJECTED_BEFORE_DIVERSITY,False,-0.01658292343265677,f3Link3,FINGER_3_CLOSURE_0143,0.7 0.6492795 0.58295525 0.465267107,759,0.0014960357142858038,-0.014039512242233543,-0.014039512242233543,f2Link2,PREGRASP,,NOT_EVALUATED,,,,,,,,,,OFFLINE_RESEARCH_NOT_FORMAL
raw_seed_169,169,15151,-0.00157055885 0.0173402805 -0.014287538,CLOSURE_REJECT,21233 20970,-0.0223519993 0.000976309669 -0.0146612254 | 0.00934685662 -0.0217368849 -0.0158054118,FAST_REJECT,FORBIDDEN_FIRST_CONTACT_FACE_20937,False,REJECTED_BEFORE_DIVERSITY,False,,,,,0,0.0,,,,,,NOT_EVALUATED,,,,,,,,,,OFFLINE_RESEARCH_NOT_FORMAL
raw_seed_161,161,12528,-0.0179492375 0.0012651853 -0.00864713044,CLOSURE_REJECT,18100 20926,-0.00732681455 -0.0197506391 -0.00351172906 | 0.0229456894 0.00574839252 -0.0101650043,FAST_REJECT,FORBIDDEN_FIRST_CONTACT_FACE_17877,False,REJECTED_BEFORE_DIVERSITY,False,,,,,0,0.0,,,,,,NOT_EVALUATED,,,,,,,,,,OFFLINE_RESEARCH_NOT_FORMAL
raw_seed_071,71,20973,0.0083380532 -0.0221337808 -0.0153903423,CLOSURE_SURVIVE,20928 19700 21248,0.0233121645 0.00399282066 -0.00982448267 | -0.00587161261 0.0229124332 -0.0130090394 | -0.0159350649 -0.0156754356 -0.0187348644,FAST_REJECT,HAND_TABLE_PENETRATION,False,REJECTED_BEFORE_DIVERSITY,False,-0.010614454268872198,f3Link3,FINGER_3_CLOSURE_0143,0.7 0.6492795 0.58295525 0.465267107,759,0.0014960357142858038,-0.00807104307844897,-0.00807104307844897,f2Link2,PREGRASP,,NOT_EVALUATED,,,,,,,,,,OFFLINE_RESEARCH_NOT_FORMAL
raw_seed_363,363,29533,-0.000429605934 0.018433873 -0.0219969846,CLOSURE_REJECT,19667,-0.023321313 0.00394183812 -0.0164311249,FAST_REJECT,FORBIDDEN_FIRST_CONTACT_FACE_20981,False,REJECTED_BEFORE_DIVERSITY,False,,,,,0,0.0,,,,,,NOT_EVALUATED,,,,,,,,,,OFFLINE_RESEARCH_NOT_FORMAL
raw_seed_125,125,18387,-0.011663629 -0.018874064 -0.00201030757,CLOSURE_REJECT,,,FAST_REJECT,FORBIDDEN_FIRST_CONTACT_FACE_20504,False,REJECTED_BEFORE_DIVERSITY,False,,,,,0,0.0,,,,,,NOT_EVALUATED,,,,,,,,,,OFFLINE_RESEARCH_NOT_FORMAL
raw_seed_372,372,28711,-0.00821291854 -0.0165195085 -0.0242697579,CLOSURE_REJECT,,,FAST_REJECT,FORBIDDEN_FIRST_CONTACT_FACE_21283,False,REJECTED_BEFORE_DIVERSITY,False,,,,,0,0.0,,,,,,NOT_EVALUATED,,,,,,,,,,OFFLINE_RESEARCH_NOT_FORMAL
raw_seed_047,47,20923,0.0210943902 0.0107268688 -0.0119988314,CLOSURE_REJECT,,,FAST_REJECT,FORBIDDEN_FIRST_CONTACT_FACE_21313,False,REJECTED_BEFORE_DIVERSITY,False,,,,,0,0.0,,,,,,NOT_EVALUATED,,,,,,,,,,OFFLINE_RESEARCH_NOT_FORMAL
raw_seed_070,70,17900,0.0139726404 0.0142340905 -0.00964134373,CLOSURE_SURVIVE,21220 19625 21037,-0.0138323845 0.017778116 -0.0100150311 | -0.0105099195 -0.0211953957 -0.0111592175 | 0.0207353163 -0.00786658507 -0.00226376962,FAST_REJECT,HAND_TABLE_PENETRATION,False,REJECTED_BEFORE_DIVERSITY,False,-0.01636345283636509,f3Link3,FINGER_3_CLOSURE_0143,0.7 0.6492795 0.58295525 0.465267107,759,0.0014960357142858038,-0.01382004164594186,-0.01382004164594186,f2Link2,PREGRASP,,NOT_EVALUATED,,,,,,,,,,OFFLINE_RESEARCH_NOT_FORMAL
raw_seed_241,241,12896,0.00604667899 0.0171347362 -0.00955850485,CLOSURE_REJECT,,,FAST_REJECT,FORBIDDEN_FIRST_CONTACT_FACE_17863,False,REJECTED_BEFORE_DIVERSITY,False,,,,,0,0.0,,,,,,NOT_EVALUATED,,,,,,,,,,OFFLINE_RESEARCH_NOT_FORMAL
raw_seed_215,215,21220,-0.013804012 0.0178064884 -0.0121987497,CLOSURE_REJECT,,,FAST_REJECT,FORBIDDEN_FIRST_CONTACT_FACE_19587,False,REJECTED_BEFORE_DIVERSITY,False,,,,,0,0.0,,,,,,NOT_EVALUATED,,,,,,,,,,OFFLINE_RESEARCH_NOT_FORMAL
raw_seed_130,130,18391,-0.0159991031 -0.0153859203 -0.0039514414,CLOSURE_REJECT,18223,0.0086669027 -0.0191856906 -0.00214332001,FAST_REJECT,FORBIDDEN_FIRST_CONTACT_FACE_20855,False,REJECTED_BEFORE_DIVERSITY,False,,,,,0,0.0,,,,,,NOT_EVALUATED,,,,,,,,,,OFFLINE_RESEARCH_NOT_FORMAL
raw_seed_030,30,12308,-0.00866112051 -0.0160099159 -0.0101786992,CLOSURE_SURVIVE,21279 20915 18410,0.0169409022 -0.0146695986 -0.0142472952 | 0.0116144102 0.0206036461 -0.0148091168 | -0.0221026648 0.00182464654 -0.00280112509,FAST_REJECT,HAND_TABLE_PENETRATION,False,REJECTED_BEFORE_DIVERSITY,False,-0.01582609736636087,f3Link3,FINGER_3_CLOSURE_0143,0.7 0.6492795 0.58295525 0.465267107,759,0.0014960357142858038,-0.013282686175937641,-0.013282686175937641,f2Link2,PREGRASP,,NOT_EVALUATED,,,,,,,,,,OFFLINE_RESEARCH_NOT_FORMAL
raw_seed_203,203,29489,-0.0162480689 -0.00872345293 -0.022365391,CLOSURE_REJECT,20975,0.00703505756 -0.0225984278 -0.0167995313,FAST_REJECT,FORBIDDEN_FIRST_CONTACT_FACE_20935,False,REJECTED_BEFORE_DIVERSITY,False,,,,,0,0.0,,,,,,NOT_EVALUATED,,,,,,,,,,OFFLINE_RESEARCH_NOT_FORMAL
raw_seed_080,80,20919,0.0192625162 0.0137255562 -0.00849018625,CLOSURE_REJECT,18156 19643,-0.00689819751 0.0198899052 -0.00335478487 | -0.0194987109 -0.0133860561 -0.0131206039,FAST_REJECT,FORBIDDEN_FIRST_CONTACT_FACE_17930,False,REJECTED_BEFORE_DIVERSITY,False,,,,,0,0.0,,,,,,NOT_EVALUATED,,,,,,,,,,OFFLINE_RESEARCH_NOT_FORMAL
raw_seed_252,252,21249,-0.0151029979 -0.016507503 -0.0102334997,CLOSURE_SURVIVE,21281 20912 18415,0.0143871778 -0.0172233229 -0.0106071872 | 0.00975149517 0.0215484966 -0.0117513736 | -0.0210091991 0.00713682598 -0.00285592565,FAST_REJECT,HAND_TABLE_PENETRATION,False,REJECTED_BEFORE_DIVERSITY,False,-0.015771296812204794,f3Link3,FINGER_3_CLOSURE_0143,0.7 0.6492795 0.58295525 0.465267107,759,0.0014960357142858038,-0.013227885621781565,-0.013227885621781565,f2Link2,PREGRASP,,NOT_EVALUATED,,,,,,,,,,OFFLINE_RESEARCH_NOT_FORMAL
raw_seed_037,37,19651,-0.0226901533 -0.00669519838 -0.0141446199,CLOSURE_REJECT,21264 20928,0.00154850596 -0.0223519993 -0.018213216 | 0.0232791179 0.00417698137 -0.011763317,FAST_REJECT,FORBIDDEN_FIRST_CONTACT_FACE_19713,False,REJECTED_BEFORE_DIVERSITY,False,,,,,0,0.0,,,,,,NOT_EVALUATED,,,,,,,,,,OFFLINE_RESEARCH_NOT_FORMAL
raw_seed_099,99,21279,0.0168997761 -0.0147107245 -0.0171020446,CLOSURE_REJECT,21309 19673,0.0168315955 0.0147789051 -0.017475732 | -0.0217970655 0.00921759479 -0.0186199184,FAST_REJECT,FORBIDDEN_FIRST_CONTACT_FACE_19631,False,REJECTED_BEFORE_DIVERSITY,False,,,,,0,0.0,,,,,,NOT_EVALUATED,,,,,,,,,,OFFLINE_RESEARCH_NOT_FORMAL
raw_seed_359,359,21030,0.0221772461 0.000337096772 -0.00195725062,CLOSURE_REJECT,,,FAST_REJECT,FORBIDDEN_FIRST_CONTACT_FACE_19789,False,REJECTED_BEFORE_DIVERSITY,False,,,,,0,0.0,,,,,,NOT_EVALUATED,,,,,,,,,,OFFLINE_RESEARCH_NOT_FORMAL
raw_seed_226,226,18420,-0.0192364471 0.0110425998 -0.00249821958,CLOSURE_REJECT,18388,-0.0135063735 -0.0175947898 -0.002871907,FAST_REJECT,FORBIDDEN_FIRST_CONTACT_FACE_20873,False,REJECTED_BEFORE_DIVERSITY,False,,,,,0,0.0,,,,,,NOT_EVALUATED,,,,,,,,,,OFFLINE_RESEARCH_NOT_FORMAL
raw_seed_165,165,19646,-0.0210964984 -0.0107223407 -0.00828733758,CLOSURE_SURVIVE,18229 20923 17864,0.00388195556 -0.0207033438 -0.0031519362 | 0.0212699846 0.0103497102 -0.0129177552 | -0.0148496875 0.0133164698 -0.00847258559,FAST_REJECT,HAND_TABLE_PENETRATION,False,REJECTED_BEFORE_DIVERSITY,False,-0.01771745897940813,f3Link3,FINGER_3_CLOSURE_0143,0.7 0.6492795 0.58295525 0.465267107,759,0.0014960357142858038,-0.015174047788984901,-0.015174047788984901,f2Link2,PREGRASP,,NOT_EVALUATED,,,,,,,,,,OFFLINE_RESEARCH_NOT_FORMAL
raw_seed_267,267,28517,0.0109411751 -0.0148526562 -0.0226065422,CLOSURE_REJECT,20923,0.0213567598 0.010163326 -0.0170406826,FAST_REJECT,FORBIDDEN_FIRST_CONTACT_FACE_19711,False,REJECTED_BEFORE_DIVERSITY,False,,,,,0,0.0,,,,,,NOT_EVALUATED,,,,,,,,,,OFFLINE_RESEARCH_NOT_FORMAL
raw_seed_053,53,19652,-0.0231774654 -0.00474346672 -0.00776915145,CLOSURE_REJECT,21264 20928,-0.000356324627 -0.0223519993 -0.0118377475 | 0.0232502461 0.0043378771 -0.0123995691,FAST_REJECT,FORBIDDEN_FIRST_CONTACT_FACE_17870,False,REJECTED_BEFORE_DIVERSITY,False,,,,,0,0.0,,,,,,NOT_EVALUATED,,,,,,,,,,OFFLINE_RESEARCH_NOT_FORMAL
raw_seed_337,337,13208,0.017521042 -0.00484494592 -0.00975321645,CLOSURE_SURVIVE,20917 19668 21061,0.0138127086 0.0192018831 -0.0168054171 | -0.022687546 0.00670485894 -0.0143836341 | 0.00317712988 -0.021949418 -0.00237564234,FAST_REJECT,HAND_TABLE_PENETRATION,False,REJECTED_BEFORE_DIVERSITY,False,-0.016251580113955777,f3Link3,FINGER_3_CLOSURE_0143,0.7 0.6492795 0.58295525 0.465267107,759,0.0014960357142858038,-0.013708168923532549,-0.013708168923532549,f2Link2,PREGRASP,,NOT_EVALUATED,,,,,,,,,,OFFLINE_RESEARCH_NOT_FORMAL
raw_seed_136,136,21062,0.00480520781 -0.0216508186 -0.00453826551,CLOSURE_REJECT,,,FAST_REJECT,FORBIDDEN_FIRST_CONTACT_FACE_21292,False,REJECTED_BEFORE_DIVERSITY,False,,,,,0,0.0,,,,,,NOT_EVALUATED,,,,,,,,,,OFFLINE_RESEARCH_NOT_FORMAL
raw_seed_034,34,18430,-0.01231632 0.0184432263 -0.00191159139,CLOSURE_REJECT,,,FAST_REJECT,FORBIDDEN_FIRST_CONTACT_FACE_18926,False,REJECTED_BEFORE_DIVERSITY,False,,,,,0,0.0,,,,,,NOT_EVALUATED,,,,,,,,,,OFFLINE_RESEARCH_NOT_FORMAL
raw_seed_171,171,31773,-0.0136497148 -0.0115946131 -0.0248075006,CLOSURE_REJECT,20972 33187,0.0100317414 -0.0214180219 -0.0167104602 | 0.014240334 0.0105322068 -0.029260627,FAST_REJECT,FORBIDDEN_FIRST_CONTACT_FACE_21543,False,REJECTED_BEFORE_DIVERSITY,False,,,,,0,0.0,,,,,,NOT_EVALUATED,,,,,,,,,,OFFLINE_RESEARCH_NOT_FORMAL
raw_seed_298,298,19691,-0.014232861 0.0189095774 -0.0197445811,CLOSURE_SURVIVE,19648 20969 20912,-0.0212543889 -0.0103832081 -0.0141787215 | 0.0120766211 -0.0203379044 -0.0173632782 | 0.0108976131 0.0210148965 -0.00959990201,FAST_REJECT,HAND_TABLE_PENETRATION,False,REJECTED_BEFORE_DIVERSITY,False,-0.006260215472509101,f3Link3,FINGER_3_CLOSURE_0143,0.7 0.6492795 0.58295525 0.465267107,759,0.0014960357142858038,-0.0037168042820858727,-0.0037168042820858727,f2Link2,PREGRASP,,NOT_EVALUATED,,,,,,,,,,OFFLINE_RESEARCH_NOT_FORMAL
raw_seed_024,24,21044,0.0174270504 -0.0137439086 -0.00524927442,CLOSURE_REJECT,21311 19674,0.0173896847 0.0142208159 -0.00931787046 | -0.0202157154 0.0122891472 -0.0105752385,FAST_REJECT,FORBIDDEN_FIRST_CONTACT_FACE_18354,False,REJECTED_BEFORE_DIVERSITY,False,,,,,0,0.0,,,,,,NOT_EVALUATED,,,,,,,,,,OFFLINE_RESEARCH_NOT_FORMAL
raw_seed_319,319,20926,0.0229471146 0.00574311176 -0.0091482678,CLOSURE_SURVIVE,21066 19650 21050,-0.00249773505 0.0223519993 -0.00952195522 | -0.0230557735 -0.00534051147 -0.0137786854 | 0.0135768803 -0.0175385625 -0.0017706937,FAST_REJECT,HAND_TABLE_PENETRATION,False,REJECTED_BEFORE_DIVERSITY,False,-0.01685652876177235,f3Link3,FINGER_3_CLOSURE_0143,0.7 0.6492795 0.58295525 0.465267107,759,0.0014960357142858038,-0.014313117571349121,-0.014313117571349121,f2Link2,PREGRASP,,NOT_EVALUATED,,,,,,,,,,OFFLINE_RESEARCH_NOT_FORMAL
raw_seed_354,354,18411,-0.0221453465 0.00135041465 -0.00499453722,CLOSURE_REJECT,18103,-0.00824717631 -0.0193650899 -0.00318641583,FAST_REJECT,FORBIDDEN_FIRST_CONTACT_FACE_20294,False,REJECTED_BEFORE_DIVERSITY,False,,,,,0,0.0,,,,,,NOT_EVALUATED,,,,,,,,,,OFFLINE_RESEARCH_NOT_FORMAL
raw_seed_039,39,21009,0.0128321464 0.0181027322 -0.00177511187,CLOSURE_REJECT,,,FAST_REJECT,FORBIDDEN_FIRST_CONTACT_FACE_18019,False,REJECTED_BEFORE_DIVERSITY,False,,,,,0,0.0,,,,,,NOT_EVALUATED,,,,,,,,,,OFFLINE_RESEARCH_NOT_FORMAL
raw_seed_201,201,13711,0.0165933105 0.00582395342 -0.0137063511,CLOSURE_REJECT,21067 19650,-0.00249082539 0.0223519993 -0.0178146993 | -0.0230526287 -0.00535216341 -0.0113250482,FAST_REJECT,FORBIDDEN_FIRST_CONTACT_FACE_17939,False,REJECTED_BEFORE_DIVERSITY,False,,,,,0,0.0,,,,,,NOT_EVALUATED,,,,,,,,,,OFFLINE_RESEARCH_NOT_FORMAL
raw_seed_128,128,20942,0.0233444874 -0.0038126924 -0.0117559323,CLOSURE_SURVIVE,20915 19668 21062,0.011670721 0.0205712709 -0.018808133 | -0.0227865378 0.00633807708 -0.00937462934 | 0.0055239306 -0.0214867744 -0.00437835817,FAST_REJECT,HAND_TABLE_PENETRATION,False,REJECTED_BEFORE_DIVERSITY,False,-0.01424886429197203,f3Link3,FINGER_3_CLOSURE_0143,0.7 0.6492795 0.58295525 0.465267107,759,0.0014960357142858038,-0.011705453101548802,-0.011705453101548802,f2Link2,PREGRASP,,NOT_EVALUATED,,,,,,,,,,OFFLINE_RESEARCH_NOT_FORMAL
raw_seed_133,133,19618,-0.00372386305 -0.0233604274 -0.0139823473,CLOSURE_REJECT,,,FAST_REJECT,FORBIDDEN_FIRST_CONTACT_FACE_20873,False,REJECTED_BEFORE_DIVERSITY,False,,,,,0,0.0,,,,,,NOT_EVALUATED,,,,,,,,,,OFFLINE_RESEARCH_NOT_FORMAL
raw_seed_301,301,18181,0.0148766268 0.014896901 -0.00367880035,CLOSURE_REJECT,18153 19628,-0.00906106986 0.0190172157 -0.00187067896 | -0.0143428955 -0.018833025 -0.0090047644,FAST_REJECT,FORBIDDEN_FIRST_CONTACT_FACE_18008,False,REJECTED_BEFORE_DIVERSITY,False,,,,,0,0.0,,,,,,NOT_EVALUATED,,,,,,,,,,OFFLINE_RESEARCH_NOT_FORMAL
raw_seed_323,323,21235,-0.0223519993 0.0030506333 -0.0107245404,CLOSURE_REJECT,,,FAST_REJECT,FORBIDDEN_FIRST_CONTACT_FACE_17823,False,REJECTED_BEFORE_DIVERSITY,False,,,,,0,0.0,,,,,,NOT_EVALUATED,,,,,,,,,,OFFLINE_RESEARCH_NOT_FORMAL
raw_seed_271,271,20107,0.0184003042 0.0124297579 -0.00584754836,CLOSURE_REJECT,,,FAST_REJECT,FORBIDDEN_FIRST_CONTACT_FACE_19365,False,REJECTED_BEFORE_DIVERSITY,False,,,,,0,0.0,,,,,,NOT_EVALUATED,,,,,,,,,,OFFLINE_RESEARCH_NOT_FORMAL
raw_seed_098,98,18417,-0.0207032219 0.00795210061 -0.00542935191,CLOSURE_SURVIVE,18108 20945 18163,-0.0137077474 -0.015989947 -0.00362123051 | 0.0220220467 -0.00864446326 -0.0100209704 | -0.000643515359 0.0210403997 -0.00186819865,FAST_REJECT,HAND_TABLE_PENETRATION,False,REJECTED_BEFORE_DIVERSITY,False,-0.020575444655212882,f3Link3,FINGER_3_CLOSURE_0143,0.7 0.6492795 0.58295525 0.465267107,759,0.0014960357142858038,-0.018032033464789654,-0.018032033464789654,f2Link2,PREGRASP,,NOT_EVALUATED,,,,,,,,,,OFFLINE_RESEARCH_NOT_FORMAL
raw_seed_046,46,13047,0.0154217483 0.00961629562 -0.00964712358,CLOSURE_REJECT,,,FAST_REJECT,FORBIDDEN_FIRST_CONTACT_FACE_17878,False,REJECTED_BEFORE_DIVERSITY,False,,,,,0,0.0,,,,,,NOT_EVALUATED,,,,,,,,,,OFFLINE_RESEARCH_NOT_FORMAL
raw_seed_262,262,17866,-0.0135354466 0.0146520907 -0.0077047941,CLOSURE_REJECT,18117 20950,-0.0188559678 -0.00935606571 -0.00256939272 | 0.0206550603 -0.0115249842 -0.00922266791,FAST_REJECT,FORBIDDEN_FIRST_CONTACT_FACE_17971,False,REJECTED_BEFORE_DIVERSITY,False,,,,,0,0.0,,,,,,NOT_EVALUATED,,,,,,,,,,OFFLINE_RESEARCH_NOT_FORMAL
raw_seed_183,183,21063,0.00362558215 -0.0218886711 -0.00513802274,CLOSURE_REJECT,21296 19699,0.0223519993 -0.00120113042 -0.00920661879 | -0.00356703478 0.0233885693 -0.00975033197,FAST_REJECT,FORBIDDEN_FIRST_CONTACT_FACE_18359,False,REJECTED_BEFORE_DIVERSITY,False,,,,,0,0.0,,,,,,NOT_EVALUATED,,,,,,,,,,OFFLINE_RESEARCH_NOT_FORMAL
raw_seed_208,208,20921,0.0206269772 0.0115738298 -0.0131163947,CLOSURE_REJECT,,,FAST_REJECT,FORBIDDEN_FIRST_CONTACT_FACE_19702,False,REJECTED_BEFORE_DIVERSITY,False,,,,,0,0.0,,,,,,NOT_EVALUATED,,,,,,,,,,OFFLINE_RESEARCH_NOT_FORMAL
raw_seed_058,58,19623,-0.0106454962 -0.021132275 -0.00843306086,CLOSURE_SURVIVE,21280 20915 17850,0.0174026168 -0.0142078838 -0.0125016569 | 0.011011762 0.0209501303 -0.0130634785 | -0.0198524043 0.00191672028 -0.00861581043,FAST_REJECT,HAND_TABLE_PENETRATION,False,REJECTED_BEFORE_DIVERSITY,False,-0.017571735704561053,f3Link3,FINGER_3_CLOSURE_0143,0.7 0.6492795 0.58295525 0.465267107,759,0.0014960357142858038,-0.015028324514137825,-0.015028324514137825,f2Link2,PREGRASP,,NOT_EVALUATED,,,,,,,,,,OFFLINE_RESEARCH_NOT_FORMAL
raw_seed_167,167,21026,0.0213284519 0.00607964741 -0.00446274469,CLOSURE_REJECT,,,FAST_REJECT,FORBIDDEN_FIRST_CONTACT_FACE_18275,False,REJECTED_BEFORE_DIVERSITY,False,,,,,0,0.0,,,,,,NOT_EVALUATED,,,,,,,,,,OFFLINE_RESEARCH_NOT_FORMAL
raw_seed_280,280,21036,0.0218832867 -0.00361583691 -0.0053529833,CLOSURE_SURVIVE,18174 19666 18228,0.0101943678 0.01841628 -0.0035448619 | -0.0232637238 0.00426276933 -0.00998340094 | 0.00487507182 -0.0204766716 -0.00179183004,FAST_REJECT,HAND_TABLE_PENETRATION,False,REJECTED_BEFORE_DIVERSITY,False,-0.020651813265412322,f3Link3,FINGER_3_CLOSURE_0143,0.7 0.6492795 0.58295525 0.465267107,759,0.0014960357142858038,-0.018108402074989094,-0.018108402074989094,f2Link2,PREGRASP,,NOT_EVALUATED,,,,,,,,,,OFFLINE_RESEARCH_NOT_FORMAL
raw_seed_135,135,21006,0.00811073717 0.0206513876 -0.00254180329,CLOSURE_REJECT,18421,-0.0193895273 0.0107863864 -0.00291549071,FAST_REJECT,FORBIDDEN_FIRST_CONTACT_FACE_19575,False,REJECTED_BEFORE_DIVERSITY,False,,,,,0,0.0,,,,,,NOT_EVALUATED,,,,,,,,,,OFFLINE_RESEARCH_NOT_FORMAL
raw_seed_213,213,19690,-0.0130766928 0.0197139391 -0.00833915153,CLOSURE_REJECT,18121 20967,-0.0201155838 -0.00622999863 -0.00320375015 | 0.0127340787 -0.0199523003 -0.0129695692,FAST_REJECT,FORBIDDEN_FIRST_CONTACT_FACE_20889,False,REJECTED_BEFORE_DIVERSITY,False,,,,,0,0.0,,,,,,NOT_EVALUATED,,,,,,,,,,OFFLINE_RESEARCH_NOT_FORMAL
raw_seed_342,342,15133,-0.0130322092 0.0115208036 -0.0141696595,CLOSURE_REJECT,21248 20949,-0.0169529883 -0.0146575124 -0.0145433469 | 0.0217201021 -0.00938290418 -0.0156875333,FAST_REJECT,FORBIDDEN_FIRST_CONTACT_FACE_20900,False,REJECTED_BEFORE_DIVERSITY,False,,,,,0,0.0,,,,,,NOT_EVALUATED,,,,,,,,,,OFFLINE_RESEARCH_NOT_FORMAL
raw_seed_025,25,17903,0.0153154076 0.0127834098 -0.0144863921,CLOSURE_REJECT,19692 19643,-0.0114429017 0.0207022525 -0.00892053245 | -0.0197081115 -0.0130850692 -0.0121050891,FAST_REJECT,FORBIDDEN_FIRST_CONTACT_FACE_20957,False,REJECTED_BEFORE_DIVERSITY,False,,,,,0,0.0,,,,,,NOT_EVALUATED,,,,,,,,,,OFFLINE_RESEARCH_NOT_FORMAL
raw_seed_336,336,20918,0.0189078936 0.0142352814 -0.0134578944,CLOSURE_REJECT,,,FAST_REJECT,FORBIDDEN_FIRST_CONTACT_FACE_19704,False,REJECTED_BEFORE_DIVERSITY,False,,,,,0,0.0,,,,,,NOT_EVALUATED,,,,,,,,,,OFFLINE_RESEARCH_NOT_FORMAL
raw_seed_032,32,20951,0.0206434709 -0.011545142 -0.0147762016,CLOSURE_REJECT,21309 19676,0.014891482 0.0167190185 -0.0188447977 | -0.0192593993 0.0137300363 -0.0123948987,FAST_REJECT,FORBIDDEN_FIRST_CONTACT_FACE_19641,False,REJECTED_BEFORE_DIVERSITY,False,,,,,0,0.0,,,,,,NOT_EVALUATED,,,,,,,,,,OFFLINE_RESEARCH_NOT_FORMAL
raw_seed_152,152,21027,0.0218259834 0.00393160448 -0.00384171692,CLOSURE_REJECT,18166 19650,0.00343193241 0.0207754274 -0.00203359553 | -0.0226470538 -0.00685488967 -0.00914216123,FAST_REJECT,FORBIDDEN_FIRST_CONTACT_FACE_18033,False,REJECTED_BEFORE_DIVERSITY,False,,,,,0,0.0,,,,,,NOT_EVALUATED,,,,,,,,,,OFFLINE_RESEARCH_NOT_FORMAL
raw_seed_007,7,20977,0.00475234977 -0.0231758714 -0.0170193669,CLOSURE_REJECT,21294 19693,0.0223519993 0.00153618594 -0.0173930544 | -0.0117145378 0.0205460791 -0.0185372408,FAST_REJECT,FORBIDDEN_FIRST_CONTACT_FACE_19657,False,REJECTED_BEFORE_DIVERSITY,False,,,,,0,0.0,,,,,,NOT_EVALUATED,,,,,,,,,,OFFLINE_RESEARCH_NOT_FORMAL
raw_seed_322,322,18395,-0.0183313583 -0.0124992359 -0.00278062733,CLOSURE_REJECT,21054,0.00993469955 -0.0198382834 -0.00315431475,FAST_REJECT,FORBIDDEN_FIRST_CONTACT_FACE_20852,False,REJECTED_BEFORE_DIVERSITY,False,,,,,0,0.0,,,,,,NOT_EVALUATED,,,,,,,,,,OFFLINE_RESEARCH_NOT_FORMAL
raw_seed_313,313,17889,0.00504583994 0.0193055217 -0.0145659742,CLOSURE_REJECT,19672 19624,-0.0213357441 0.0102084657 -0.0090001146 | -0.00844444492 -0.0220949845 -0.0121846713,FAST_REJECT,FORBIDDEN_FIRST_CONTACT_FACE_17705,False,REJECTED_BEFORE_DIVERSITY,False,,,,,0,0.0,,,,,,NOT_EVALUATED,,,,,,,,,,OFFLINE_RESEARCH_NOT_FORMAL
raw_seed_310,310,13864,0.0163373823 -0.00644082984 -0.0132421025,CLOSURE_REJECT,,,FAST_REJECT,FORBIDDEN_FIRST_CONTACT_FACE_20851,False,REJECTED_BEFORE_DIVERSITY,False,,,,,0,0.0,,,,,,NOT_EVALUATED,,,,,,,,,,OFFLINE_RESEARCH_NOT_FORMAL
raw_seed_189,189,18392,-0.0160964346 -0.0152833095 -0.00421669338,CLOSURE_REJECT,18223,0.00854262757 -0.0192388082 -0.00240857199,FAST_REJECT,FORBIDDEN_FIRST_CONTACT_FACE_20855,False,REJECTED_BEFORE_DIVERSITY,False,,,,,0,0.0,,,,,,NOT_EVALUATED,,,,,,,,,,OFFLINE_RESEARCH_NOT_FORMAL
raw_seed_221,221,18435,-0.00795800477 0.0207166686 -0.00464415712,CLOSURE_REJECT,18128 20971,-0.0210480843 -0.000531046192 -0.00283603573 | 0.00809427699 -0.022222675 -0.00927457476,FAST_REJECT,FORBIDDEN_FIRST_CONTACT_FACE_17961,False,REJECTED_BEFORE_DIVERSITY,False,,,,,0,0.0,,,,,,NOT_EVALUATED,,,,,,,,,,OFFLINE_RESEARCH_NOT_FORMAL
raw_seed_222,222,12458,-0.0174688526 -0.00444491262 -0.00877104022,CLOSURE_REJECT,21263 20926,0.00258526501 -0.0223519993 -0.00914472764 | 0.0230314902 0.00543048538 -0.0134014579,FAST_REJECT,FORBIDDEN_FIRST_CONTACT_FACE_18298,False,REJECTED_BEFORE_DIVERSITY,False,,,,,0,0.0,,,,,,NOT_EVALUATED,,,,,,,,,,OFFLINE_RESEARCH_NOT_FORMAL
raw_seed_206,206,12686,-0.0127703352 0.0129574355 -0.00992227448,CLOSURE_SURVIVE,21250 20948 21006,-0.0180385127 -0.0135719877 -0.0102959619 | 0.0210292332 -0.0108668194 -0.0114401483 | 0.0082107935 0.0206086214 -0.00254470038,FAST_REJECT,HAND_TABLE_PENETRATION,False,REJECTED_BEFORE_DIVERSITY,False,-0.016082522082625395,f3Link3,FINGER_3_CLOSURE_0143,0.7 0.6492795 0.58295525 0.465267107,759,0.0014960357142858038,-0.013539110892202166,-0.013539110892202166,f2Link2,PREGRASP,,NOT_EVALUATED,,,,,,,,,,OFFLINE_RESEARCH_NOT_FORMAL
raw_seed_190,190,9670,-0.0170361321 0.00136239644 -0.000310397829,CLOSURE_SURVIVE,18378 21032 18434,-0.00649967679 -0.0212066639 -0.00437899387 | 0.0220097886 -0.00285658494 -0.00182830287 | -0.0073310638 0.0209365304 -0.00365491995,FAST_REJECT,HAND_TABLE_PENETRATION,False,REJECTED_BEFORE_DIVERSITY,False,-0.02569439873228488,f3Link3,FINGER_3_CLOSURE_0143,0.7 0.6492795 0.58295525 0.465267107,759,0.0014960357142858038,-0.023150987541861623,-0.023150987541861623,f2Link2,PREGRASP,,NOT_EVALUATED,,,,,,,,,,OFFLINE_RESEARCH_NOT_FORMAL
raw_seed_258,258,18382,-0.0091550682 -0.0202050185 -0.00440937989,CLOSURE_REJECT,,,FAST_REJECT,FORBIDDEN_FIRST_CONTACT_FACE_18297,False,REJECTED_BEFORE_DIVERSITY,False,,,,,0,0.0,,,,,,NOT_EVALUATED,,,,,,,,,,OFFLINE_RESEARCH_NOT_FORMAL
raw_seed_353,353,10139,0.0174237085 -0.00380303857 -0.00385503876,CLOSURE_REJECT,18176,0.0111205308 0.0178795789 -0.00204691737,FAST_REJECT,FORBIDDEN_FIRST_CONTACT_FACE_19601,False,REJECTED_BEFORE_DIVERSITY,False,,,,,0,0.0,,,,,,NOT_EVALUATED,,,,,,,,,,OFFLINE_RESEARCH_NOT_FORMAL
raw_seed_352,352,20970,0.010214923 -0.0213327377 -0.0112379941,CLOSURE_REJECT,,,FAST_REJECT,FORBIDDEN_FIRST_CONTACT_FACE_17915,False,REJECTED_BEFORE_DIVERSITY,False,,,,,0,0.0,,,,,,NOT_EVALUATED,,,,,,,,,,OFFLINE_RESEARCH_NOT_FORMAL
raw_seed_073,73,14090,0.000807220992 -0.0175429751 -0.0132204974,CLOSURE_REJECT,21296 19698,0.0223519993 -0.00197012822 -0.0135941848 | -0.00837706552 0.0221195547 -0.0147383712,FAST_REJECT,FORBIDDEN_FIRST_CONTACT_FACE_18445,False,REJECTED_BEFORE_DIVERSITY,False,,,,,0,0.0,,,,,,NOT_EVALUATED,,,,,,,,,,OFFLINE_RESEARCH_NOT_FORMAL
raw_seed_131,131,21248,-0.0151473634 -0.0164631373 -0.0146621945,CLOSURE_REJECT,21281 20913,0.014342861 -0.0172676397 -0.0150358819 | 0.00981197975 0.0215203367 -0.0161800683,FAST_REJECT,FORBIDDEN_FIRST_CONTACT_FACE_19682,False,REJECTED_BEFORE_DIVERSITY,False,,,,,0,0.0,,,,,,NOT_EVALUATED,,,,,,,,,,OFFLINE_RESEARCH_NOT_FORMAL
raw_seed_254,254,9596,0.0170212437 0.00152782064 -0.000547144871,CLOSURE_SURVIVE,20999 18407 21055,0.00283508951 0.0219957505 -0.00461574091 | -0.0221772461 -0.000942234318 -0.00206504991 | 0.0107539307 -0.0193974367 -0.00389166699,FAST_REJECT,HAND_TABLE_PENETRATION,False,REJECTED_BEFORE_DIVERSITY,False,-0.025457651690569932,f3Link3,FINGER_3_CLOSURE_0143,0.7 0.6492795 0.58295525 0.465267107,759,0.0014960357142858038,-0.022914240500146676,-0.022914240500146676,f2Link2,PREGRASP,,NOT_EVALUATED,,,,,,,,,,OFFLINE_RESEARCH_NOT_FORMAL
raw_seed_153,153,17929,0.0182817962 -0.00800437492 -0.0105164648,CLOSURE_REJECT,,,FAST_REJECT,FORBIDDEN_FIRST_CONTACT_FACE_20892,False,REJECTED_BEFORE_DIVERSITY,False,,,,,0,0.0,,,,,,NOT_EVALUATED,,,,,,,,,,OFFLINE_RESEARCH_NOT_FORMAL
raw_seed_072,72,21066,-0.00312031765 0.0223519993 -0.0166595241,CLOSURE_REJECT,21233 20972,-0.0223519993 -0.000109977283 -0.0170332115 | 0.0103911109 -0.0212507096 -0.0181773979,FAST_REJECT,FORBIDDEN_FIRST_CONTACT_FACE_20933,False,REJECTED_BEFORE_DIVERSITY,False,,,,,0,0.0,,,,,,NOT_EVALUATED,,,,,,,,,,OFFLINE_RESEARCH_NOT_FORMAL
raw_seed_078,78,12677,-0.0146164875 0.0104453621 -0.0120126101,CLOSURE_SURVIVE,21248 20952 21001,-0.0166423221 -0.0149681785 -0.0160812061 | 0.019006126 -0.0140940847 -0.0166430277 | 0.00455747236 0.0217073628 -0.00463503599,FAST_REJECT,HAND_TABLE_PENETRATION,False,REJECTED_BEFORE_DIVERSITY,False,-0.013992186468964274,f3Link3,FINGER_3_CLOSURE_0143,0.7 0.6492795 0.58295525 0.465267107,759,0.0014960357142858038,-0.011448775278541046,-0.011448775278541046,f2Link2,PREGRASP,,NOT_EVALUATED,,,,,,,,,,OFFLINE_RESEARCH_NOT_FORMAL
raw_seed_307,307,21294,0.0223519993 0.00121518413 -0.0175854896,CLOSURE_REJECT,,,FAST_REJECT,FORBIDDEN_FIRST_CONTACT_FACE_20995,False,REJECTED_BEFORE_DIVERSITY,False,,,,,0,0.0,,,,,,NOT_EVALUATED,,,,,,,,,,OFFLINE_RESEARCH_NOT_FORMAL
raw_seed_150,150,17850,-0.0198680562 0.0017428133 -0.00947207573,CLOSURE_REJECT,19625,-0.0101054129 -0.0213837225 -0.0165242764,FAST_REJECT,FORBIDDEN_FIRST_CONTACT_FACE_21292,False,REJECTED_BEFORE_DIVERSITY,False,,,,,0,0.0,,,,,,NOT_EVALUATED,,,,,,,,,,OFFLINE_RESEARCH_NOT_FORMAL
raw_seed_139,139,28773,-0.00276544186 0.0182409251 -0.0246803021,CLOSURE_REJECT,,,FAST_REJECT,FORBIDDEN_FIRST_CONTACT_FACE_21563,False,REJECTED_BEFORE_DIVERSITY,False,,,,,0,0.0,,,,,,NOT_EVALUATED,,,,,,,,,,OFFLINE_RESEARCH_NOT_FORMAL
raw_seed_092,92,21264,-0.00232201208 -0.0223519993 -0.0204653741,CLOSURE_SURVIVE,20946 20907 19647,0.0226464582 -0.00685709628 -0.0148995145 | 0.00500119509 0.0231312176 -0.0180840712 | -0.0222622423 -0.00798577094 -0.0103206951,FAST_REJECT,HAND_TABLE_PENETRATION,False,REJECTED_BEFORE_DIVERSITY,False,-0.005539422430502983,f3Link3,FINGER_3_CLOSURE_0143,0.7 0.6492795 0.58295525 0.465267107,759,0.0014960357142858038,-0.0029960112400797545,-0.0029960112400797545,f2Link2,PREGRASP,,NOT_EVALUATED,,,,,,,,,,OFFLINE_RESEARCH_NOT_FORMAL
raw_seed_076,76,21295,0.0223519993 0.0021529816 -0.0108712108,CLOSURE_SURVIVE,21069 19646 21055,0.00272153167 0.0223519993 -0.0149398069 | -0.0216796245 -0.00946984604 -0.0123890846 | 0.0108192161 -0.0193623052 -0.00349363673,FAST_REJECT,HAND_TABLE_PENETRATION,False,REJECTED_BEFORE_DIVERSITY,False,-0.015133585729307342,f3Link3,FINGER_3_CLOSURE_0143,0.7 0.6492795 0.58295525 0.465267107,759,0.0014960357142858038,-0.012590174538884114,-0.012590174538884114,f2Link2,PREGRASP,,NOT_EVALUATED,,,,,,,,,,OFFLINE_RESEARCH_NOT_FORMAL
raw_seed_089,89,17936,0.0143916094 -0.013833515 -0.00405540228,CLOSURE_SURVIVE,18187 19676 19620,0.0188288359 0.00941240556 -0.00224728088 | -0.0189231173 0.0142133992 -0.00938136633 | -0.00714583015 -0.022568531 -0.011741634,FAST_REJECT,HAND_TABLE_PENETRATION,False,REJECTED_BEFORE_DIVERSITY,False,-0.02194939428546494,f3Link3,FINGER_3_CLOSURE_0143,0.7 0.6492795 0.58295525 0.465267107,759,0.0014960357142858038,-0.019405983095041712,-0.019405983095041712,f2Link2,PREGRASP,,NOT_EVALUATED,,,,,,,,,,OFFLINE_RESEARCH_NOT_FORMAL
raw_seed_362,362,19698,-0.00866864891 0.0220132273 -0.0145083792,CLOSURE_SURVIVE,19652 20974 21309,-0.023250379 -0.00433713677 -0.00894251963 | 0.00621174654 -0.0228206335 -0.0121270763 | 0.0157035349 0.0159069657 -0.0178529014,FAST_REJECT,HAND_TABLE_PENETRATION,False,REJECTED_BEFORE_DIVERSITY,False,-0.011496417314057261,f3Link3,FINGER_3_CLOSURE_0143,0.7 0.6492795 0.58295525 0.465267107,759,0.0014960357142858038,-0.008953006123634033,-0.008953006123634033,f2Link2,PREGRASP,,NOT_EVALUATED,,,,,,,,,,OFFLINE_RESEARCH_NOT_FORMAL
raw_seed_230,230,17909,0.018065029 0.00845449609 -0.0144513578,CLOSURE_SURVIVE,19697 19649 21279,-0.00578640629 0.0229354297 -0.00888549816 | -0.0223927779 -0.00762780107 -0.0120700549 | 0.0168802921 -0.0147302084 -0.0177958799,FAST_REJECT,HAND_TABLE_PENETRATION,False,REJECTED_BEFORE_DIVERSITY,False,-0.011553438774876135,f3Link3,FINGER_3_CLOSURE_0143,0.7 0.6492795 0.58295525 0.465267107,759,0.0014960357142858038,-0.009010027584452907,-0.009010027584452907,f2Link2,PREGRASP,,NOT_EVALUATED,,,,,,,,,,OFFLINE_RESEARCH_NOT_FORMAL
raw_seed_101,101,19643,-0.0194630198 -0.0134373576 -0.0072901241,CLOSURE_SURVIVE,18227 20919 18141,0.00660285294 -0.0199858685 -0.00215472272 | 0.0197002365 0.0130963885 -0.0119205417 | -0.0177361385 0.0113521656 -0.00372897084,FAST_REJECT,HAND_TABLE_PENETRATION,False,REJECTED_BEFORE_DIVERSITY,False,-0.01871467246406655,f3Link3,FINGER_3_CLOSURE_0143,0.7 0.6492795 0.58295525 0.465267107,759,0.0014960357142858038,-0.016171261273643323,-0.016171261273643323,f2Link2,PREGRASP,,NOT_EVALUATED,,,,,,,,,,OFFLINE_RESEARCH_NOT_FORMAL
raw_seed_149,149,19697,-0.00703774495 0.0225977025 -0.00753664759,CLOSURE_REJECT,21234 20975,-0.0223519993 -0.00188336918 -0.0116052436 | 0.00664123123 -0.0227047186 -0.0121670652,FAST_REJECT,FORBIDDEN_FIRST_CONTACT_FACE_21308,False,REJECTED_BEFORE_DIVERSITY,False,,,,,0,0.0,,,,,,NOT_EVALUATED,,,,,,,,,,OFFLINE_RESEARCH_NOT_FORMAL
raw_seed_237,237,18224,0.0104102174 -0.0183001264 -0.00332145205,CLOSURE_REJECT,,,FAST_REJECT,FORBIDDEN_FIRST_CONTACT_FACE_18261,False,REJECTED_BEFORE_DIVERSITY,False,,,,,0,0.0,,,,,,NOT_EVALUATED,,,,,,,,,,OFFLINE_RESEARCH_NOT_FORMAL
raw_seed_110,110,13310,0.0127601716 -0.0129423683 -0.00967202488,CLOSURE_SURVIVE,21311 19672 18382,0.0180356249 0.0135748754 -0.0100457123 | -0.0210310775 0.0108628581 -0.0111898987 | -0.00820704777 -0.0206102224 -0.00229445077,FAST_REJECT,HAND_TABLE_PENETRATION,False,REJECTED_BEFORE_DIVERSITY,False,-0.016332771683169378,f3Link3,FINGER_3_CLOSURE_0143,0.7 0.6492795 0.58295525 0.465267107,759,0.0014960357142858038,-0.01378936049274615,-0.01378936049274615,f2Link2,PREGRASP,,NOT_EVALUATED,,,,,,,,,,OFFLINE_RESEARCH_NOT_FORMAL
raw_seed_084,84,31582,0.0173013537 -0.00457679855 -0.0234661915,CLOSURE_REJECT,20913,0.0102716096 0.021306346 -0.0179003319,FAST_REJECT,FORBIDDEN_FIRST_CONTACT_FACE_19689,False,REJECTED_BEFORE_DIVERSITY,False,,,,,0,0.0,,,,,,NOT_EVALUATED,,,,,,,,,,OFFLINE_RESEARCH_NOT_FORMAL
raw_seed_057,57,17885,0.00161028585 0.0198920821 -0.00710668057,CLOSURE_SURVIVE,18136 20974 18190,-0.0196553982 0.00753046373 -0.00197127918 | 0.00550924919 -0.0230102324 -0.00862455438 | 0.0200219264 0.00655385416 -0.00354552731,FAST_REJECT,HAND_TABLE_PENETRATION,False,REJECTED_BEFORE_DIVERSITY,False,-0.01889811599631719,f3Link3,FINGER_3_CLOSURE_0143,0.7 0.6492795 0.58295525 0.465267107,759,0.0014960357142858038,-0.01635470480589396,-0.01635470480589396,f2Link2,PREGRASP,,NOT_EVALUATED,,,,,,,,,,OFFLINE_RESEARCH_NOT_FORMAL
raw_seed_376,376,21007,0.01059767 0.0194815241 -0.00470727409,CLOSURE_REJECT,21219 19626,-0.016904254 0.0147062468 -0.00877587013 | -0.0116621971 -0.0205761717 -0.00933769173,FAST_REJECT,FORBIDDEN_FIRST_CONTACT_FACE_18001,False,REJECTED_BEFORE_DIVERSITY,False,,,,,0,0.0,,,,,,NOT_EVALUATED,,,,,,,,,,OFFLINE_RESEARCH_NOT_FORMAL
raw_seed_115,115,21280,0.0177064992 -0.0139040013 -0.00644875735,CLOSURE_SURVIVE,21311 19674 18098,0.0173565254 0.0142539752 -0.0105173534 | -0.020240872 0.0122453917 -0.0117747214 | -0.00559066942 -0.0203133412 -0.0028876041,FAST_REJECT,HAND_TABLE_PENETRATION,False,REJECTED_BEFORE_DIVERSITY,False,-0.019556039211644616,f3Link3,FINGER_3_CLOSURE_0143,0.7 0.6492795 0.58295525 0.465267107,759,0.0014960357142858038,-0.017012628021221388,-0.017012628021221388,f2Link2,PREGRASP,,NOT_EVALUATED,,,,,,,,,,OFFLINE_RESEARCH_NOT_FORMAL
raw_seed_293,293,19649,-0.0224200045 -0.00755313704 -0.0103958643,CLOSURE_SURVIVE,21265 20924 18426,0.00239719877 -0.0223519993 -0.0144644603 | 0.0225630714 0.00716080222 -0.0150262819 | -0.0149332557 0.0164049747 -0.00301829016,FAST_REJECT,HAND_TABLE_PENETRATION,False,REJECTED_BEFORE_DIVERSITY,False,-0.01560893229571203,f3Link3,FINGER_3_CLOSURE_0143,0.7 0.6492795 0.58295525 0.465267107,759,0.0014960357142858038,-0.013065521105288802,-0.013065521105288802,f2Link2,PREGRASP,,NOT_EVALUATED,,,,,,,,,,OFFLINE_RESEARCH_NOT_FORMAL
raw_seed_013,13,18135,-0.0201850911 0.00597814379 -0.00161051966,CLOSURE_REJECT,,,FAST_REJECT,FORBIDDEN_FIRST_CONTACT_FACE_18080,False,REJECTED_BEFORE_DIVERSITY,False,,,,,0,0.0,,,,,,NOT_EVALUATED,,,,,,,,,,OFFLINE_RESEARCH_NOT_FORMAL
raw_seed_062,62,10120,0.0163090263 0.00718610661 -0.00752436933,CLOSURE_REJECT,18161 19646,-0.00272681072 0.020870943 -0.00238896795 | -0.021823793 -0.00916018687 -0.012154787,FAST_REJECT,FORBIDDEN_FIRST_CONTACT_FACE_18020,False,REJECTED_BEFORE_DIVERSITY,False,,,,,0,0.0,,,,,,NOT_EVALUATED,,,,,,,,,,OFFLINE_RESEARCH_NOT_FORMAL
raw_seed_134,134,17855,-0.0192703622 0.00514358459 -0.0134058734,CLOSURE_REJECT,,,FAST_REJECT,FORBIDDEN_FIRST_CONTACT_FACE_19631,False,REJECTED_BEFORE_DIVERSITY,False,,,,,0,0.0,,,,,,NOT_EVALUATED,,,,,,,,,,OFFLINE_RESEARCH_NOT_FORMAL
raw_seed_382,382,9647,-0.00943754903 -0.0142474701 -0.000642134414,CLOSURE_REJECT,21049 21011,0.0154072041 -0.0159518336 -0.00471073046 | 0.0131149506 0.0179069392 -0.00216003945,FAST_REJECT,FORBIDDEN_FIRST_CONTACT_FACE_19597,False,REJECTED_BEFORE_DIVERSITY,False,,,,,0,0.0,,,,,,NOT_EVALUATED,,,,,,,,,,OFFLINE_RESEARCH_NOT_FORMAL
raw_seed_279,279,21218,-0.0151899243 0.0164205763 -0.0168651708,CLOSURE_REJECT,,,FAST_REJECT,FORBIDDEN_FIRST_CONTACT_FACE_21180,False,REJECTED_BEFORE_DIVERSITY,False,,,,,0,0.0,,,,,,NOT_EVALUATED,,,,,,,,,,OFFLINE_RESEARCH_NOT_FORMAL
raw_seed_193,193,9878,-0.0174370223 -0.00373414107 -0.00230168236,CLOSURE_REJECT,,,FAST_REJECT,FORBIDDEN_FIRST_CONTACT_FACE_21261,False,REJECTED_BEFORE_DIVERSITY,False,,,,,0,0.0,,,,,,NOT_EVALUATED,,,,,,,,,,OFFLINE_RESEARCH_NOT_FORMAL
raw_seed_224,224,20967,0.0128236617 -0.0198899762 -0.0129629641,CLOSURE_REJECT,,,FAST_REJECT,FORBIDDEN_FIRST_CONTACT_FACE_20859,False,REJECTED_BEFORE_DIVERSITY,False,,,,,0,0.0,,,,,,NOT_EVALUATED,,,,,,,,,,OFFLINE_RESEARCH_NOT_FORMAL
raw_seed_021,21,19694,-0.00935513545 0.0217330305 -0.0134340735,CLOSURE_SURVIVE,18988 20975 20021,-0.0223519993 -0.000615205186 -0.00612941365 | 0.0069283185 -0.0226272359 -0.0110527706 | 0.0151882496 0.0162776396 -0.00600855659,FAST_REJECT,HAND_TABLE_PENETRATION,False,REJECTED_BEFORE_DIVERSITY,False,-0.012570723041114729,f3Link3,FINGER_3_CLOSURE_0143,0.7 0.6492795 0.58295525 0.465267107,759,0.0014960357142858038,-0.0100273118506915,-0.0100273118506915,f2Link2,PREGRASP,,NOT_EVALUATED,,,,,,,,,,OFFLINE_RESEARCH_NOT_FORMAL
raw_seed_095,95,20949,0.0217791894 -0.00925599072 -0.01735571,CLOSURE_REJECT,20917 19675,0.0132117058 0.0196200087 -0.0117898504 | -0.0206280478 0.0115719676 -0.0149744071,FAST_REJECT,FORBIDDEN_FIRST_CONTACT_FACE_21204,False,REJECTED_BEFORE_DIVERSITY,False,,,,,0,0.0,,,,,,NOT_EVALUATED,,,,,,,,,,OFFLINE_RESEARCH_NOT_FORMAL
raw_seed_207,207,20908,0.00714520447 0.0225686999 -0.0191323699,CLOSURE_SURVIVE,19675 19625 21295,-0.0207907111 0.0112890436 -0.0135665103 | -0.00955875032 -0.0216382332 -0.0167510669 | 0.0223519993 0.00236773504 -0.0117547958,FAST_REJECT,HAND_TABLE_PENETRATION,False,REJECTED_BEFORE_DIVERSITY,False,-0.006872426685661459,f3Link3,FINGER_3_CLOSURE_0143,0.7 0.6492795 0.58295525 0.465267107,759,0.0014960357142858038,-0.004329015495238231,-0.004329015495238231,f2Link2,PREGRASP,,NOT_EVALUATED,,,,,,,,,,OFFLINE_RESEARCH_NOT_FORMAL
raw_seed_284,284,21266,-0.00264716545 -0.0223519993 -0.016554762,CLOSURE_REJECT,20945 20910,0.0225507782 -0.00719451399 -0.0109889024 | 0.00533174704 0.023058139 -0.014173459,FAST_REJECT,FORBIDDEN_FIRST_CONTACT_FACE_15804,False,REJECTED_BEFORE_DIVERSITY,False,,,,,0,0.0,,,,,,NOT_EVALUATED,,,,,,,,,,OFFLINE_RESEARCH_NOT_FORMAL
raw_seed_185,185,17902,0.0151423297 0.0129815136 -0.00664552586,CLOSURE_SURVIVE,18153 19644 18208,-0.00865057321 0.0191926701 -0.00154939997 | -0.0209908102 -0.0109410064 -0.00942175428 | 0.0188175966 -0.00943574424 -0.0030843726,FAST_REJECT,HAND_TABLE_PENETRATION,False,REJECTED_BEFORE_DIVERSITY,False,-0.019359270706487797,f3Link3,FINGER_3_CLOSURE_0143,0.7 0.6492795 0.58295525 0.465267107,759,0.0014960357142858038,-0.01681585951606457,-0.01681585951606457,f2Link2,PREGRASP,,NOT_EVALUATED,,,,,,,,,,OFFLINE_RESEARCH_NOT_FORMAL
raw_seed_143,143,19699,-0.00364738062 0.0233741517 -0.0101273508,CLOSURE_SURVIVE,21233 20976 21019,-0.0223519993 0.0014103467 -0.0141959469 | 0.00323651415 -0.0234478793 -0.0147577685 | 0.0186993743 0.0119415093 -0.00274977672,FAST_REJECT,HAND_TABLE_PENETRATION,False,REJECTED_BEFORE_DIVERSITY,False,-0.015877445736354967,f3Link3,FINGER_3_CLOSURE_0143,0.7 0.6492795 0.58295525 0.465267107,759,0.0014960357142858038,-0.013334034545931739,-0.013334034545931739,f2Link2,PREGRASP,,NOT_EVALUATED,,,,,,,,,,OFFLINE_RESEARCH_NOT_FORMAL
raw_seed_281,281,17917,0.0199442978 0.000806748991 -0.00712534887,CLOSURE_SURVIVE,18168 19647 18225,0.00509795343 0.0204258004 -0.00198994749 | -0.0221648587 -0.00825282754 -0.00864322269 | 0.00893389987 -0.0190715707 -0.00356419562,FAST_REJECT,HAND_TABLE_PENETRATION,False,REJECTED_BEFORE_DIVERSITY,False,-0.01887944768944605,f3Link3,FINGER_3_CLOSURE_0143,0.7 0.6492795 0.58295525 0.465267107,759,0.0014960357142858038,-0.01633603649902282,-0.01633603649902282,f2Link2,PREGRASP,,NOT_EVALUATED,,,,,,,,,,OFFLINE_RESEARCH_NOT_FORMAL
raw_seed_278,278,17842,-0.0193718876 -0.00477571518 -0.0145431275,CLOSURE_REJECT,21265 20928,0.00241892201 -0.0223519993 -0.0149168149 | 0.0234589176 0.00317499995 -0.0121618246,FAST_REJECT,FORBIDDEN_FIRST_CONTACT_FACE_19712,False,REJECTED_BEFORE_DIVERSITY,False,,,,,0,0.0,,,,,,NOT_EVALUATED,,,,,,,,,,OFFLINE_RESEARCH_NOT_FORMAL
raw_seed_276,276,31249,-0.014524135 0.0104566377 -0.0261053661,CLOSURE_REJECT,,,FAST_REJECT,FORBIDDEN_FIRST_CONTACT_FACE_21592,False,REJECTED_BEFORE_DIVERSITY,False,,,,,0,0.0,,,,,,NOT_EVALUATED,,,,,,,,,,OFFLINE_RESEARCH_NOT_FORMAL
raw_seed_184,184,20971,0.00778507926 -0.0223354256 -0.00996627157,CLOSURE_SURVIVE,21295 19696 18392,0.0223519993 0.00262955326 -0.0140348676 | -0.00739370722 0.0224781414 -0.0145966892 | -0.0162510069 -0.0151063872 -0.00258869746,FAST_REJECT,HAND_TABLE_PENETRATION,False,REJECTED_BEFORE_DIVERSITY,False,-0.016038524994618886,f3Link3,FINGER_3_CLOSURE_0143,0.7 0.6492795 0.58295525 0.465267107,759,0.0014960357142858038,-0.013495113804195658,-0.013495113804195658,f2Link2,PREGRASP,,NOT_EVALUATED,,,,,,,,,,OFFLINE_RESEARCH_NOT_FORMAL
raw_seed_311,311,21067,-0.000118600647 0.0223519993 -0.0091940359,CLOSURE_SURVIVE,21235 20971 21020,-0.0223519993 0.00287835201 -0.00956772332 | 0.00765915063 -0.0223813461 -0.0106793316 | 0.0202694778 0.00902333422 -0.00181646179,FAST_REJECT,HAND_TABLE_PENETRATION,False,REJECTED_BEFORE_DIVERSITY,False,-0.01681076066314391,f3Link3,FINGER_3_CLOSURE_0143,0.7 0.6492795 0.58295525 0.465267107,759,0.0014960357142858038,-0.01426734947272068,-0.01426734947272068,f2Link2,PREGRASP,,NOT_EVALUATED,,,,,,,,,,OFFLINE_RESEARCH_NOT_FORMAL
raw_seed_041,41,17830,-0.0133177885 -0.0148601933 -0.00643852758,CLOSURE_REJECT,,,FAST_REJECT,FORBIDDEN_FIRST_CONTACT_FACE_18313,False,REJECTED_BEFORE_DIVERSITY,False,,,,,0,0.0,,,,,,NOT_EVALUATED,,,,,,,,,,OFFLINE_RESEARCH_NOT_FORMAL
raw_seed_339,339,21311,0.0175796849 0.0140308156 -0.0073414078,CLOSURE_SURVIVE,18153 19628 18211,-0.0079749658 0.0194814381 -0.00220600642 | -0.0129869559 -0.0197763703 -0.00885928162 | 0.018490409 -0.0100897307 -0.00378025455,FAST_REJECT,HAND_TABLE_PENETRATION,False,REJECTED_BEFORE_DIVERSITY,False,-0.018663388759502464,f3Link3,FINGER_3_CLOSURE_0143,0.7 0.6492795 0.58295525 0.465267107,759,0.0014960357142858038,-0.016119977569079236,-0.016119977569079236,f2Link2,PREGRASP,,NOT_EVALUATED,,,,,,,,,,OFFLINE_RESEARCH_NOT_FORMAL
raw_seed_163,163,21250,-0.0175534885 -0.014057012 -0.00708328941,CLOSURE_SURVIVE,18223 20918 18141,0.00800645841 -0.0194679775 -0.00194788803 | 0.018833025 0.0143428955 -0.0117137071 | -0.0185082069 0.0100599421 -0.00352213616,FAST_REJECT,HAND_TABLE_PENETRATION,False,REJECTED_BEFORE_DIVERSITY,False,-0.018921507147237282,f3Link3,FINGER_3_CLOSURE_0143,0.7 0.6492795 0.58295525 0.465267107,759,0.0014960357142858038,-0.016378095956814054,-0.016378095956814054,f2Link2,PREGRASP,,NOT_EVALUATED,,,,,,,,,,OFFLINE_RESEARCH_NOT_FORMAL
raw_seed_256,256,20944,0.0232296313 -0.00445275887 -0.0182511774,CLOSURE_SURVIVE,20911 19668 21387,0.00877417433 0.0219747469 -0.0126853177 | -0.022616886 0.00696666657 -0.0158698744 | 0.000782465323 -0.0214659599 -0.0212040937,FAST_REJECT,HAND_TABLE_PENETRATION,False,REJECTED_BEFORE_DIVERSITY,False,-0.007753619201530615,f3Link3,FINGER_3_CLOSURE_0143,0.7 0.6492795 0.58295525 0.465267107,759,0.0014960357142858038,-0.005210208011107387,-0.005210208011107387,f2Link2,PREGRASP,,NOT_EVALUATED,,,,,,,,,,OFFLINE_RESEARCH_NOT_FORMAL
raw_seed_085,85,19677,-0.0194635021 0.0134366643 -0.0142813363,CLOSURE_REJECT,21248 20953,-0.0163850044 -0.0152254961 -0.0183499324 | 0.0192267793 -0.0137769234 -0.018911754,FAST_REJECT,FORBIDDEN_FIRST_CONTACT_FACE_20903,False,REJECTED_BEFORE_DIVERSITY,False,,,,,0,0.0,,,,,,NOT_EVALUATED,,,,,,,,,,OFFLINE_RESEARCH_NOT_FORMAL
raw_seed_154,154,19645,-0.0206875246 -0.0114685184 -0.0178435396,CLOSURE_REJECT,20973 20922,0.00734776229 -0.0224948954 -0.01227768 | 0.0218300747 0.0091466944 -0.0154622367,FAST_REJECT,FORBIDDEN_FIRST_CONTACT_FACE_21131,False,REJECTED_BEFORE_DIVERSITY,False,,,,,0,0.0,,,,,,NOT_EVALUATED,,,,,,,,,,OFFLINE_RESEARCH_NOT_FORMAL
raw_seed_367,367,20917,0.0132328133 0.019605324 -0.0144899834,CLOSURE_REJECT,21218,-0.0153917782 0.0162187223 -0.0185585794,FAST_REJECT,FORBIDDEN_FIRST_CONTACT_FACE_21255,False,REJECTED_BEFORE_DIVERSITY,False,,,,,0,0.0,,,,,,NOT_EVALUATED,,,,,,,,,,OFFLINE_RESEARCH_NOT_FORMAL
raw_seed_028,28,21265,0.00133478301 -0.0223519993 -0.00778235833,CLOSURE_REJECT,18205 19696,0.0205332023 -0.00471678854 -0.00264695695 | -0.00868270907 0.0220081002 -0.00930023214,FAST_REJECT,FORBIDDEN_FIRST_CONTACT_FACE_17839,False,REJECTED_BEFORE_DIVERSITY,False,,,,,0,0.0,,,,,,NOT_EVALUATED,,,,,,,,,,OFFLINE_RESEARCH_NOT_FORMAL
raw_seed_266,266,19672,-0.0213476108 0.0101829772 -0.0149142356,CLOSURE_REJECT,19628 20950,-0.0140460902 -0.0190395164 -0.00934837593 | 0.0201178296 -0.0124594023 -0.0125329326,FAST_REJECT,FORBIDDEN_FIRST_CONTACT_FACE_17702,False,REJECTED_BEFORE_DIVERSITY,False,,,,,0,0.0,,,,,,NOT_EVALUATED,,,,,,,,,,OFFLINE_RESEARCH_NOT_FORMAL
raw_seed_295,295,21017,0.0183461302 0.012478904 -0.00462614781,CLOSURE_REJECT,18157 19643,-0.00532858711 0.0203731598 -0.00281802642 | -0.0197945535 -0.0129608198 -0.00925656545,FAST_REJECT,FORBIDDEN_FIRST_CONTACT_FACE_18020,False,REJECTED_BEFORE_DIVERSITY,False,,,,,0,0.0,,,,,,NOT_EVALUATED,,,,,,,,,,OFFLINE_RESEARCH_NOT_FORMAL
raw_seed_304,304,20908,0.00646233708 0.0227530009 -0.0130595185,CLOSURE_REJECT,,,FAST_REJECT,FORBIDDEN_FIRST_CONTACT_FACE_19679,False,REJECTED_BEFORE_DIVERSITY,False,,,,,0,0.0,,,,,,NOT_EVALUATED,,,,,,,,,,OFFLINE_RESEARCH_NOT_FORMAL
raw_seed_121,121,17864,-0.0146506974 0.0135442325 -0.0105816037,CLOSURE_SURVIVE,21250 20948 21002,-0.0173052327 -0.0143052679 -0.0109552911 | 0.021496443 -0.00986330088 -0.0120994775 | 0.00724332637 0.020965038 -0.00320402958,FAST_REJECT,HAND_TABLE_PENETRATION,False,REJECTED_BEFORE_DIVERSITY,False,-0.015423192877625613,f3Link3,FINGER_3_CLOSURE_0143,0.7 0.6492795 0.58295525 0.465267107,759,0.0014960357142858038,-0.012879781687202385,-0.012879781687202385,f2Link2,PREGRASP,,NOT_EVALUATED,,,,,,,,,,OFFLINE_RESEARCH_NOT_FORMAL
raw_seed_035,35,21264,0.000284777256 -0.0223519993 -0.0135271583,CLOSURE_REJECT,,,FAST_REJECT,FORBIDDEN_FIRST_CONTACT_FACE_20868,False,REJECTED_BEFORE_DIVERSITY,False,,,,,0,0.0,,,,,,NOT_EVALUATED,,,,,,,,,,OFFLINE_RESEARCH_NOT_FORMAL
raw_seed_103,103,21032,0.022015327 -0.00279504821 -0.00234803867,CLOSURE_REJECT,,,FAST_REJECT,FORBIDDEN_FIRST_CONTACT_FACE_19852,False,REJECTED_BEFORE_DIVERSITY,False,,,,,0,0.0,,,,,,NOT_EVALUATED,,,,,,,,,,OFFLINE_RESEARCH_NOT_FORMAL
raw_seed_317,317,18402,-0.0216689702 -0.00479681884 -0.00296956842,CLOSURE_REJECT,,,FAST_REJECT,FORBIDDEN_FIRST_CONTACT_FACE_21261,False,REJECTED_BEFORE_DIVERSITY,False,,,,,0,0.0,,,,,,NOT_EVALUATED,,,,,,,,,,OFFLINE_RESEARCH_NOT_FORMAL
raw_seed_233,233,17847,-0.0199442978 -0.000309149759 -0.00632449045,CLOSURE_SURVIVE,19621 20928 18153,-0.00785970593 -0.0223082126 -0.0133766912 | 0.0234491512 0.00322942569 -0.0116504545 | -0.00844777249 0.0192793512 -0.0027633372,FAST_REJECT,HAND_TABLE_PENETRATION,False,REJECTED_BEFORE_DIVERSITY,False,-0.019680306110194,f3Link3,FINGER_3_CLOSURE_0143,0.7 0.6492795 0.58295525 0.465267107,759,0.0014960357142858038,-0.017136894919770773,-0.017136894919770773,f2Link2,PREGRASP,,NOT_EVALUATED,,,,,,,,,,OFFLINE_RESEARCH_NOT_FORMAL
raw_seed_345,345,17935,0.0147375462 -0.013444826 -0.00706721323,CLOSURE_SURVIVE,18186 19672 18101,0.0179878294 0.0109309065 -0.00193181185 | -0.0215629217 0.00972051145 -0.00858508704 | -0.00706886573 -0.0198344518 -0.00350605998,FAST_REJECT,HAND_TABLE_PENETRATION,False,REJECTED_BEFORE_DIVERSITY,False,-0.018937583330472796,f3Link3,FINGER_3_CLOSURE_0143,0.7 0.6492795 0.58295525 0.465267107,759,0.0014960357142858038,-0.016394172140049568,-0.016394172140049568,f2Link2,PREGRASP,,NOT_EVALUATED,,,,,,,,,,OFFLINE_RESEARCH_NOT_FORMAL
raw_seed_104,104,21069,0.00170110661 0.0223519993 -0.00932098829,CLOSURE_REJECT,,,FAST_REJECT,FORBIDDEN_FIRST_CONTACT_FACE_18042,False,REJECTED_BEFORE_DIVERSITY,False,,,,,0,0.0,,,,,,NOT_EVALUATED,,,,,,,,,,OFFLINE_RESEARCH_NOT_FORMAL
raw_seed_285,285,18422,-0.0176838247 0.0133904891 -0.00420612381,CLOSURE_SURVIVE,18116 20950 20906,-0.017607351 -0.0115677194 -0.00239800242 | 0.0204511761 -0.0118796048 -0.00953208786 | 0.00444375996 0.0232312461 -0.0118923556,FAST_REJECT,HAND_TABLE_PENETRATION,False,REJECTED_BEFORE_DIVERSITY,False,-0.021798672751983328,f3Link3,FINGER_3_CLOSURE_0143,0.7 0.6492795 0.58295525 0.465267107,759,0.0014960357142858038,-0.0192552615615601,-0.0192552615615601,f2Link2,PREGRASP,,NOT_EVALUATED,,,,,,,,,,OFFLINE_RESEARCH_NOT_FORMAL
raw_seed_105,105,17848,-0.0199386195 -0.000958789899 -0.00468362073,CLOSURE_REJECT,18101 20928,-0.00609086261 -0.0201522243 -0.00287549934 | 0.0233111764 0.00399832716 -0.0100095848,FAST_REJECT,FORBIDDEN_FIRST_CONTACT_FACE_17998,False,REJECTED_BEFORE_DIVERSITY,False,,,,,0,0.0,,,,,,NOT_EVALUATED,,,,,,,,,,OFFLINE_RESEARCH_NOT_FORMAL
raw_seed_371,371,21279,0.0162063339 -0.015404167 -0.0127135325,CLOSURE_REJECT,,,FAST_REJECT,FORBIDDEN_FIRST_CONTACT_FACE_20852,False,REJECTED_BEFORE_DIVERSITY,False,,,,,0,0.0,,,,,,NOT_EVALUATED,,,,,,,,,,OFFLINE_RESEARCH_NOT_FORMAL
raw_seed_137,137,14360,-0.0167994943 -0.0051276332 -0.0135764361,CLOSURE_SURVIVE,21264 20928 19268,0.0017566913 -0.0223519993 -0.0176450321 | 0.0232401448 0.00439416966 -0.0111951332 | -0.0145629152 0.0169407732 -0.00607804828,FAST_REJECT,HAND_TABLE_PENETRATION,False,REJECTED_BEFORE_DIVERSITY,False,-0.01242836046309681,f3Link3,FINGER_3_CLOSURE_0143,0.7 0.6492795 0.58295525 0.465267107,759,0.0014960357142858038,-0.009884949272673582,-0.009884949272673582,f2Link2,PREGRASP,,NOT_EVALUATED,,,,,,,,,,OFFLINE_RESEARCH_NOT_FORMAL
raw_seed_287,287,20966,0.0142258021 -0.0189144884 -0.0145511669,CLOSURE_REJECT,20922 19693,0.0212579927 0.0103754676 -0.00898530723 | -0.0120691656 0.0203421907 -0.0121698639,FAST_REJECT,FORBIDDEN_FIRST_CONTACT_FACE_19630,False,REJECTED_BEFORE_DIVERSITY,False,,,,,0,0.0,,,,,,NOT_EVALUATED,,,,,,,,,,OFFLINE_RESEARCH_NOT_FORMAL
raw_seed_156,156,21279,0.0146076061 -0.0170028945 -0.017382404,CLOSURE_REJECT,20920 19691,0.0205353599 0.011733182 -0.0118165444 | -0.0133618738 0.0195155349 -0.0150011011,FAST_REJECT,FORBIDDEN_FIRST_CONTACT_FACE_21179,False,REJECTED_BEFORE_DIVERSITY,False,,,,,0,0.0,,,,,,NOT_EVALUATED,,,,,,,,,,OFFLINE_RESEARCH_NOT_FORMAL
raw_seed_243,243,21281,0.0148821015 -0.0167283994 -0.0064007551,CLOSURE_REJECT,,,FAST_REJECT,FORBIDDEN_FIRST_CONTACT_FACE_18249,False,REJECTED_BEFORE_DIVERSITY,False,,,,,0,0.0,,,,,,NOT_EVALUATED,,,,,,,,,,OFFLINE_RESEARCH_NOT_FORMAL
raw_seed_312,312,20974,0.00568767831 -0.0229620757 -0.0147328646,CLOSURE_REJECT,21295 19701,0.0223519993 0.00244355773 -0.015106552 | -0.00317499995 0.0234589176 -0.0123515617,FAST_REJECT,FORBIDDEN_FIRST_CONTACT_FACE_19664,False,REJECTED_BEFORE_DIVERSITY,False,,,,,0,0.0,,,,,,NOT_EVALUATED,,,,,,,,,,OFFLINE_RESEARCH_NOT_FORMAL
raw_seed_006,6,17867,-0.0141722799 0.0140432155 -0.0146824651,CLOSURE_REJECT,21250 20948,-0.0178520787 -0.0137584217 -0.0150561525 | 0.0211482273 -0.0106112323 -0.0162003389,FAST_REJECT,FORBIDDEN_FIRST_CONTACT_FACE_20899,False,REJECTED_BEFORE_DIVERSITY,False,,,,,0,0.0,,,,,,NOT_EVALUATED,,,,,,,,,,OFFLINE_RESEARCH_NOT_FORMAL
raw_seed_102,102,17919,0.0198561798 -0.00187477122 -0.00606286368,CLOSURE_REJECT,,,FAST_REJECT,FORBIDDEN_FIRST_CONTACT_FACE_19807,False,REJECTED_BEFORE_DIVERSITY,False,,,,,0,0.0,,,,,,NOT_EVALUATED,,,,,,,,,,OFFLINE_RESEARCH_NOT_FORMAL
raw_seed_043,43,31463,0.0172486861 0.00481715291 -0.0243851338,CLOSURE_SURVIVE,21454 33126 21279,-0.00223657862 0.0213726545 -0.0214885533 | -0.0173462942 -0.00360566555 -0.0288382602 | 0.0142461229 -0.0173643777 -0.0170075597,FAST_REJECT,INTERMEDIATE_SEQUENTIAL_CLOSURE_HAND_TABLE_SWEEP,False,REJECTED_BEFORE_DIVERSITY,False,-0.0016196627271919395,f3Link3,FINGER_3_CLOSURE_0143,0.7 0.6492795 0.616117375 0.465267107,781,0.0014960357142858038,0.0009237484632312887,-3.226524132071695e-05,f1Link3,FINGER_1_CLOSURE_0081,,NOT_EVALUATED,,,,,,,,,,OFFLINE_RESEARCH_NOT_FORMAL
raw_seed_370,370,18161,-0.00269413862 0.0208753688 -0.00183426001,CLOSURE_REJECT,,,FAST_REJECT,FORBIDDEN_FIRST_CONTACT_FACE_19024,False,REJECTED_BEFORE_DIVERSITY,False,,,,,0,0.0,,,,,,NOT_EVALUATED,,,,,,,,,,OFFLINE_RESEARCH_NOT_FORMAL
raw_seed_234,234,19695,-0.0103192035 0.0212841877 -0.0168989999,CLOSURE_REJECT,,,FAST_REJECT,FORBIDDEN_FIRST_CONTACT_FACE_21169,False,REJECTED_BEFORE_DIVERSITY,False,,,,,0,0.0,,,,,,NOT_EVALUATED,,,,,,,,,,OFFLINE_RESEARCH_NOT_FORMAL
raw_seed_275,275,21309,0.0158685109 0.0157419904 -0.00689711686,CLOSURE_SURVIVE,18150 19644 18206,-0.0100214922 0.0185093084 -0.00176171547 | -0.0201868465 -0.0123393596 -0.00965215239 | 0.0194603818 -0.00805008265 -0.0033359636,FAST_REJECT,HAND_TABLE_PENETRATION,False,REJECTED_BEFORE_DIVERSITY,False,-0.019107679706350744,f3Link3,FINGER_3_CLOSURE_0143,0.7 0.6492795 0.58295525 0.465267107,759,0.0014960357142858038,-0.016564268515927516,-0.016564268515927516,f2Link2,PREGRASP,,NOT_EVALUATED,,,,,,,,,,OFFLINE_RESEARCH_NOT_FORMAL
raw_seed_364,364,21310,0.0143492419 0.0172612588 -0.0120293548,CLOSURE_SURVIVE,21218 19624 21038,-0.0151392709 0.01647123 -0.0124030422 | -0.00872671981 -0.0219920515 -0.0135472286 | 0.0213146963 -0.00612948973 -0.00465178071,FAST_REJECT,HAND_TABLE_PENETRATION,False,REJECTED_BEFORE_DIVERSITY,False,-0.01397544174691756,f3Link3,FINGER_3_CLOSURE_0143,0.7 0.6492795 0.58295525 0.465267107,759,0.0014960357142858038,-0.011432030556494333,-0.011432030556494333,f2Link2,PREGRASP,,NOT_EVALUATED,,,,,,,,,,OFFLINE_RESEARCH_NOT_FORMAL
raw_seed_346,346,19646,-0.0215677316 -0.00971018039 -0.0131098663,CLOSURE_REJECT,,,FAST_REJECT,FORBIDDEN_FIRST_CONTACT_FACE_20885,False,REJECTED_BEFORE_DIVERSITY,False,,,,,0,0.0,,,,,,NOT_EVALUATED,,,,,,,,,,OFFLINE_RESEARCH_NOT_FORMAL
raw_seed_249,249,17866,-0.0131945695 0.0149780026 -0.0130012576,CLOSURE_REJECT,,,FAST_REJECT,FORBIDDEN_FIRST_CONTACT_FACE_19585,False,REJECTED_BEFORE_DIVERSITY,False,,,,,0,0.0,,,,,,NOT_EVALUATED,,,,,,,,,,OFFLINE_RESEARCH_NOT_FORMAL
raw_seed_200,200,21067,-0.000833422674 0.0223519993 -0.0146961604,CLOSURE_REJECT,21235 20973,-0.0223519993 0.00216499058 -0.0150698478 | 0.00818215239 -0.0221906308 -0.0162140342,FAST_REJECT,FORBIDDEN_FIRST_CONTACT_FACE_20934,False,REJECTED_BEFORE_DIVERSITY,False,,,,,0,0.0,,,,,,NOT_EVALUATED,,,,,,,,,,OFFLINE_RESEARCH_NOT_FORMAL
raw_seed_160,160,20948,0.0212760741 -0.0103366305 -0.014967052,CLOSURE_REJECT,20916 19674,0.0141843573 0.0189433221 -0.00940119239 | -0.0200332907 0.0126064428 -0.0125857491,FAST_REJECT,FORBIDDEN_FIRST_CONTACT_FACE_17783,False,REJECTED_BEFORE_DIVERSITY,False,,,,,0,0.0,,,,,,NOT_EVALUATED,,,,,,,,,,OFFLINE_RESEARCH_NOT_FORMAL
raw_seed_358,358,17920,0.0199442978 -0.000729094402 -0.0103126572,CLOSURE_REJECT,,,FAST_REJECT,FORBIDDEN_FIRST_CONTACT_FACE_17892,False,REJECTED_BEFORE_DIVERSITY,False,,,,,0,0.0,,,,,,NOT_EVALUATED,,,,,,,,,,OFFLINE_RESEARCH_NOT_FORMAL
raw_seed_087,87,21220,-0.014149079 0.0174614216 -0.00714019055,CLOSURE_SURVIVE,18120 20966 18174,-0.0194353761 -0.00811670994 -0.00200478917 | 0.0143428955 -0.018833025 -0.0117706082 | 0.00995002672 0.0185477656 -0.0035790373,FAST_REJECT,HAND_TABLE_PENETRATION,False,REJECTED_BEFORE_DIVERSITY,False,-0.018864606011303575,f3Link3,FINGER_3_CLOSURE_0143,0.7 0.6492795 0.58295525 0.465267107,759,0.0014960357142858038,-0.016321194820880347,-0.016321194820880347,f2Link2,PREGRASP,,NOT_EVALUATED,,,,,,,,,,OFFLINE_RESEARCH_NOT_FORMAL
raw_seed_022,22,17833,-0.0151189627 -0.0130082593 -0.0117896573,CLOSURE_SURVIVE,20973 20919 18419,0.00825036242 -0.0221657577 -0.018841858 | 0.0195056648 0.0133760607 -0.00940835437 | -0.0200005048 0.00958186206 -0.0044120832,FAST_REJECT,HAND_TABLE_PENETRATION,False,REJECTED_BEFORE_DIVERSITY,False,-0.01421513925695983,f3Link3,FINGER_3_CLOSURE_0143,0.7 0.6492795 0.58295525 0.465267107,759,0.0014960357142858038,-0.011671728066536602,-0.011671728066536602,f2Link2,PREGRASP,,NOT_EVALUATED,,,,,,,,,,OFFLINE_RESEARCH_NOT_FORMAL
raw_seed_141,141,18158,-0.00584588613 0.020231822 -0.00238250357,CLOSURE_REJECT,18406,-0.0219493343 -0.00325188504 -0.00275619099,FAST_REJECT,FORBIDDEN_FIRST_CONTACT_FACE_20885,False,REJECTED_BEFORE_DIVERSITY,False,,,,,0,0.0,,,,,,NOT_EVALUATED,,,,,,,,,,OFFLINE_RESEARCH_NOT_FORMAL
raw_seed_309,309,19653,-0.0231772681 -0.00474456676 -0.0156337206,CLOSURE_SURVIVE,21264 20921 19700,0.00152869832 -0.0223519993 -0.016007408 | 0.020550045 0.0117076398 -0.0171515944 | -0.00692456191 0.0226282497 -0.0185901528,FAST_REJECT,HAND_TABLE_PENETRATION,False,REJECTED_BEFORE_DIVERSITY,False,-0.010371075950223574,f3Link3,FINGER_3_CLOSURE_0143,0.7 0.6492795 0.58295525 0.465267107,759,0.0014960357142858038,-0.007827664759800346,-0.007827664759800346,f2Link2,PREGRASP,,NOT_EVALUATED,,,,,,,,,,OFFLINE_RESEARCH_NOT_FORMAL
raw_seed_140,140,21280,0.0170910153 -0.0145194855 -0.0143903837,CLOSURE_REJECT,21309 19671,0.0166408366 0.0149696641 -0.0147640711 | -0.0219048819 0.00896576636 -0.0159082575,FAST_REJECT,FORBIDDEN_FIRST_CONTACT_FACE_19636,False,REJECTED_BEFORE_DIVERSITY,False,,,,,0,0.0,,,,,,NOT_EVALUATED,,,,,,,,,,OFFLINE_RESEARCH_NOT_FORMAL
raw_seed_010,10,19674,-0.0206023018 0.0116167484 -0.00911254788,CLOSURE_SURVIVE,21248 20950 20998,-0.0149467292 -0.0166637716 -0.0131811439 | 0.0203959874 -0.0119755959 -0.0137429655 | 0.00221309242 0.0220800057 -0.00173497377,FAST_REJECT,HAND_TABLE_PENETRATION,False,REJECTED_BEFORE_DIVERSITY,False,-0.016892248686232514,f3Link3,FINGER_3_CLOSURE_0143,0.7 0.6492795 0.58295525 0.465267107,759,0.0014960357142858038,-0.014348837495809286,-0.014348837495809286,f2Link2,PREGRASP,,NOT_EVALUATED,,,,,,,,,,OFFLINE_RESEARCH_NOT_FORMAL
raw_seed_264,264,21053,0.0115041477 -0.0189793367 -0.00532771745,CLOSURE_SURVIVE,18196 19692 18108,0.0206201334 0.00425256521 -0.00351959605 | -0.0119054154 0.0204363367 -0.00995813509 | -0.0123842239 -0.0170454216 -0.00176656419,FAST_REJECT,HAND_TABLE_PENETRATION,False,REJECTED_BEFORE_DIVERSITY,False,-0.020677079114754693,f3Link3,FINGER_3_CLOSURE_0143,0.7 0.6492795 0.58295525 0.465267107,759,0.0014960357142858038,-0.018133667924331465,-0.018133667924331465,f2Link2,PREGRASP,,NOT_EVALUATED,,,,,,,,,,OFFLINE_RESEARCH_NOT_FORMAL
raw_seed_086,86,17815,-0.00152355073 -0.0198959773 -0.011538527,CLOSURE_SURVIVE,20949 20906 18401,0.0214924567 -0.009871863 -0.0185907277 | 0.00436985631 0.0232445076 -0.00915722402 | -0.0209341603 -0.00733676641 -0.00416095285,FAST_REJECT,HAND_TABLE_PENETRATION,False,REJECTED_BEFORE_DIVERSITY,False,-0.01446626960682229,f3Link3,FINGER_3_CLOSURE_0143,0.7 0.6492795 0.58295525 0.465267107,759,0.0014960357142858038,-0.011922858416399063,-0.011922858416399063,f2Link2,PREGRASP,,NOT_EVALUATED,,,,,,,,,,OFFLINE_RESEARCH_NOT_FORMAL
raw_seed_330,330,19668,-0.0228493901 0.00610519806 -0.00765993993,CLOSURE_REJECT,18105 20946,-0.010945845 -0.0179948882 -0.00252453855 | 0.0227413481 -0.00650551252 -0.0122903576,FAST_REJECT,FORBIDDEN_FIRST_CONTACT_FACE_17881,False,REJECTED_BEFORE_DIVERSITY,False,,,,,0,0.0,,,,,,NOT_EVALUATED,,,,,,,,,,OFFLINE_RESEARCH_NOT_FORMAL
raw_seed_066,66,18397,-0.0193581537 -0.0108388969 -0.0052643867,CLOSURE_SURVIVE,18230 20920 18143,0.0035412868 -0.0207606142 -0.00345626531 | 0.0208023127 0.0112688647 -0.00988111671 | -0.0165963619 0.0129662089 -0.00170323345,FAST_REJECT,HAND_TABLE_PENETRATION,False,REJECTED_BEFORE_DIVERSITY,False,-0.020740409856681574,f3Link3,FINGER_3_CLOSURE_0143,0.7 0.6492795 0.58295525 0.465267107,759,0.0014960357142858038,-0.018196998666258346,-0.018196998666258346,f2Link2,PREGRASP,,NOT_EVALUATED,,,,,,,,,,OFFLINE_RESEARCH_NOT_FORMAL
raw_seed_077,77,18110,-0.0139326016 -0.0157994816 -0.00360632007,CLOSURE_REJECT,18221 20916,0.0102113952 -0.0184071172 -0.00179819867 | 0.0133673932 0.0195116949 -0.00893228412,FAST_REJECT,FORBIDDEN_FIRST_CONTACT_FACE_18043,False,REJECTED_BEFORE_DIVERSITY,False,,,,,0,0.0,,,,,,NOT_EVALUATED,,,,,,,,,,OFFLINE_RESEARCH_NOT_FORMAL
raw_seed_245,245,19673,-0.0215831824 0.00967699375 -0.012843374,CLOSURE_REJECT,,,FAST_REJECT,FORBIDDEN_FIRST_CONTACT_FACE_19581,False,REJECTED_BEFORE_DIVERSITY,False,,,,,0,0.0,,,,,,NOT_EVALUATED,,,,,,,,,,OFFLINE_RESEARCH_NOT_FORMAL
raw_seed_220,220,21264,-0.00045574544 -0.0223519993 -0.0181817019,CLOSURE_REJECT,20944,0.0231398554 -0.00495305871 -0.0126158423,FAST_REJECT,FORBIDDEN_FIRST_CONTACT_FACE_20995,False,REJECTED_BEFORE_DIVERSITY,False,,,,,0,0.0,,,,,,NOT_EVALUATED,,,,,,,,,,OFFLINE_RESEARCH_NOT_FORMAL
raw_seed_173,173,18197,0.0210122287 0.00134366088 -0.00354710375,CLOSURE_REJECT,18170 19652,0.0057720193 0.0202558228 -0.00173898236 | -0.0232441417 -0.00437189564 -0.00887306781,FAST_REJECT,FORBIDDEN_FIRST_CONTACT_FACE_18041,False,REJECTED_BEFORE_DIVERSITY,False,,,,,0,0.0,,,,,,NOT_EVALUATED,,,,,,,,,,OFFLINE_RESEARCH_NOT_FORMAL
raw_seed_239,239,20914,0.012305584 0.0202062653 -0.0105207663,CLOSURE_SURVIVE,21219 19626 21032,-0.0174632547 0.0141472459 -0.0108944537 | -0.0126676575 -0.0199980961 -0.015151184 | 0.0220010259 -0.0029539459 -0.00314319221,FAST_REJECT,HAND_TABLE_PENETRATION,False,REJECTED_BEFORE_DIVERSITY,False,-0.015484030250478176,f3Link3,FINGER_3_CLOSURE_0143,0.7 0.6492795 0.58295525 0.465267107,759,0.0014960357142858038,-0.012940619060054948,-0.012940619060054948,f2Link2,PREGRASP,,NOT_EVALUATED,,,,,,,,,,OFFLINE_RESEARCH_NOT_FORMAL
raw_seed_109,109,18210,0.0181245131 -0.0107021367 -0.00188958597,CLOSURE_REJECT,,,FAST_REJECT,FORBIDDEN_FIRST_CONTACT_FACE_20019,False,REJECTED_BEFORE_DIVERSITY,False,,,,,0,0.0,,,,,,NOT_EVALUATED,,,,,,,,,,OFFLINE_RESEARCH_NOT_FORMAL
raw_seed_016,16,20912,0.010014378 0.0214261058 -0.0117551481,CLOSURE_SURVIVE,21219 19626 21030,-0.0178657491 0.0137447513 -0.0158237441 | -0.0122979977 -0.020210627 -0.00937384512 | 0.0221772461 -0.000525760977 -0.00437757395,FAST_REJECT,HAND_TABLE_PENETRATION,False,REJECTED_BEFORE_DIVERSITY,False,-0.014249648509688018,f3Link3,FINGER_3_CLOSURE_0143,0.7 0.6492795 0.58295525 0.465267107,759,0.0014960357142858038,-0.01170623731926479,-0.01170623731926479,f2Link2,PREGRASP,,NOT_EVALUATED,,,,,,,,,,OFFLINE_RESEARCH_NOT_FORMAL
raw_seed_296,296,21219,-0.0169397507 0.0146707501 -0.0122766778,CLOSURE_SURVIVE,21250 20949 21003,-0.0167917048 -0.0148187961 -0.0126503652 | 0.0218223435 -0.00916330023 -0.0137945516 | 0.00655890908 0.0211874182 -0.00489910369,FAST_REJECT,HAND_TABLE_PENETRATION,False,REJECTED_BEFORE_DIVERSITY,False,-0.01372811876534874,f3Link3,FINGER_3_CLOSURE_0143,0.7 0.6492795 0.58295525 0.465267107,759,0.0014960357142858038,-0.011184707574925512,-0.011184707574925512,f2Link2,PREGRASP,,NOT_EVALUATED,,,,,,,,,,OFFLINE_RESEARCH_NOT_FORMAL
raw_seed_204,204,21295,0.0223519993 0.00145145998 -0.00673124807,CLOSURE_SURVIVE,18168 19652 18224,0.00459992208 0.0205394727 -0.00159584669 | -0.0232399621 -0.00439518783 -0.0120572121 | 0.00938712645 -0.0188506751 -0.00317009482,FAST_REJECT,HAND_TABLE_PENETRATION,False,REJECTED_BEFORE_DIVERSITY,False,-0.019273548487983128,f3Link3,FINGER_3_CLOSURE_0143,0.7 0.6492795 0.58295525 0.465267107,759,0.0014960357142858038,-0.0167301372975599,-0.0167301372975599,f2Link2,PREGRASP,,NOT_EVALUATED,,,,,,,,,,OFFLINE_RESEARCH_NOT_FORMAL
raw_seed_272,272,20914,0.0117000487 0.0205544094 -0.00758530512,CLOSURE_REJECT,21219 19626,-0.0166386306 0.0149718704 -0.0116421299 | -0.0120593234 -0.0203478494 -0.0122157228,FAST_REJECT,FORBIDDEN_FIRST_CONTACT_FACE_17921,False,REJECTED_BEFORE_DIVERSITY,False,,,,,0,0.0,,,,,,NOT_EVALUATED,,,,,,,,,,OFFLINE_RESEARCH_NOT_FORMAL
raw_seed_305,305,12733,-0.0105249258 0.0144813963 -0.0122894746,CLOSURE_REJECT,,,FAST_REJECT,FORBIDDEN_FIRST_CONTACT_FACE_19587,False,REJECTED_BEFORE_DIVERSITY,False,,,,,0,0.0,,,,,,NOT_EVALUATED,,,,,,,,,,OFFLINE_RESEARCH_NOT_FORMAL
raw_seed_056,56,20975,0.0063624141 -0.0227799694 -0.0181309446,CLOSURE_REJECT,,,FAST_REJECT,FORBIDDEN_FIRST_CONTACT_FACE_21298,False,REJECTED_BEFORE_DIVERSITY,False,,,,,0,0.0,,,,,,NOT_EVALUATED,,,,,,,,,,OFFLINE_RESEARCH_NOT_FORMAL
raw_seed_236,236,21309,0.0154979875 0.0161125133 -0.0146414583,CLOSURE_REJECT,21220 19625,-0.0139927474 0.0176177531 -0.0150151457 | -0.0102904216 -0.0212975877 -0.0161593321,FAST_REJECT,FORBIDDEN_FIRST_CONTACT_FACE_20958,False,REJECTED_BEFORE_DIVERSITY,False,,,,,0,0.0,,,,,,NOT_EVALUATED,,,,,,,,,,OFFLINE_RESEARCH_NOT_FORMAL
raw_seed_106,106,19695,-0.0104573965 0.0212198489 -0.0198564108,CLOSURE_SURVIVE,19651 20973 21310,-0.0228119054 -0.00624408538 -0.0142905512 | 0.00807632472 -0.0222292214 -0.0174751079 | 0.0144574547 0.017153046 -0.0124788367,FAST_REJECT,HAND_TABLE_PENETRATION,False,REJECTED_BEFORE_DIVERSITY,False,-0.006148385758393493,f3Link3,FINGER_3_CLOSURE_0143,0.7 0.6492795 0.58295525 0.465267107,759,0.0014960357142858038,-0.003604974567970265,-0.003604974567970265,f2Link2,PREGRASP,,NOT_EVALUATED,,,,,,,,,,OFFLINE_RESEARCH_NOT_FORMAL
raw_seed_320,320,20928,0.0232378005 0.00440723363 -0.0105524408,CLOSURE_REJECT,21067,0.000679806201 0.0223519993 -0.0146210368,FAST_REJECT,FORBIDDEN_FIRST_CONTACT_FACE_21240,False,REJECTED_BEFORE_DIVERSITY,False,,,,,0,0.0,,,,,,NOT_EVALUATED,,,,,,,,,,OFFLINE_RESEARCH_NOT_FORMAL
raw_seed_361,361,17850,-0.0198567161 0.00186881263 -0.00580405038,CLOSURE_REJECT,,,FAST_REJECT,FORBIDDEN_FIRST_CONTACT_FACE_18537,False,REJECTED_BEFORE_DIVERSITY,False,,,,,0,0.0,,,,,,NOT_EVALUATED,,,,,,,,,,OFFLINE_RESEARCH_NOT_FORMAL
raw_seed_240,240,19701,-0.00419346167 0.0232761606 -0.0176114376,CLOSURE_REJECT,21233 20969,-0.0223519993 -0.000997914526 -0.017985125 | 0.0112190719 -0.0208309403 -0.0191293114,FAST_REJECT,FORBIDDEN_FIRST_CONTACT_FACE_21074,False,REJECTED_BEFORE_DIVERSITY,False,,,,,0,0.0,,,,,,NOT_EVALUATED,,,,,,,,,,OFFLINE_RESEARCH_NOT_FORMAL
raw_seed_268,268,21281,0.0146456818 -0.016964819 -0.0116957004,CLOSURE_SURVIVE,20925 19690 18382,0.0221524731 0.00828679275 -0.0187479011 | -0.0134084567 0.0194831265 -0.00931439745 | -0.00955636393 -0.0200334962 -0.00431812628,FAST_REJECT,HAND_TABLE_PENETRATION,False,REJECTED_BEFORE_DIVERSITY,False,-0.014309096178451775,f3Link3,FINGER_3_CLOSURE_0143,0.7 0.6492795 0.58295525 0.465267107,759,0.0014960357142858038,-0.011765684988028546,-0.011765684988028546,f2Link2,PREGRASP,,NOT_EVALUATED,,,,,,,,,,OFFLINE_RESEARCH_NOT_FORMAL
raw_seed_127,127,20943,0.0229713123 -0.00565345493 -0.011822418,CLOSURE_REJECT,,,FAST_REJECT,FORBIDDEN_FIRST_CONTACT_FACE_17896,False,REJECTED_BEFORE_DIVERSITY,False,,,,,0,0.0,,,,,,NOT_EVALUATED,,,,,,,,,,OFFLINE_RESEARCH_NOT_FORMAL
raw_seed_343,343,21233,-0.0223519993 0.000878193166 -0.010465949,CLOSURE_REJECT,,,FAST_REJECT,FORBIDDEN_FIRST_CONTACT_FACE_17822,False,REJECTED_BEFORE_DIVERSITY,False,,,,,0,0.0,,,,,,NOT_EVALUATED,,,,,,,,,,OFFLINE_RESEARCH_NOT_FORMAL
raw_seed_179,179,21296,0.0223519993 -0.00208537431 -0.0098196229,CLOSURE_REJECT,20913,0.0102221401 0.0213293777 -0.0168718236,FAST_REJECT,FORBIDDEN_FIRST_CONTACT_FACE_21231,False,REJECTED_BEFORE_DIVERSITY,False,,,,,0,0.0,,,,,,NOT_EVALUATED,,,,,,,,,,OFFLINE_RESEARCH_NOT_FORMAL
raw_seed_054,54,13468,9.94676235e-05 -0.0179781007 -0.0120131467,CLOSURE_SURVIVE,21296 19696 18400,0.0223519993 -0.00287330279 -0.0123868341 | -0.00747221469 0.0224495132 -0.0135310205 | -0.020200231 -0.00916712667 -0.00470901411,FAST_REJECT,HAND_TABLE_PENETRATION,False,REJECTED_BEFORE_DIVERSITY,False,-0.013991649874946832,f3Link3,FINGER_3_CLOSURE_0143,0.7 0.6492795 0.58295525 0.465267107,759,0.0014960357142858038,-0.011448238684523604,-0.011448238684523604,f2Link2,PREGRASP,,NOT_EVALUATED,,,,,,,,,,OFFLINE_RESEARCH_NOT_FORMAL
raw_seed_003,3,21250,-0.0160713955 -0.0155391057 -0.00619509936,CLOSURE_REJECT,,,FAST_REJECT,FORBIDDEN_FIRST_CONTACT_FACE_19724,False,REJECTED_BEFORE_DIVERSITY,False,,,,,0,0.0,,,,,,NOT_EVALUATED,,,,,,,,,,OFFLINE_RESEARCH_NOT_FORMAL
raw_seed_090,90,19647,-0.0222298317 -0.00807465114 -0.0133080898,CLOSURE_REJECT,,,FAST_REJECT,FORBIDDEN_FIRST_CONTACT_FACE_18463,False,REJECTED_BEFORE_DIVERSITY,False,,,,,0,0.0,,,,,,NOT_EVALUATED,,,,,,,,,,OFFLINE_RESEARCH_NOT_FORMAL
raw_seed_124,124,21248,-0.016083413 -0.0155270876 -0.0164899772,CLOSURE_REJECT,20967 20915,0.012913828 -0.0198272463 -0.0109241176 | 0.0110710095 0.0209160667 -0.018007851,FAST_REJECT,FORBIDDEN_FIRST_CONTACT_FACE_16091,False,REJECTED_BEFORE_DIVERSITY,False,,,,,0,0.0,,,,,,NOT_EVALUATED,,,,,,,,,,OFFLINE_RESEARCH_NOT_FORMAL
raw_seed_316,316,21234,-0.0223519993 -0.00284651948 -0.013163159,CLOSURE_SURVIVE,21264 20923 19341,-0.00203876742 -0.0223519993 -0.0172317551 | 0.0213716608 0.0101313202 -0.0146810328 | -0.0114181778 0.0190398434 -0.00578504683,FAST_REJECT,HAND_TABLE_PENETRATION,False,REJECTED_BEFORE_DIVERSITY,False,-0.01284163754197487,f3Link3,FINGER_3_CLOSURE_0143,0.7 0.6492795 0.58295525 0.465267107,759,0.0014960357142858038,-0.010298226351551643,-0.010298226351551643,f2Link2,PREGRASP,,NOT_EVALUATED,,,,,,,,,,OFFLINE_RESEARCH_NOT_FORMAL
raw_seed_248,248,20998,0.0033582045 0.0219248898 -0.0024526712,CLOSURE_REJECT,18412,-0.0212793636 0.00625751496 -0.00282635861,FAST_REJECT,FORBIDDEN_FIRST_CONTACT_FACE_19570,False,REJECTED_BEFORE_DIVERSITY,False,,,,,0,0.0,,,,,,NOT_EVALUATED,,,,,,,,,,OFFLINE_RESEARCH_NOT_FORMAL
raw_seed_195,195,21233,-0.0223519993 0.00102169201 -0.0131340637,CLOSURE_REJECT,,,FAST_REJECT,FORBIDDEN_FIRST_CONTACT_FACE_19634,False,REJECTED_BEFORE_DIVERSITY,False,,,,,0,0.0,,,,,,NOT_EVALUATED,,,,,,,,,,OFFLINE_RESEARCH_NOT_FORMAL
raw_seed_365,365,18206,0.019390119 -0.00823729676 -0.00178400507,CLOSURE_REJECT,,,FAST_REJECT,FORBIDDEN_FIRST_CONTACT_FACE_17960,False,REJECTED_BEFORE_DIVERSITY,False,,,,,0,0.0,,,,,,NOT_EVALUATED,,,,,,,,,,OFFLINE_RESEARCH_NOT_FORMAL
raw_seed_018,18,18232,0.000637846902 -0.0210406543 -0.0036624085,CLOSURE_REJECT,18204 19699,0.0200518383 -0.00646097564 -0.0018542871 | -0.00357909952 0.0233864043 -0.00898837255,FAST_REJECT,FORBIDDEN_FIRST_CONTACT_FACE_18075,False,REJECTED_BEFORE_DIVERSITY,False,,,,,0,0.0,,,,,,NOT_EVALUATED,,,,,,,,,,OFFLINE_RESEARCH_NOT_FORMAL
raw_seed_000,0,20946,0.0225932908 -0.00705409086 -0.0146918386,CLOSURE_REJECT,20914 19673,0.0112078471 0.0208373939 -0.009125979 | -0.0216780505 0.00947322681 -0.0123105357,FAST_REJECT,FORBIDDEN_FIRST_CONTACT_FACE_17777,False,REJECTED_BEFORE_DIVERSITY,False,,,,,0,0.0,,,,,,NOT_EVALUATED,,,,,,,,,,OFFLINE_RESEARCH_NOT_FORMAL
raw_seed_026,26,19628,-0.0134303017 -0.0194679286 -0.0124421279,CLOSURE_SURVIVE,21279 20917 18414,0.0152306857 -0.0163798149 -0.016510724 | 0.0137705282 0.0192312285 -0.0170725456 | -0.0217778666 0.00419675016 -0.00506455381,FAST_REJECT,HAND_TABLE_PENETRATION,False,REJECTED_BEFORE_DIVERSITY,False,-0.013562668650620724,f3Link3,FINGER_3_CLOSURE_0143,0.7 0.6492795 0.58295525 0.465267107,759,0.0014960357142858038,-0.011019257460197496,-0.011019257460197496,f2Link2,PREGRASP,,NOT_EVALUATED,,,,,,,,,,OFFLINE_RESEARCH_NOT_FORMAL
raw_seed_259,259,21248,-0.015973638 -0.0156368628 -0.0129051343,CLOSURE_REJECT,,,FAST_REJECT,FORBIDDEN_FIRST_CONTACT_FACE_21277,False,REJECTED_BEFORE_DIVERSITY,False,,,,,0,0.0,,,,,,NOT_EVALUATED,,,,,,,,,,OFFLINE_RESEARCH_NOT_FORMAL
raw_seed_214,214,17824,-0.00931190384 -0.0176376973 -0.0143849436,CLOSURE_REJECT,21279 20917,0.0171010249 -0.0145094756 -0.0184535397 | 0.0132601281 0.0195863207 -0.0120036407,FAST_REJECT,FORBIDDEN_FIRST_CONTACT_FACE_19689,False,REJECTED_BEFORE_DIVERSITY,False,,,,,0,0.0,,,,,,NOT_EVALUATED,,,,,,,,,,OFFLINE_RESEARCH_NOT_FORMAL
raw_seed_119,119,21058,0.00946902849 -0.0200708252 -0.00446874258,CLOSURE_REJECT,,,FAST_REJECT,FORBIDDEN_FIRST_CONTACT_FACE_18257,False,REJECTED_BEFORE_DIVERSITY,False,,,,,0,0.0,,,,,,NOT_EVALUATED,,,,,,,,,,OFFLINE_RESEARCH_NOT_FORMAL
raw_seed_209,209,13093,0.0160452352 0.00810110645 -0.0119899598,CLOSURE_REJECT,,,FAST_REJECT,FORBIDDEN_FIRST_CONTACT_FACE_19614,False,REJECTED_BEFORE_DIVERSITY,False,,,,,0,0.0,,,,,,NOT_EVALUATED,,,,,,,,,,OFFLINE_RESEARCH_NOT_FORMAL
raw_seed_175,175,20918,0.0190900357 0.013973475 -0.0115983405,CLOSURE_SURVIVE,19700 19644 21043,-0.00648153007 0.0227478208 -0.0186505412 | -0.0204954873 -0.0118025333 -0.00921703752 | 0.0191877295 -0.0111241393 -0.00422076635,FAST_REJECT,HAND_TABLE_PENETRATION,False,REJECTED_BEFORE_DIVERSITY,False,-0.014406456110310328,f3Link3,FINGER_3_CLOSURE_0143,0.7 0.6492795 0.58295525 0.465267107,759,0.0014960357142858038,-0.0118630449198871,-0.0118630449198871,f2Link2,PREGRASP,,NOT_EVALUATED,,,,,,,,,,OFFLINE_RESEARCH_NOT_FORMAL
raw_seed_380,380,21248,-0.0162694694 -0.015341031 -0.0201551456,CLOSURE_SURVIVE,20967 20918 19669,0.0126868316 -0.0199851707 -0.014589286 | 0.0188897642 0.0142613401 -0.0177738427 | -0.0220785866 0.00848941313 -0.0100104665,FAST_REJECT,HAND_TABLE_PENETRATION,False,REJECTED_BEFORE_DIVERSITY,False,-0.005849650956113006,f3Link3,FINGER_3_CLOSURE_0143,0.7 0.6492795 0.58295525 0.465267107,759,0.0014960357142858038,-0.003306239765689778,-0.003306239765689778,f2Link2,PREGRASP,,NOT_EVALUATED,,,,,,,,,,OFFLINE_RESEARCH_NOT_FORMAL
raw_seed_111,111,20915,0.0122463755 0.0202403064 -0.0177583146,CLOSURE_REJECT,21218,-0.0175088354 0.0141016651 -0.018132002,FAST_REJECT,FORBIDDEN_FIRST_CONTACT_FACE_21252,False,REJECTED_BEFORE_DIVERSITY,False,,,,,0,0.0,,,,,,NOT_EVALUATED,,,,,,,,,,OFFLINE_RESEARCH_NOT_FORMAL
raw_seed_172,172,21311,0.0163071038 0.0153033973 -0.0070183682,CLOSURE_SURVIVE,18150 19644 18209,-0.0095104708 0.0187843006 -0.00188296682 | -0.0204527294 -0.0118769031 -0.00979459663 | 0.0192311738 -0.00857694175 -0.00345721495,FAST_REJECT,HAND_TABLE_PENETRATION,False,REJECTED_BEFORE_DIVERSITY,False,-0.018986428357579577,f3Link3,FINGER_3_CLOSURE_0143,0.7 0.6492795 0.58295525 0.465267107,759,0.0014960357142858038,-0.01644301716715635,-0.01644301716715635,f2Link2,PREGRASP,,NOT_EVALUATED,,,,,,,,,,OFFLINE_RESEARCH_NOT_FORMAL
raw_seed_360,360,21068,-0.00235273047 0.0223519993 -0.0137035538,CLOSURE_REJECT,,,FAST_REJECT,FORBIDDEN_FIRST_CONTACT_FACE_19596,False,REJECTED_BEFORE_DIVERSITY,False,,,,,0,0.0,,,,,,NOT_EVALUATED,,,,,,,,,,OFFLINE_RESEARCH_NOT_FORMAL
raw_seed_159,159,20969,0.0120969846 -0.0203261966 -0.0164333722,CLOSURE_SURVIVE,20924 19694 19642,0.0222479916 0.00802485081 -0.0108675126 | -0.00980464621 0.021523751 -0.0140520692 | -0.0190798862 -0.0139880637 -0.0193862638,FAST_REJECT,HAND_TABLE_PENETRATION,False,REJECTED_BEFORE_DIVERSITY,False,-0.009571424383834737,f3Link3,FINGER_3_CLOSURE_0143,0.7 0.6492795 0.58295525 0.465267107,759,0.0014960357142858038,-0.007028013193411509,-0.007028013193411509,f2Link2,PREGRASP,,NOT_EVALUATED,,,,,,,,,,OFFLINE_RESEARCH_NOT_FORMAL
raw_seed_177,177,12625,-0.0164876922 0.00684667476 -0.0124163783,CLOSURE_REJECT,,,FAST_REJECT,FORBIDDEN_FIRST_CONTACT_FACE_19580,False,REJECTED_BEFORE_DIVERSITY,False,,,,,0,0.0,,,,,,NOT_EVALUATED,,,,,,,,,,OFFLINE_RESEARCH_NOT_FORMAL
raw_seed_197,197,19625,-0.00974761287 -0.0215503041 -0.0160511978,CLOSURE_SURVIVE,20952 20914 19671,0.0193122006 -0.0136541411 -0.0104853382 | 0.0120425558 0.0203574897 -0.0136698949 | -0.0223863882 0.00764532364 -0.0190040895,FAST_REJECT,HAND_TABLE_PENETRATION,False,REJECTED_BEFORE_DIVERSITY,False,-0.009953598712894363,f3Link3,FINGER_3_CLOSURE_0143,0.7 0.6492795 0.58295525 0.465267107,759,0.0014960357142858038,-0.0074101875224711344,-0.0074101875224711344,f2Link2,PREGRASP,,NOT_EVALUATED,,,,,,,,,,OFFLINE_RESEARCH_NOT_FORMAL
raw_seed_242,242,18145,-0.0156941913 0.0140275026 -0.00377589193,CLOSURE_REJECT,18118 20952,-0.0184914614 -0.0100879692 -0.00196777054 | 0.0194199749 -0.0134992291 -0.00910185599,FAST_REJECT,FORBIDDEN_FIRST_CONTACT_FACE_17971,False,REJECTED_BEFORE_DIVERSITY,False,,,,,0,0.0,,,,,,NOT_EVALUATED,,,,,,,,,,OFFLINE_RESEARCH_NOT_FORMAL
raw_seed_147,147,21311,0.0178236405 0.0137868599 -0.00908612564,CLOSURE_REJECT,,,FAST_REJECT,FORBIDDEN_FIRST_CONTACT_FACE_18006,False,REJECTED_BEFORE_DIVERSITY,False,,,,,0,0.0,,,,,,NOT_EVALUATED,,,,,,,,,,OFFLINE_RESEARCH_NOT_FORMAL
raw_seed_269,269,18143,-0.0164914661 0.0131105857 -0.00303387871,CLOSURE_REJECT,18391 21046,-0.0160160984 -0.0153696711 -0.00340756613 | 0.0166739894 -0.0146222448 -0.00455178375,FAST_REJECT,FORBIDDEN_FIRST_CONTACT_FACE_19812,False,REJECTED_BEFORE_DIVERSITY,False,,,,,0,0.0,,,,,,NOT_EVALUATED,,,,,,,,,,OFFLINE_RESEARCH_NOT_FORMAL
raw_seed_338,338,18191,0.0200877608 0.00633081322 -0.003340191,CLOSURE_REJECT,,,FAST_REJECT,FORBIDDEN_FIRST_CONTACT_FACE_18266,False,REJECTED_BEFORE_DIVERSITY,False,,,,,0,0.0,,,,,,NOT_EVALUATED,,,,,,,,,,OFFLINE_RESEARCH_NOT_FORMAL
raw_seed_002,2,18374,-0.000682399671 -0.0221689537 -0.00452108653,CLOSURE_REJECT,,,FAST_REJECT,FORBIDDEN_FIRST_CONTACT_FACE_18277,False,REJECTED_BEFORE_DIVERSITY,False,,,,,0,0.0,,,,,,NOT_EVALUATED,,,,,,,,,,OFFLINE_RESEARCH_NOT_FORMAL
raw_seed_045,45,18165,0.00176306221 0.0209901213 -0.00305873223,CLOSURE_SURVIVE,18413 18377 20924,-0.0216681411 0.00480138755 -0.00343241965 | -0.0029172505 -0.0219846211 -0.00457663726 | 0.0220602334 0.00853974345 -0.0107202235,FAST_REJECT,HAND_TABLE_PENETRATION,False,REJECTED_BEFORE_DIVERSITY,False,-0.022946064334397498,f3Link3,FINGER_3_CLOSURE_0143,0.7 0.6492795 0.58295525 0.465267107,759,0.0014960357142858038,-0.02040265314397427,-0.02040265314397427,f2Link2,PREGRASP,,NOT_EVALUATED,,,,,,,,,,OFFLINE_RESEARCH_NOT_FORMAL
raw_seed_012,12,21294,0.0223519993 -0.00193927379 -0.0185265113,CLOSURE_SURVIVE,20908 19667 21384,0.00647188326 0.0227504244 -0.0129606516 | -0.0232021836 0.00460571843 -0.0161452083 | 0.00298281521 -0.02127157 -0.0214794276,FAST_REJECT,HAND_TABLE_PENETRATION,False,REJECTED_BEFORE_DIVERSITY,False,-0.007478285294962195,f3Link3,FINGER_3_CLOSURE_0143,0.7 0.6492795 0.58295525 0.465267107,759,0.0014960357142858038,-0.004934874104538967,-0.004934874104538967,f2Link2,PREGRASP,,NOT_EVALUATED,,,,,,,,,,OFFLINE_RESEARCH_NOT_FORMAL
raw_seed_250,250,19619,-0.00454980432 -0.023212217 -0.0192987647,CLOSURE_REJECT,,,FAST_REJECT,FORBIDDEN_FIRST_CONTACT_FACE_21516,False,REJECTED_BEFORE_DIVERSITY,False,,,,,0,0.0,,,,,,NOT_EVALUATED,,,,,,,,,,OFFLINE_RESEARCH_NOT_FORMAL
raw_seed_050,50,18124,-0.0207070545 -0.00377359228 -0.00322769853,CLOSURE_REJECT,,,FAST_REJECT,FORBIDDEN_FIRST_CONTACT_FACE_18343,False,REJECTED_BEFORE_DIVERSITY,False,,,,,0,0.0,,,,,,NOT_EVALUATED,,,,,,,,,,OFFLINE_RESEARCH_NOT_FORMAL
raw_seed_314,314,19623,-0.00967175109 -0.0215856232 -0.00754052595,CLOSURE_REJECT,18213 20912,0.0160116903 -0.013664096 -0.00240512457 | 0.0100463375 0.0214112263 -0.0121709436,FAST_REJECT,FORBIDDEN_FIRST_CONTACT_FACE_18059,False,REJECTED_BEFORE_DIVERSITY,False,,,,,0,0.0,,,,,,NOT_EVALUATED,,,,,,,,,,OFFLINE_RESEARCH_NOT_FORMAL
raw_seed_162,162,18442,-0.00264888903 0.0220209731 -0.00242392047,CLOSURE_REJECT,18407,-0.0221772461 0.000316518431 -0.00279760789,FAST_REJECT,FORBIDDEN_FIRST_CONTACT_FACE_20885,False,REJECTED_BEFORE_DIVERSITY,False,,,,,0,0.0,,,,,,NOT_EVALUATED,,,,,,,,,,OFFLINE_RESEARCH_NOT_FORMAL
raw_seed_088,88,21022,0.0197848518 0.0100296697 -0.00424159694,CLOSURE_SURVIVE,18161 19646 20952,-0.00267444321 0.0208780367 -0.00243347555 | -0.021280478 -0.0103271715 -0.00887201458 | 0.0189412505 -0.014187335 -0.0119278287,FAST_REJECT,HAND_TABLE_PENETRATION,False,REJECTED_BEFORE_DIVERSITY,False,-0.021763199621420037,f3Link3,FINGER_3_CLOSURE_0143,0.7 0.6492795 0.58295525 0.465267107,759,0.0014960357142858038,-0.01921978843099681,-0.01921978843099681,f2Link2,PREGRASP,,NOT_EVALUATED,,,,,,,,,,OFFLINE_RESEARCH_NOT_FORMAL
raw_seed_253,253,18379,-0.00511501313 -0.0215801074 -0.00265287782,CLOSURE_REJECT,21037,0.0207039445 -0.00795017521 -0.00302656524,FAST_REJECT,FORBIDDEN_FIRST_CONTACT_FACE_20843,False,REJECTED_BEFORE_DIVERSITY,False,,,,,0,0.0,,,,,,NOT_EVALUATED,,,,,,,,,,OFFLINE_RESEARCH_NOT_FORMAL
raw_seed_274,274,18218,0.0129572885 -0.016588418 -0.00236138697,CLOSURE_REJECT,,,FAST_REJECT,FORBIDDEN_FIRST_CONTACT_FACE_20166,False,REJECTED_BEFORE_DIVERSITY,False,,,,,0,0.0,,,,,,NOT_EVALUATED,,,,,,,,,,OFFLINE_RESEARCH_NOT_FORMAL
raw_seed_114,114,18151,-0.0117888637 0.0174384158 -0.00205913021,CLOSURE_REJECT,,,FAST_REJECT,FORBIDDEN_FIRST_CONTACT_FACE_18926,False,REJECTED_BEFORE_DIVERSITY,False,,,,,0,0.0,,,,,,NOT_EVALUATED,,,,,,,,,,OFFLINE_RESEARCH_NOT_FORMAL
raw_seed_282,282,19642,-0.0195063723 -0.0133750438 -0.0184323467,CLOSURE_SURVIVE,20970 20921 21438,0.00944156116 -0.0216927931 -0.0128664871 | 0.0208592991 0.0111697468 -0.0160510438 | -0.0158095791 0.0145510619 -0.021385263,FAST_REJECT,HAND_TABLE_PENETRATION,False,REJECTED_BEFORE_DIVERSITY,False,-0.00757244984785399,f3Link3,FINGER_3_CLOSURE_0143,0.7 0.6492795 0.58295525 0.465267107,759,0.0014960357142858038,-0.005029038657430762,-0.005029038657430762,f2Link2,PREGRASP,,NOT_EVALUATED,,,,,,,,,,OFFLINE_RESEARCH_NOT_FORMAL
raw_seed_055,55,21068,-0.000985386972 0.0223519993 -0.00859698224,CLOSURE_REJECT,21235 20971,-0.0223519993 0.00201319708 -0.00897066966 | 0.00833400011 -0.0221352587 -0.0101148561,FAST_REJECT,FORBIDDEN_FIRST_CONTACT_FACE_17908,False,REJECTED_BEFORE_DIVERSITY,False,,,,,0,0.0,,,,,,NOT_EVALUATED,,,,,,,,,,OFFLINE_RESEARCH_NOT_FORMAL
raw_seed_303,303,20921,0.0209830605 0.0109544857 -0.0136915711,CLOSURE_REJECT,,,FAST_REJECT,FORBIDDEN_FIRST_CONTACT_FACE_21312,False,REJECTED_BEFORE_DIVERSITY,False,,,,,0,0.0,,,,,,NOT_EVALUATED,,,,,,,,,,OFFLINE_RESEARCH_NOT_FORMAL
raw_seed_377,377,17855,-0.019072792 0.00585946465 -0.0137637577,CLOSURE_REJECT,,,FAST_REJECT,FORBIDDEN_FIRST_CONTACT_FACE_21251,False,REJECTED_BEFORE_DIVERSITY,False,,,,,0,0.0,,,,,,NOT_EVALUATED,,,,,,,,,,OFFLINE_RESEARCH_NOT_FORMAL
