candidate_id,source_sample_index,anchor_face_index,anchor_position_object_m,closure_status,contact_face_indices,contact_positions_object_m,fast_filter,fast_reasons,formal_candidate_selected,formal_selection_status,sequential_closure_sweep_pass,minimum_table_clearance_m,minimum_clearance_link,minimum_clearance_finger_stage,minimum_clearance_joint_position_rad,checked_state_count,maximum_joint_increment_rad,endpoint_only_table_clearance_m,first_table_violation_clearance_m,first_table_violation_link,first_table_violation_finger_stage,unresolved_checks,task_status,worst_task_margin,lower_tail_mean_margin,required_peak_normal_force_n,maximum_joint_load_utilization,maximum_generalized_joint_torque_nm,wrist_load_utilization,sensitivity,task_failure_reason,nominal_balance_infeasible_count,evidence
raw_seed_281,281,98536,0.0238956565 0.00210737876 0.00123813858,CLOSURE_REJECT,,,FAST_REJECT,FORBIDDEN_FIRST_CONTACT_FACE_98775,False,REJECTED_BEFORE_DIVERSITY,False,,,,,0,0.0,,,,,,NOT_EVALUATED,,,,,,,,,,OFFLINE_RESEARCH_NOT_FORMAL
raw_seed_102,102,98560,0.023272071 0.00582631365 0.000192385399,CLOSURE_REJECT,98801,0.000500026809 0.0239836319 0.00828942588,FAST_REJECT,FORBIDDEN_FIRST_CONTACT_FACE_99126,False,REJECTED_BEFORE_DIVERSITY,False,,,,,0,0.0,,,,,,NOT_EVALUATED,,,,,,,,,,OFFLINE_RESEARCH_NOT_FORMAL
raw_seed_361,361,14584,0.0133394854 0.00372191502 0.00257724779,CLOSURE_REJECT,,,FAST_REJECT,FORBIDDEN_FIRST_CONTACT_FACE_98805,False,REJECTED_BEFORE_DIVERSITY,False,,,,,0,0.0,,,,,,NOT_EVALUATED,,,,,,,,,,OFFLINE_RESEARCH_NOT_FORMAL
raw_seed_166,166,98596,0.021526086 0.0106124163 0.000936294119,CLOSURE_REJECT,,,FAST_REJECT,FORBIDDEN_FIRST_CONTACT_FACE_98841,False,REJECTED_BEFORE_DIVERSITY,False,,,,,0,0.0,,,,,,NOT_EVALUATED,,,,,,,,,,OFFLINE_RESEARCH_NOT_FORMAL
raw_seed_089,89,98621,0.020768286 0.0120262545 0.00888898141,CLOSURE_REJECT,100000 99208,-0.00613996057 0.0231989389 0.0169860219 | -0.0191477203 -0.0144606222 0.00356301736,FAST_REJECT,FORBIDDEN_FIRST_CONTACT_FACE_5458,False,REJECTED_BEFORE_DIVERSITY,False,,,,,0,0.0,,,,,,NOT_EVALUATED,,,,,,,,,,OFFLINE_RESEARCH_NOT_FORMAL
raw_seed_294,294,98656,0.017281737 0.0166383287 -0.00100270053,CLOSURE_REJECT,98897 99244,-0.0115062458 0.021048529 0.00709433994 | -0.0161431824 -0.0177454912 0.00188163583,FAST_REJECT,FORBIDDEN_FIRST_CONTACT_FACE_99603,False,REJECTED_BEFORE_DIVERSITY,False,,,,,0,0.0,,,,,,NOT_EVALUATED,,,,,,,,,,OFFLINE_RESEARCH_NOT_FORMAL
raw_seed_217,217,98669,0.0167913197 0.0171384456 0.00549290093,CLOSURE_REJECT,,,FAST_REJECT,FORBIDDEN_FIRST_CONTACT_FACE_98895,False,REJECTED_BEFORE_DIVERSITY,False,,,,,0,0.0,,,,,,NOT_EVALUATED,,,,,,,,,,OFFLINE_RESEARCH_NOT_FORMAL
raw_seed_038,38,98693,0.0140574972 0.0194365959 0.00519194435,CLOSURE_SURVIVE,100084 99292 100792,-0.0150547205 0.0186757337 0.0132889848 | -0.0115902123 -0.021003648 -0.000134019702 | 0.0236142243 -0.00422562293 0.0153346093,FAST_REJECT,INTERMEDIATE_SEQUENTIAL_CLOSURE_HAND_TABLE_SWEEP,False,REJECTED_BEFORE_DIVERSITY,False,-0.0006967409123098678,f3Link3,FINGER_3_CLOSURE_0143,0.7 0.6492795 0.58295525 0.465267107,759,0.0014960357142858038,0.0018466702781133604,-3.5201166961318364e-05,f1Link3,FINGER_1_CLOSURE_0103,,NOT_EVALUATED,,,,,,,,,,OFFLINE_RESEARCH_NOT_FORMAL
raw_seed_178,178,98717,0.0107421263 0.0214569593 0.00890520843,CLOSURE_REJECT,,,FAST_REJECT,FORBIDDEN_FIRST_CONTACT_FACE_100130,False,REJECTED_BEFORE_DIVERSITY,False,,,,,0,0.0,,,,,,NOT_EVALUATED,,,,,,,,,,OFFLINE_RESEARCH_NOT_FORMAL
raw_seed_077,77,98752,0.00636226194 0.023136536 0.00733183634,CLOSURE_SURVIVE,100144 99352 98548,-0.0206463179 0.0122223949 0.0154288768 | -0.00350000496 -0.0237340247 0.00200587229 | 0.0235598414 0.00455501391 -0.000354395417,FAST_REJECT,HAND_TABLE_PENETRATION,False,REJECTED_BEFORE_DIVERSITY,False,-0.002836632903795544,f3Link3,FINGER_3_CLOSURE_0143,0.7 0.6492795 0.58295525 0.465267107,759,0.0014960357142858038,-0.00029322171337231584,-0.00029322171337231584,f2Link2,PREGRASP,,NOT_EVALUATED,,,,,,,,,,OFFLINE_RESEARCH_NOT_FORMAL
raw_seed_205,205,98765,0.00591521439 0.0232513423 0.00432657521,CLOSURE_REJECT,,,FAST_REJECT,FORBIDDEN_FIRST_CONTACT_FACE_98991,False,REJECTED_BEFORE_DIVERSITY,False,,,,,0,0.0,,,,,,NOT_EVALUATED,,,,,,,,,,OFFLINE_RESEARCH_NOT_FORMAL
raw_seed_050,50,98789,0.00236401729 0.02387038 0.00633365347,CLOSURE_SURVIVE,100180 99388 98584,-0.0224081762 0.00855984599 0.0144306939 | 0.000556704242 -0.0239817765 0.00100768942 | 0.0224446401 0.00846296342 -0.00135257829,FAST_REJECT,INTERMEDIATE_SEQUENTIAL_CLOSURE_HAND_TABLE_SWEEP,False,REJECTED_BEFORE_DIVERSITY,False,-0.0018384500334763798,f3Link3,FINGER_3_CLOSURE_0143,0.7 0.6492795 0.58295525 0.465267107,759,0.0014960357142858038,0.0007049611569468484,-3.989397693526797e-05,f1Link3,FINGER_1_CLOSURE_0077,,NOT_EVALUATED,,,,,,,,,,OFFLINE_RESEARCH_NOT_FORMAL
raw_seed_013,13,98825,-0.00202647253 0.023903625 0.0087058987,CLOSURE_REJECT,,,FAST_REJECT,FORBIDDEN_FIRST_CONTACT_FACE_99075,False,REJECTED_BEFORE_DIVERSITY,False,,,,,0,0.0,,,,,,NOT_EVALUATED,,,,,,,,,,OFFLINE_RESEARCH_NOT_FORMAL
raw_seed_269,269,98849,-0.00470807639 0.0235328072 0.00185683946,CLOSURE_REJECT,,,FAST_REJECT,FORBIDDEN_FIRST_CONTACT_FACE_99060,False,REJECTED_BEFORE_DIVERSITY,False,,,,,0,0.0,,,,,,NOT_EVALUATED,,,,,,,,,,OFFLINE_RESEARCH_NOT_FORMAL
raw_seed_242,242,98861,-0.00677398657 0.0230116403 0.00240216474,CLOSURE_REJECT,,,FAST_REJECT,FORBIDDEN_FIRST_CONTACT_FACE_99099,False,REJECTED_BEFORE_DIVERSITY,False,,,,,0,0.0,,,,,,NOT_EVALUATED,,,,,,,,,,OFFLINE_RESEARCH_NOT_FORMAL
raw_seed_114,114,98884,-0.0103941168 0.0216249962 0.000452770057,CLOSURE_REJECT,99125 99472,-0.0235953646 -0.00433985381 0.00854981053 | 0.0118024944 -0.0208901809 0.00333710642,FAST_REJECT,FORBIDDEN_FIRST_CONTACT_FACE_98679,False,REJECTED_BEFORE_DIVERSITY,False,,,,,0,0.0,,,,,,NOT_EVALUATED,,,,,,,,,,OFFLINE_RESEARCH_NOT_FORMAL
raw_seed_141,141,98908,-0.0126645682 0.0203713566 0.00200880984,CLOSURE_REJECT,,,FAST_REJECT,FORBIDDEN_FIRST_CONTACT_FACE_99153,False,REJECTED_BEFORE_DIVERSITY,False,,,,,0,0.0,,,,,,NOT_EVALUATED,,,,,,,,,,OFFLINE_RESEARCH_NOT_FORMAL
raw_seed_045,45,98932,-0.0154925562 0.0183164114 0.00526275346,CLOSURE_REJECT,100324,-0.0217452497 -0.0101287116 0.0133597939,FAST_REJECT,FORBIDDEN_FIRST_CONTACT_FACE_99506,False,REJECTED_BEFORE_DIVERSITY,False,,,,,0,0.0,,,,,,NOT_EVALUATED,,,,,,,,,,OFFLINE_RESEARCH_NOT_FORMAL
raw_seed_057,57,82295,-0.0118215365 0.0112219156 0.000707294197,CLOSURE_REJECT,,,FAST_REJECT,FORBIDDEN_FIRST_CONTACT_FACE_99195,False,REJECTED_BEFORE_DIVERSITY,False,,,,,0,0.0,,,,,,NOT_EVALUATED,,,,,,,,,,OFFLINE_RESEARCH_NOT_FORMAL
raw_seed_301,301,98980,-0.0192762321 0.0142812843 -0.00124645797,CLOSURE_REJECT,99221,-0.0188505373 -0.0148417216 0.00685058251,FAST_REJECT,FORBIDDEN_FIRST_CONTACT_FACE_99506,False,REJECTED_BEFORE_DIVERSITY,False,,,,,0,0.0,,,,,,NOT_EVALUATED,,,,,,,,,,OFFLINE_RESEARCH_NOT_FORMAL
raw_seed_082,82,99005,-0.0210109972 0.0115764629 0.00768788311,CLOSURE_REJECT,,,FAST_REJECT,FORBIDDEN_FIRST_CONTACT_FACE_99255,False,REJECTED_BEFORE_DIVERSITY,False,,,,,0,0.0,,,,,,NOT_EVALUATED,,,,,,,,,,OFFLINE_RESEARCH_NOT_FORMAL
raw_seed_173,173,99029,-0.0222901589 0.00887341102 0.00171463193,CLOSURE_REJECT,,,FAST_REJECT,FORBIDDEN_FIRST_CONTACT_FACE_99246,False,REJECTED_BEFORE_DIVERSITY,False,,,,,0,0.0,,,,,,NOT_EVALUATED,,,,,,,,,,OFFLINE_RESEARCH_NOT_FORMAL
raw_seed_365,365,99053,-0.023218821 0.00605469062 -0.000600975622,CLOSURE_REJECT,99293 99641,-0.0119508102 -0.0208109045 0.00749606486 | 0.0235679143 -0.00450611725 0.00228336074,FAST_REJECT,FORBIDDEN_FIRST_CONTACT_FACE_98826,False,REJECTED_BEFORE_DIVERSITY,False,,,,,0,0.0,,,,,,NOT_EVALUATED,,,,,,,,,,OFFLINE_RESEARCH_NOT_FORMAL
raw_seed_024,24,100240,-0.0239968981 9.47884289e-05 0.0102276456,CLOSURE_SURVIVE,100480 98536 4787,-0.00640241495 -0.0231243557 0.0183246861 | 0.0238250457 0.00282430678 0.00490168156 | -0.00883688259 0.0203554816 0.0176052197,FAST_REJECT,HAND_TABLE_PENETRATION,False,REJECTED_BEFORE_DIVERSITY,False,-0.005732442170806595,f3Link3,FINGER_3_CLOSURE_0143,0.7 0.6492795 0.58295525 0.465267107,759,0.0014960357142858038,-0.003189030980383367,-0.003189030980383367,f2Link2,PREGRASP,,NOT_EVALUATED,,,,,,,,,,OFFLINE_RESEARCH_NOT_FORMAL
raw_seed_274,274,99100,-0.0239668675 -0.00101212664 0.00226478299,CLOSURE_REJECT,,,FAST_REJECT,FORBIDDEN_FIRST_CONTACT_FACE_99345,False,REJECTED_BEFORE_DIVERSITY,False,,,,,0,0.0,,,,,,NOT_EVALUATED,,,,,,,,,,OFFLINE_RESEARCH_NOT_FORMAL
raw_seed_018,18,99137,-0.0235118606 -0.00479791135 0.00171501461,CLOSURE_REJECT,,,FAST_REJECT,FORBIDDEN_FIRST_CONTACT_FACE_99369,False,REJECTED_BEFORE_DIVERSITY,False,,,,,0,0.0,,,,,,NOT_EVALUATED,,,,,,,,,,OFFLINE_RESEARCH_NOT_FORMAL
raw_seed_002,2,99149,-0.0230494739 -0.00664926614 0.00522785999,CLOSURE_REJECT,100540 98585,0.000351817282 -0.0239884838 0.0133249005 | 0.0225590835 0.00815889389 0.00811219635,FAST_REJECT,FORBIDDEN_FIRST_CONTACT_FACE_98929,False,REJECTED_BEFORE_DIVERSITY,False,,,,,0,0.0,,,,,,NOT_EVALUATED,,,,,,,,,,OFFLINE_RESEARCH_NOT_FORMAL
raw_seed_253,253,99184,-0.0209794733 -0.01163544 0.00247981125,CLOSURE_REJECT,,,FAST_REJECT,FORBIDDEN_FIRST_CONTACT_FACE_99429,False,REJECTED_BEFORE_DIVERSITY,False,,,,,0,0.0,,,,,,NOT_EVALUATED,,,,,,,,,,OFFLINE_RESEARCH_NOT_FORMAL
raw_seed_258,258,99197,-0.0205686462 -0.0123473011 0.00149605303,CLOSURE_REJECT,,,FAST_REJECT,FORBIDDEN_FIRST_CONTACT_FACE_99429,False,REJECTED_BEFORE_DIVERSITY,False,,,,,0,0.0,,,,,,NOT_EVALUATED,,,,,,,,,,OFFLINE_RESEARCH_NOT_FORMAL
raw_seed_125,125,99232,-0.0170885932 -0.0168445467 0.00716404032,CLOSURE_SURVIVE,100624 98680 99028,0.011755562 -0.0209152668 0.0152610808 | 0.0149099151 0.0187945724 0.00183807627 | -0.0226755392 0.00784947774 -0.000522191439,FAST_REJECT,HAND_TABLE_PENETRATION,False,REJECTED_BEFORE_DIVERSITY,False,-0.002668836881082992,f3Link3,FINGER_3_CLOSURE_0143,0.7 0.6492795 0.58295525 0.465267107,759,0.0014960357142858038,-0.00012542569065976394,-0.00012542569065976394,f2Link2,PREGRASP,,NOT_EVALUATED,,,,,,,,,,OFFLINE_RESEARCH_NOT_FORMAL
raw_seed_130,130,99256,-0.0153058475 -0.0184696392 -0.00164355983,CLOSURE_REJECT,,,FAST_REJECT,FORBIDDEN_FIRST_CONTACT_FACE_99515,False,REJECTED_BEFORE_DIVERSITY,False,,,,,0,0.0,,,,,,NOT_EVALUATED,,,,,,,,,,OFFLINE_RESEARCH_NOT_FORMAL
raw_seed_322,322,99280,-0.0123916756 -0.0205410523 -0.000160150126,CLOSURE_REJECT,99521 98716,0.0165575395 -0.0173574042 0.00793689035 | 0.0110055646 0.0213161486 0.00272418623,FAST_REJECT,FORBIDDEN_FIRST_CONTACT_FACE_99075,False,REJECTED_BEFORE_DIVERSITY,False,,,,,0,0.0,,,,,,NOT_EVALUATED,,,,,,,,,,OFFLINE_RESEARCH_NOT_FORMAL
raw_seed_066,66,99293,-0.0118422654 -0.0208689229 5.33523705e-05,CLOSURE_REJECT,99533 98729,0.0170207768 -0.0169169537 0.00815039285 | 0.0104362927 0.0216058866 0.00293768873,FAST_REJECT,FORBIDDEN_FIRST_CONTACT_FACE_99075,False,REJECTED_BEFORE_DIVERSITY,False,,,,,0,0.0,,,,,,NOT_EVALUATED,,,,,,,,,,OFFLINE_RESEARCH_NOT_FORMAL
raw_seed_317,317,99317,-0.00831973961 -0.0224985456 0.0081971106,CLOSURE_REJECT,100708 98764,0.019517551 -0.0139445245 0.0162941511 | 0.00552150013 0.0233431435 0.00287114655,FAST_REJECT,FORBIDDEN_FIRST_CONTACT_FACE_5002,False,REJECTED_BEFORE_DIVERSITY,False,,,,,0,0.0,,,,,,NOT_EVALUATED,,,,,,,,,,OFFLINE_RESEARCH_NOT_FORMAL
raw_seed_377,377,30864,-0.00196861801 -0.0109578649 0.00265644367,CLOSURE_REJECT,,,FAST_REJECT,FORBIDDEN_FIRST_CONTACT_FACE_99585,False,REJECTED_BEFORE_DIVERSITY,False,,,,,0,0.0,,,,,,NOT_EVALUATED,,,,,,,,,,OFFLINE_RESEARCH_NOT_FORMAL
raw_seed_061,61,99364,-0.00184914407 -0.0239210902 -0.00190258557,CLOSURE_REJECT,99605 98800,0.0225853334 -0.00808914943 0.00619658096 | 0.000262233304 0.0239914165 0.000981750788,FAST_REJECT,FORBIDDEN_FIRST_CONTACT_FACE_99150,False,REJECTED_BEFORE_DIVERSITY,False,,,,,0,0.0,,,,,,NOT_EVALUATED,,,,,,,,,,OFFLINE_RESEARCH_NOT_FORMAL
raw_seed_157,157,99388,0.00131520118 -0.0239569459 0.00593466464,CLOSURE_SURVIVE,100780 98836 99184,0.0234572955 -0.00503192862 0.0140317051 | -0.00421884983 0.0236153425 0.000608700583 | -0.0208912544 -0.0118004861 -0.00175156712,FAST_REJECT,INTERMEDIATE_SEQUENTIAL_CLOSURE_HAND_TABLE_SWEEP,False,REJECTED_BEFORE_DIVERSITY,False,-0.0014394611967654125,f3Link3,FINGER_3_CLOSURE_0143,0.7 0.6492795 0.58295525 0.465267107,759,0.0014960357142858038,0.0011039499936578157,-5.005956758027952e-05,f1Link3,FINGER_1_CLOSURE_0085,,NOT_EVALUATED,,,,,,,,,,OFFLINE_RESEARCH_NOT_FORMAL
raw_seed_098,98,99413,0.00324812252 -0.0237756108 0.0044412187,CLOSURE_REJECT,,,FAST_REJECT,FORBIDDEN_FIRST_CONTACT_FACE_100802,False,REJECTED_BEFORE_DIVERSITY,False,,,,,0,0.0,,,,,,NOT_EVALUATED,,,,,,,,,,OFFLINE_RESEARCH_NOT_FORMAL
raw_seed_285,285,99448,0.00877329351 -0.0223278404 -0.00104728013,CLOSURE_REJECT,98537 98884,0.0238479911 0.00259133644 0.00704976034 | -0.0102315006 0.0216986766 0.00183705623,FAST_REJECT,FORBIDDEN_FIRST_CONTACT_FACE_99243,False,REJECTED_BEFORE_DIVERSITY,False,,,,,0,0.0,,,,,,NOT_EVALUATED,,,,,,,,,,OFFLINE_RESEARCH_NOT_FORMAL
raw_seed_029,29,99461,0.0102225743 -0.021702721 0.00872932188,CLOSURE_REJECT,99700,0.0236260613 0.00415392743 0.0168263624,FAST_REJECT,FORBIDDEN_FIRST_CONTACT_FACE_98875,False,REJECTED_BEFORE_DIVERSITY,False,,,,,0,0.0,,,,,,NOT_EVALUATED,,,,,,,,,,OFFLINE_RESEARCH_NOT_FORMAL
raw_seed_198,198,82426,0.0095665307 -0.0130917577 0.000128876658,CLOSURE_REJECT,98585 98932,0.0224082062 0.00855976606 0.00822591714 | -0.015403411 0.018389571 0.00301321302,FAST_REJECT,FORBIDDEN_FIRST_CONTACT_FACE_99255,False,REJECTED_BEFORE_DIVERSITY,False,,,,,0,0.0,,,,,,NOT_EVALUATED,,,,,,,,,,OFFLINE_RESEARCH_NOT_FORMAL
raw_seed_290,290,99520,0.0164278145 -0.0174789047 0.000476830429,CLOSURE_REJECT,98609 98956,0.021184627 0.0112516243 0.00857387091 | -0.0175480819 0.0163539546 0.00336116679,FAST_REJECT,FORBIDDEN_FIRST_CONTACT_FACE_99270,False,REJECTED_BEFORE_DIVERSITY,False,,,,,0,0.0,,,,,,NOT_EVALUATED,,,,,,,,,,OFFLINE_RESEARCH_NOT_FORMAL
raw_seed_221,221,99532,0.017951768 -0.0159229424 -6.65557141e-05,CLOSURE_REJECT,,,FAST_REJECT,FORBIDDEN_FIRST_CONTACT_FACE_98635,False,REJECTED_BEFORE_DIVERSITY,False,,,,,0,0.0,,,,,,NOT_EVALUATED,,,,,,,,,,OFFLINE_RESEARCH_NOT_FORMAL
raw_seed_162,162,99569,0.020334768 -0.0127234074 0.005328018,CLOSURE_REJECT,99808 99016,0.0176247099 0.0162721395 0.0134250585 | -0.0217326549 0.0101565088 2.05394874e-06,FAST_REJECT,FORBIDDEN_FIRST_CONTACT_FACE_99349,False,REJECTED_BEFORE_DIVERSITY,False,,,,,0,0.0,,,,,,NOT_EVALUATED,,,,,,,,,,OFFLINE_RESEARCH_NOT_FORMAL
raw_seed_378,378,99593,0.0215434375 -0.0105741207 0.00108535363,CLOSURE_REJECT,,,FAST_REJECT,FORBIDDEN_FIRST_CONTACT_FACE_98702,False,REJECTED_BEFORE_DIVERSITY,False,,,,,0,0.0,,,,,,NOT_EVALUATED,,,,,,,,,,OFFLINE_RESEARCH_NOT_FORMAL
raw_seed_133,133,99617,0.0228172223 -0.00741489443 0.00598815506,CLOSURE_REJECT,,,FAST_REJECT,FORBIDDEN_FIRST_CONTACT_FACE_98691,False,REJECTED_BEFORE_DIVERSITY,False,,,,,0,0.0,,,,,,NOT_EVALUATED,,,,,,,,,,OFFLINE_RESEARCH_NOT_FORMAL
raw_seed_122,122,99641,0.0236551774 -0.00397757439 0.00485769177,CLOSURE_REJECT,99880 99088,0.0100601499 0.0217763145 0.0129547322 | -0.0239649342 0.00107118246 -0.000468272285,FAST_REJECT,FORBIDDEN_FIRST_CONTACT_FACE_99385,False,REJECTED_BEFORE_DIVERSITY,False,,,,,0,0.0,,,,,,NOT_EVALUATED,,,,,,,,,,OFFLINE_RESEARCH_NOT_FORMAL
raw_seed_250,250,99652,0.0238518261 -0.00255239912 0.00145586387,CLOSURE_REJECT,,,FAST_REJECT,FORBIDDEN_FIRST_CONTACT_FACE_98739,False,REJECTED_BEFORE_DIVERSITY,False,,,,,0,0.0,,,,,,NOT_EVALUATED,,,,,,,,,,OFFLINE_RESEARCH_NOT_FORMAL
raw_seed_063,63,100005,-0.00526558532 0.02196603 0.0300366032,CLOSURE_REJECT,,,FAST_REJECT,FORBIDDEN_FIRST_CONTACT_FACE_7285,False,REJECTED_BEFORE_DIVERSITY,False,,,,,0,0.0,,,,,,NOT_EVALUATED,,,,,,,,,,OFFLINE_RESEARCH_NOT_FORMAL
raw_seed_236,236,100541,0.000341306446 -0.0239888279 0.0228785866,CLOSURE_REJECT,,,FAST_REJECT,FORBIDDEN_FIRST_CONTACT_FACE_7820,False,REJECTED_BEFORE_DIVERSITY,False,,,,,0,0.0,,,,,,NOT_EVALUATED,,,,,,,,,,OFFLINE_RESEARCH_NOT_FORMAL
raw_seed_338,338,99005,-0.0213645707 0.0109149733 0.00770332674,CLOSURE_REJECT,100396 99604,-0.0161489391 -0.0177400994 0.0158003672 | 0.0225307455 -0.00823418628 0.00237736269,FAST_REJECT,FORBIDDEN_FIRST_CONTACT_FACE_4702,False,REJECTED_BEFORE_DIVERSITY,False,,,,,0,0.0,,,,,,NOT_EVALUATED,,,,,,,,,,OFFLINE_RESEARCH_NOT_FORMAL
raw_seed_314,314,99689,0.0238975426 0.00208822788 0.0300139603,CLOSURE_REJECT,,,FAST_REJECT,FORBIDDEN_FIRST_CONTACT_FACE_99907,False,REJECTED_BEFORE_DIVERSITY,False,,,,,0,0.0,,,,,,NOT_EVALUATED,,,,,,,,,,OFFLINE_RESEARCH_NOT_FORMAL
raw_seed_055,55,100293,-0.0218856431 -0.00561034627 0.0254593156,CLOSURE_REJECT,,,FAST_REJECT,FORBIDDEN_FIRST_CONTACT_FACE_7578,False,REJECTED_BEFORE_DIVERSITY,False,,,,,0,0.0,,,,,,NOT_EVALUATED,,,,,,,,,,OFFLINE_RESEARCH_NOT_FORMAL
raw_seed_212,212,100689,0.0160504668 -0.0159060319 0.0296683006,CLOSURE_SURVIVE,99777 100061 100481,0.0189944713 0.0122290224 0.0255997045 | -0.01278881 0.020294098 0.0268920722 | -0.00758567315 -0.022765417 0.0219820688,FAST_REJECT,HAND_TABLE_PENETRATION,False,REJECTED_BEFORE_DIVERSITY,False,-0.025173097149999185,f3Link3,FINGER_3_CLOSURE_0143,0.7 0.6492795 0.58295525 0.465267107,759,0.0014960357142858038,-0.02262968595957593,-0.02262968595957593,f2Link2,PREGRASP,,NOT_EVALUATED,,,,,,,,,,OFFLINE_RESEARCH_NOT_FORMAL
raw_seed_270,270,7007,0.00070984548 0.0221767633 0.0289210749,CLOSURE_REJECT,,,FAST_REJECT,FORBIDDEN_FIRST_CONTACT_FACE_7237,False,REJECTED_BEFORE_DIVERSITY,False,,,,,0,0.0,,,,,,NOT_EVALUATED,,,,,,,,,,OFFLINE_RESEARCH_NOT_FORMAL
raw_seed_296,296,100337,-0.0211585968 -0.0113003235 0.0216269089,CLOSURE_REJECT,,,FAST_REJECT,FORBIDDEN_FIRST_CONTACT_FACE_7652,False,REJECTED_BEFORE_DIVERSITY,False,,,,,0,0.0,,,,,,NOT_EVALUATED,,,,,,,,,,OFFLINE_RESEARCH_NOT_FORMAL
raw_seed_373,373,99801,0.0175615218 0.0142067393 0.0302728611,CLOSURE_REJECT,,,FAST_REJECT,FORBIDDEN_FIRST_CONTACT_FACE_100015,False,REJECTED_BEFORE_DIVERSITY,False,,,,,0,0.0,,,,,,NOT_EVALUATED,,,,,,,,,,OFFLINE_RESEARCH_NOT_FORMAL
raw_seed_012,12,100497,-0.00544818923 -0.0219234528 0.0268922895,CLOSURE_REJECT,,,FAST_REJECT,FORBIDDEN_FIRST_CONTACT_FACE_7765,False,REJECTED_BEFORE_DIVERSITY,False,,,,,0,0.0,,,,,,NOT_EVALUATED,,,,,,,,,,OFFLINE_RESEARCH_NOT_FORMAL
raw_seed_043,43,100685,0.0175276351 -0.0163757854 0.0293468921,CLOSURE_REJECT,,,FAST_REJECT,FORBIDDEN_FIRST_CONTACT_FACE_6817,False,REJECTED_BEFORE_DIVERSITY,False,,,,,0,0.0,,,,,,NOT_EVALUATED,,,,,,,,,,OFFLINE_RESEARCH_NOT_FORMAL
raw_seed_081,81,7198,-0.0191077265 0.0112898212 0.0272611482,CLOSURE_REJECT,100413 100685,-0.0139866864 -0.0177421146 0.0268874608 | 0.0173659596 -0.0165484049 0.0244849198,FAST_REJECT,FORBIDDEN_FIRST_CONTACT_FACE_99927,False,REJECTED_BEFORE_DIVERSITY,False,,,,,0,0.0,,,,,,NOT_EVALUATED,,,,,,,,,,OFFLINE_RESEARCH_NOT_FORMAL
raw_seed_226,226,99437,0.00633110059 -0.0231459887 0.00136372301,CLOSURE_REJECT,,,FAST_REJECT,FORBIDDEN_FIRST_CONTACT_FACE_99669,False,REJECTED_BEFORE_DIVERSITY,False,,,,,0,0.0,,,,,,NOT_EVALUATED,,,,,,,,,,OFFLINE_RESEARCH_NOT_FORMAL
raw_seed_366,366,7259,-0.021729999 0.0045172912 0.0304812563,CLOSURE_REJECT,100461 100805,-0.00926731364 -0.0205993632 0.0264126602 | 0.0239072755 -0.00198940743 0.0251552922,FAST_REJECT,FORBIDDEN_FIRST_CONTACT_FACE_99979,False,REJECTED_BEFORE_DIVERSITY,False,,,,,0,0.0,,,,,,NOT_EVALUATED,,,,,,,,,,OFFLINE_RESEARCH_NOT_FORMAL
raw_seed_027,27,100821,0.0225945821 -0.000165547473 0.020416254,CLOSURE_REJECT,,,FAST_REJECT,FORBIDDEN_FIRST_CONTACT_FACE_99919,False,REJECTED_BEFORE_DIVERSITY,False,,,,,0,0.0,,,,,,NOT_EVALUATED,,,,,,,,,,OFFLINE_RESEARCH_NOT_FORMAL
raw_seed_032,32,100085,-0.0150500975 0.0186795277 0.0256267612,CLOSURE_REJECT,100353 100613,-0.0193231119 -0.0117005261 0.0252530737 | 0.00932634524 -0.0221087969 0.0261019446,FAST_REJECT,FORBIDDEN_FIRST_CONTACT_FACE_6920,False,REJECTED_BEFORE_DIVERSITY,False,,,,,0,0.0,,,,,,NOT_EVALUATED,,,,,,,,,,OFFLINE_RESEARCH_NOT_FORMAL
raw_seed_064,64,100024,-0.0083916933 0.0224714642 0.00952547605,CLOSURE_REJECT,100264 99473,-0.0238868854 -0.00219643331 0.0176216893 | 0.0110630811 -0.0212854054 0.00419951199,FAST_REJECT,FORBIDDEN_FIRST_CONTACT_FACE_4558,False,REJECTED_BEFORE_DIVERSITY,False,,,,,0,0.0,,,,,,NOT_EVALUATED,,,,,,,,,,OFFLINE_RESEARCH_NOT_FORMAL
raw_seed_116,116,100612,0.00967523289 -0.0219507181 0.01401532,CLOSURE_REJECT,,,FAST_REJECT,FORBIDDEN_FIRST_CONTACT_FACE_4441,False,REJECTED_BEFORE_DIVERSITY,False,,,,,0,0.0,,,,,,NOT_EVALUATED,,,,,,,,,,OFFLINE_RESEARCH_NOT_FORMAL
raw_seed_186,186,99704,0.0222909485 0.00365071521 0.0113560828,CLOSURE_REJECT,,,FAST_REJECT,FORBIDDEN_FIRST_CONTACT_FACE_98767,False,REJECTED_BEFORE_DIVERSITY,False,,,,,0,0.0,,,,,,NOT_EVALUATED,,,,,,,,,,OFFLINE_RESEARCH_NOT_FORMAL
raw_seed_181,181,99797,0.0188598742 0.0148303446 0.0251966961,CLOSURE_REJECT,,,FAST_REJECT,FORBIDDEN_FIRST_CONTACT_FACE_7069,False,REJECTED_BEFORE_DIVERSITY,False,,,,,0,0.0,,,,,,NOT_EVALUATED,,,,,,,,,,OFFLINE_RESEARCH_NOT_FORMAL
raw_seed_291,291,100433,-0.0121220046 -0.0207087447 0.0286154139,CLOSURE_REJECT,,,FAST_REJECT,FORBIDDEN_FIRST_CONTACT_FACE_7710,False,REJECTED_BEFORE_DIVERSITY,False,,,,,0,0.0,,,,,,NOT_EVALUATED,,,,,,,,,,OFFLINE_RESEARCH_NOT_FORMAL
raw_seed_163,163,100420,-0.0134095155 -0.0199009334 0.0137599423,CLOSURE_REJECT,100688 98717,0.0167857965 -0.015120928 0.0133763495 | 0.0108867935 0.0213796331 0.00843397825,FAST_REJECT,FORBIDDEN_FIRST_CONTACT_FACE_4957,False,REJECTED_BEFORE_DIVERSITY,False,,,,,0,0.0,,,,,,NOT_EVALUATED,,,,,,,,,,OFFLINE_RESEARCH_NOT_FORMAL
raw_seed_112,112,99897,0.00726619325 0.0213999973 0.0240697079,CLOSURE_REJECT,100161 100492,-0.0202355936 0.01005883 0.0236960205 | -0.00489339473 -0.023489597 0.0187437438,FAST_REJECT,FORBIDDEN_FIRST_CONTACT_FACE_99698,False,REJECTED_BEFORE_DIVERSITY,False,,,,,0,0.0,,,,,,NOT_EVALUATED,,,,,,,,,,OFFLINE_RESEARCH_NOT_FORMAL
raw_seed_330,330,99796,0.0184813422 0.0152915874 0.00968699343,CLOSURE_REJECT,100036 99245,-0.00989167863 0.0218526478 0.0177840339 | -0.0164843771 -0.0174259281 0.00436102938,FAST_REJECT,FORBIDDEN_FIRST_CONTACT_FACE_5482,False,REJECTED_BEFORE_DIVERSITY,False,,,,,0,0.0,,,,,,NOT_EVALUATED,,,,,,,,,,OFFLINE_RESEARCH_NOT_FORMAL
raw_seed_363,363,100652,0.0134447158 -0.0181542881 0.0141132525,CLOSURE_REJECT,99737,0.02238624 0.00861812905 0.0222169496,FAST_REJECT,FORBIDDEN_FIRST_CONTACT_FACE_100062,False,REJECTED_BEFORE_DIVERSITY,False,,,,,0,0.0,,,,,,NOT_EVALUATED,,,,,,,,,,OFFLINE_RESEARCH_NOT_FORMAL
raw_seed_271,271,99908,0.00701880319 0.0214751635 0.013315341,CLOSURE_SURVIVE,100145 99353 98549,-0.0200436202 0.0131916107 0.0214123815 | -0.0046257905 -0.0235481561 0.00798937693 | 0.0237459633 0.00342769383 0.00562910922,FAST_REJECT,HAND_TABLE_PENETRATION,False,REJECTED_BEFORE_DIVERSITY,False,-0.008820137541496909,f3Link3,FINGER_3_CLOSURE_0143,0.7 0.6492795 0.58295525 0.465267107,759,0.0014960357142858038,-0.00627672635107368,-0.00627672635107368,f2Link2,PREGRASP,,NOT_EVALUATED,,,,,,,,,,OFFLINE_RESEARCH_NOT_FORMAL
raw_seed_380,380,100389,-0.016560937 -0.0153610082 0.0292381469,CLOSURE_REJECT,,,FAST_REJECT,FORBIDDEN_FIRST_CONTACT_FACE_100611,False,REJECTED_BEFORE_DIVERSITY,False,,,,,0,0.0,,,,,,NOT_EVALUATED,,,,,,,,,,OFFLINE_RESEARCH_NOT_FORMAL
raw_seed_260,260,100745,0.0215470726 -0.0105660979 0.017011427,CLOSURE_REJECT,,,FAST_REJECT,FORBIDDEN_FIRST_CONTACT_FACE_99823,False,REJECTED_BEFORE_DIVERSITY,False,,,,,0,0.0,,,,,,NOT_EVALUATED,,,,,,,,,,OFFLINE_RESEARCH_NOT_FORMAL
raw_seed_249,249,82107,-0.0144224574 0.0105251813 0.0132604135,CLOSURE_REJECT,,,FAST_REJECT,FORBIDDEN_FIRST_CONTACT_FACE_5113,False,REJECTED_BEFORE_DIVERSITY,False,,,,,0,0.0,,,,,,NOT_EVALUATED,,,,,,,,,,OFFLINE_RESEARCH_NOT_FORMAL
raw_seed_340,340,100708,0.0194618858 -0.0140222052 0.01588665,CLOSURE_SURVIVE,99797 100084 7546,0.0186481617 0.0150883172 0.0239836905 | -0.0158042534 0.0180606083 0.0131104216 | -0.00464404108 -0.021700445 0.0232642241,FAST_REJECT,HAND_TABLE_PENETRATION,False,REJECTED_BEFORE_DIVERSITY,False,-0.011391446569829267,f3Link3,FINGER_3_CLOSURE_0143,0.7 0.6492795 0.58295525 0.465267107,759,0.0014960357142858038,-0.008848035379406038,-0.008848035379406038,f2Link2,PREGRASP,,NOT_EVALUATED,,,,,,,,,,OFFLINE_RESEARCH_NOT_FORMAL
raw_seed_047,47,100001,-0.00510249075 0.0234408427 0.0169885514,CLOSURE_REJECT,100241,-0.023959291 0.00124356443 0.0250855919,FAST_REJECT,FORBIDDEN_FIRST_CONTACT_FACE_100574,False,REJECTED_BEFORE_DIVERSITY,False,,,,,0,0.0,,,,,,NOT_EVALUATED,,,,,,,,,,OFFLINE_RESEARCH_NOT_FORMAL
raw_seed_134,134,47212,-0.00750130433 -0.00760868183 0.00252979171,CLOSURE_REJECT,,,FAST_REJECT,FORBIDDEN_FIRST_CONTACT_FACE_99477,False,REJECTED_BEFORE_DIVERSITY,False,,,,,0,0.0,,,,,,NOT_EVALUATED,,,,,,,,,,OFFLINE_RESEARCH_NOT_FORMAL
raw_seed_065,65,5003,-0.0221832503 -0.000511692702 0.01897481,CLOSURE_REJECT,,,FAST_REJECT,FORBIDDEN_FIRST_CONTACT_FACE_7544,False,REJECTED_BEFORE_DIVERSITY,False,,,,,0,0.0,,,,,,NOT_EVALUATED,,,,,,,,,,OFFLINE_RESEARCH_NOT_FORMAL
raw_seed_156,156,100469,-0.00902124343 -0.0222345188 0.016642246,CLOSURE_REJECT,,,FAST_REJECT,FORBIDDEN_FIRST_CONTACT_FACE_5466,False,REJECTED_BEFORE_DIVERSITY,False,,,,,0,0.0,,,,,,NOT_EVALUATED,,,,,,,,,,OFFLINE_RESEARCH_NOT_FORMAL
raw_seed_169,169,7655,0.00784595773 -0.0207546244 0.0304364763,CLOSURE_REJECT,,,FAST_REJECT,FORBIDDEN_FIRST_CONTACT_FACE_6733,False,REJECTED_BEFORE_DIVERSITY,False,,,,,0,0.0,,,,,,NOT_EVALUATED,,,,,,,,,,OFFLINE_RESEARCH_NOT_FORMAL
raw_seed_179,179,100528,-0.000385131951 -0.0239873932 0.0163786889,CLOSURE_REJECT,100769,0.0230399975 -0.00668050578 0.0244757293,FAST_REJECT,FORBIDDEN_FIRST_CONTACT_FACE_99942,False,REJECTED_BEFORE_DIVERSITY,False,,,,,0,0.0,,,,,,NOT_EVALUATED,,,,,,,,,,OFFLINE_RESEARCH_NOT_FORMAL
raw_seed_234,234,99869,0.0113939616 0.0211085462 0.0252346357,CLOSURE_REJECT,,,FAST_REJECT,FORBIDDEN_FIRST_CONTACT_FACE_100086,False,REJECTED_BEFORE_DIVERSITY,False,,,,,0,0.0,,,,,,NOT_EVALUATED,,,,,,,,,,OFFLINE_RESEARCH_NOT_FORMAL
raw_seed_381,381,99233,-0.0177584326 -0.016129365 0.00746590352,CLOSURE_REJECT,,,FAST_REJECT,FORBIDDEN_FIRST_CONTACT_FACE_99474,False,REJECTED_BEFORE_DIVERSITY,False,,,,,0,0.0,,,,,,NOT_EVALUATED,,,,,,,,,,OFFLINE_RESEARCH_NOT_FORMAL
raw_seed_095,95,100076,-0.0126840251 0.0186993912 0.0134968069,CLOSURE_SURVIVE,100313 99521 98717,-0.0227044821 -0.00777257825 0.0215938473 | 0.0158243006 -0.018044156 0.0081708428 | 0.0118292358 0.0208758874 0.0058105751,FAST_REJECT,HAND_TABLE_PENETRATION,False,REJECTED_BEFORE_DIVERSITY,False,-0.009001603418921866,f3Link3,FINGER_3_CLOSURE_0143,0.7 0.6492795 0.58295525 0.465267107,759,0.0014960357142858038,-0.006458192228498638,-0.006458192228498638,f2Link2,PREGRASP,,NOT_EVALUATED,,,,,,,,,,OFFLINE_RESEARCH_NOT_FORMAL
raw_seed_219,219,100773,0.0218158782 -0.0058956153 0.0298122083,CLOSURE_REJECT,99873 100157,0.010466792 0.0200175337 0.0257436123 | -0.0211470501 0.0113219257 0.0270359799,FAST_REJECT,FORBIDDEN_FIRST_CONTACT_FACE_100567,False,REJECTED_BEFORE_DIVERSITY,False,,,,,0,0.0,,,,,,NOT_EVALUATED,,,,,,,,,,OFFLINE_RESEARCH_NOT_FORMAL
raw_seed_233,233,7823,0.0211599267 -0.00668077805 0.0282616911,CLOSURE_REJECT,,,FAST_REJECT,FORBIDDEN_FIRST_CONTACT_FACE_99843,False,REJECTED_BEFORE_DIVERSITY,False,,,,,0,0.0,,,,,,NOT_EVALUATED,,,,,,,,,,OFFLINE_RESEARCH_NOT_FORMAL
raw_seed_223,223,100077,-0.0134452205 0.0181539264 0.0249212096,CLOSURE_REJECT,,,FAST_REJECT,FORBIDDEN_FIRST_CONTACT_FACE_100321,False,REJECTED_BEFORE_DIVERSITY,False,,,,,0,0.0,,,,,,NOT_EVALUATED,,,,,,,,,,OFFLINE_RESEARCH_NOT_FORMAL
raw_seed_321,321,4895,-0.0185791461 0.0121398485 0.0187166797,CLOSURE_REJECT,100385,-0.0179475389 -0.0159274578 0.0268137201,FAST_REJECT,FORBIDDEN_FIRST_CONTACT_FACE_100778,False,REJECTED_BEFORE_DIVERSITY,False,,,,,0,0.0,,,,,,NOT_EVALUATED,,,,,,,,,,OFFLINE_RESEARCH_NOT_FORMAL
raw_seed_332,332,100529,-0.00154337177 -0.0239494763 0.0112957709,CLOSURE_REJECT,,,FAST_REJECT,FORBIDDEN_FIRST_CONTACT_FACE_100778,False,REJECTED_BEFORE_DIVERSITY,False,,,,,0,0.0,,,,,,NOT_EVALUATED,,,,,,,,,,OFFLINE_RESEARCH_NOT_FORMAL
raw_seed_146,146,99040,-0.0230842612 0.00653458827 0.00226699854,CLOSURE_REJECT,,,FAST_REJECT,FORBIDDEN_FIRST_CONTACT_FACE_99285,False,REJECTED_BEFORE_DIVERSITY,False,,,,,0,0.0,,,,,,NOT_EVALUATED,,,,,,,,,,OFFLINE_RESEARCH_NOT_FORMAL
raw_seed_282,282,99724,0.022783258 0.0075268593 0.0153680872,CLOSURE_REJECT,,,FAST_REJECT,FORBIDDEN_FIRST_CONTACT_FACE_7012,False,REJECTED_BEFORE_DIVERSITY,False,,,,,0,0.0,,,,,,NOT_EVALUATED,,,,,,,,,,OFFLINE_RESEARCH_NOT_FORMAL
raw_seed_080,80,99981,-0.00254908582 0.0224461316 0.0169391857,CLOSURE_REJECT,100217,-0.0237079639 0.00365785199 0.0250362262,FAST_REJECT,FORBIDDEN_FIRST_CONTACT_FACE_100542,False,REJECTED_BEFORE_DIVERSITY,False,,,,,0,0.0,,,,,,NOT_EVALUATED,,,,,,,,,,OFFLINE_RESEARCH_NOT_FORMAL
raw_seed_280,280,100228,-0.0239343377 0.00171463887 0.0215301375,CLOSURE_REJECT,,,FAST_REJECT,FORBIDDEN_FIRST_CONTACT_FACE_100483,False,REJECTED_BEFORE_DIVERSITY,False,,,,,0,0.0,,,,,,NOT_EVALUATED,,,,,,,,,,OFFLINE_RESEARCH_NOT_FORMAL
raw_seed_140,140,100480,-0.00685405792 -0.0229873508 0.00937853106,CLOSURE_REJECT,,,FAST_REJECT,FORBIDDEN_FIRST_CONTACT_FACE_99588,False,REJECTED_BEFORE_DIVERSITY,False,,,,,0,0.0,,,,,,NOT_EVALUATED,,,,,,,,,,OFFLINE_RESEARCH_NOT_FORMAL
raw_seed_229,229,99717,0.0218567034 0.00573446215 0.0275347269,CLOSURE_REJECT,,,FAST_REJECT,FORBIDDEN_FIRST_CONTACT_FACE_7026,False,REJECTED_BEFORE_DIVERSITY,False,,,,,0,0.0,,,,,,NOT_EVALUATED,,,,,,,,,,OFFLINE_RESEARCH_NOT_FORMAL
raw_seed_034,34,99497,0.0137857164 -0.0196313514 0.00284532274,CLOSURE_REJECT,,,FAST_REJECT,FORBIDDEN_FIRST_CONTACT_FACE_98583,False,REJECTED_BEFORE_DIVERSITY,False,,,,,0,0.0,,,,,,NOT_EVALUATED,,,,,,,,,,OFFLINE_RESEARCH_NOT_FORMAL
raw_seed_147,147,100557,0.00280122909 -0.0224212975 0.026335491,CLOSURE_SURVIVE,100821 99941 100348,0.0225928637 -0.000218039692 0.0259618036 | 0.00247429955 0.0238595182 0.0235592626 | -0.0200239903 -0.0132231782 0.0186492593,FAST_REJECT,HAND_TABLE_PENETRATION,False,REJECTED_BEFORE_DIVERSITY,False,-0.0218402876000503,f3Link3,FINGER_3_CLOSURE_0143,0.7 0.6492795 0.58295525 0.465267107,759,0.0014960357142858038,-0.019296876409627073,-0.019296876409627073,f2Link2,PREGRASP,,NOT_EVALUATED,,,,,,,,,,OFFLINE_RESEARCH_NOT_FORMAL
raw_seed_001,1,4339,0.0178450002 0.00076806441 0.0111329526,CLOSURE_REJECT,,,FAST_REJECT,FORBIDDEN_FIRST_CONTACT_FACE_99894,False,REJECTED_BEFORE_DIVERSITY,False,,,,,0,0.0,,,,,,NOT_EVALUATED,,,,,,,,,,OFFLINE_RESEARCH_NOT_FORMAL
raw_seed_192,192,100013,-0.00732251869 0.0228452443 0.0281993781,CLOSURE_REJECT,100269,-0.0224917999 -0.00208540988 0.024130782,FAST_REJECT,FORBIDDEN_FIRST_CONTACT_FACE_100587,False,REJECTED_BEFORE_DIVERSITY,False,,,,,0,0.0,,,,,,NOT_EVALUATED,,,,,,,,,,OFFLINE_RESEARCH_NOT_FORMAL
raw_seed_070,70,82496,0.0168463984 0.0140953911 0.0200156008,CLOSURE_REJECT,,,FAST_REJECT,FORBIDDEN_FIRST_CONTACT_FACE_4777,False,REJECTED_BEFORE_DIVERSITY,False,,,,,0,0.0,,,,,,NOT_EVALUATED,,,,,,,,,,OFFLINE_RESEARCH_NOT_FORMAL
raw_seed_104,104,100312,-0.0224299218 -0.00850206908 0.0159460492,CLOSURE_SURVIVE,100553 99748 7150,0.0023026537 -0.0238764237 0.0240430897 | 0.0218184232 0.00996721412 0.0188303856 | -0.0155428096 0.0158429096 0.0233236233,FAST_REJECT,HAND_TABLE_PENETRATION,False,REJECTED_BEFORE_DIVERSITY,False,-0.011450845781128205,f3Link3,FINGER_3_CLOSURE_0143,0.7 0.6492795 0.58295525 0.465267107,759,0.0014960357142858038,-0.008907434590704977,-0.008907434590704977,f2Link2,PREGRASP,,NOT_EVALUATED,,,,,,,,,,OFFLINE_RESEARCH_NOT_FORMAL
raw_seed_376,376,100180,-0.0225898081 0.00807726043 0.0155300591,CLOSURE_REJECT,100421,-0.0137417307 -0.0196628711 0.0236278179,FAST_REJECT,FORBIDDEN_FIRST_CONTACT_FACE_100746,False,REJECTED_BEFORE_DIVERSITY,False,,,,,0,0.0,,,,,,NOT_EVALUATED,,,,,,,,,,OFFLINE_RESEARCH_NOT_FORMAL
raw_seed_345,345,98609,0.0213108612 0.0110154567 0.00404965564,CLOSURE_REJECT,100000 99208,-0.00502191162 0.0234596311 0.0121466961 | -0.0198162761 -0.0135276545 -0.00127630841,FAST_REJECT,FORBIDDEN_FIRST_CONTACT_FACE_99526,False,REJECTED_BEFORE_DIVERSITY,False,,,,,0,0.0,,,,,,NOT_EVALUATED,,,,,,,,,,OFFLINE_RESEARCH_NOT_FORMAL
raw_seed_062,62,5339,0.00660537133 -0.0211828012 0.017903731,CLOSURE_SURVIVE,99677 100036 7426,0.0239716564 0.000865841524 0.0260007715 | -0.0098729506 0.0218611334 0.0125777669 | -0.0167494832 -0.0145660261 0.0252813051,FAST_REJECT,HAND_TABLE_PENETRATION,False,REJECTED_BEFORE_DIVERSITY,False,-0.013408527536000858,f3Link3,FINGER_3_CLOSURE_0143,0.7 0.6492795 0.58295525 0.465267107,759,0.0014960357142858038,-0.01086511634557763,-0.01086511634557763,f2Link2,PREGRASP,,NOT_EVALUATED,,,,,,,,,,OFFLINE_RESEARCH_NOT_FORMAL
raw_seed_030,30,6299,-0.0150709342 -0.0153262994 0.0199778236,CLOSURE_REJECT,,,FAST_REJECT,FORBIDDEN_FIRST_CONTACT_FACE_7676,False,REJECTED_BEFORE_DIVERSITY,False,,,,,0,0.0,,,,,,NOT_EVALUATED,,,,,,,,,,OFFLINE_RESEARCH_NOT_FORMAL
raw_seed_306,306,98777,0.00383942524 0.023677986 0.00471433032,CLOSURE_REJECT,100168 99376,-0.0218341622 0.00993247725 0.0128113708 | -0.000931129251 -0.0239695191 -0.000611633731,FAST_REJECT,FORBIDDEN_FIRST_CONTACT_FACE_98526,False,REJECTED_BEFORE_DIVERSITY,False,,,,,0,0.0,,,,,,NOT_EVALUATED,,,,,,,,,,OFFLINE_RESEARCH_NOT_FORMAL
raw_seed_123,123,100756,0.0227094456 -0.00775939045 0.0123530266,CLOSURE_REJECT,,,FAST_REJECT,FORBIDDEN_FIRST_CONTACT_FACE_99866,False,REJECTED_BEFORE_DIVERSITY,False,,,,,0,0.0,,,,,,NOT_EVALUATED,,,,,,,,,,OFFLINE_RESEARCH_NOT_FORMAL
raw_seed_354,354,99377,-0.00128925114 -0.0239577954 0.00192589143,CLOSURE_REJECT,,,FAST_REJECT,FORBIDDEN_FIRST_CONTACT_FACE_99609,False,REJECTED_BEFORE_DIVERSITY,False,,,,,0,0.0,,,,,,NOT_EVALUATED,,,,,,,,,,OFFLINE_RESEARCH_NOT_FORMAL
raw_seed_273,273,7319,-0.0221090369 -0.00189292302 0.0284007703,CLOSURE_REJECT,,,FAST_REJECT,FORBIDDEN_FIRST_CONTACT_FACE_100491,False,REJECTED_BEFORE_DIVERSITY,False,,,,,0,0.0,,,,,,NOT_EVALUATED,,,,,,,,,,OFFLINE_RESEARCH_NOT_FORMAL
raw_seed_074,74,99788,0.0184110545 0.0130863985 0.0126683894,CLOSURE_SURVIVE,100025 99233 99581,-0.00826486411 0.0225191992 0.0207654299 | -0.0177176041 -0.0161729572 0.00734242532 | 0.021124138 -0.0113647914 0.00498215761,FAST_REJECT,HAND_TABLE_PENETRATION,False,REJECTED_BEFORE_DIVERSITY,False,-0.008173185934377214,f3Link3,FINGER_3_CLOSURE_0143,0.7 0.6492795 0.58295525 0.465267107,759,0.0014960357142858038,-0.005629774743953986,-0.005629774743953986,f2Link2,PREGRASP,,NOT_EVALUATED,,,,,,,,,,OFFLINE_RESEARCH_NOT_FORMAL
raw_seed_006,6,82159,0.0107257004 0.0145100812 0.011871503,CLOSURE_REJECT,,,FAST_REJECT,FORBIDDEN_FIRST_CONTACT_FACE_98943,False,REJECTED_BEFORE_DIVERSITY,False,,,,,0,0.0,,,,,,NOT_EVALUATED,,,,,,,,,,OFFLINE_RESEARCH_NOT_FORMAL
raw_seed_090,90,99749,0.0218395916 0.00992049432 0.0203082088,CLOSURE_REJECT,,,FAST_REJECT,FORBIDDEN_FIRST_CONTACT_FACE_7064,False,REJECTED_BEFORE_DIVERSITY,False,,,,,0,0.0,,,,,,NOT_EVALUATED,,,,,,,,,,OFFLINE_RESEARCH_NOT_FORMAL
raw_seed_263,263,100160,-0.0196029977 0.0112423355 0.0279582556,CLOSURE_SURVIVE,100401 100685 6995,-0.0152087676 -0.0167035258 0.0238896596 | 0.0175788038 -0.016321153 0.0251820272 | 0.00230065208 0.0220688794 0.0246137335,FAST_REJECT,HAND_TABLE_PENETRATION,False,REJECTED_BEFORE_DIVERSITY,False,-0.023463052157907782,f3Link3,FINGER_3_CLOSURE_0143,0.7 0.6492795 0.58295525 0.465267107,759,0.0014960357142858038,-0.020919640967484554,-0.020919640967484554,f2Link2,PREGRASP,,NOT_EVALUATED,,,,,,,,,,OFFLINE_RESEARCH_NOT_FORMAL
raw_seed_371,371,100473,-0.00744744804 -0.0213317778 0.0185193731,CLOSURE_SURVIVE,100709 99916 7319,0.0197735009 -0.0135873471 0.0266164136 | 0.00509365109 0.0234429038 0.0131934091 | -0.0221259514 -0.00172118623 0.0258969472,FAST_REJECT,HAND_TABLE_PENETRATION,False,REJECTED_BEFORE_DIVERSITY,False,-0.014024169704867862,f3Link3,FINGER_3_CLOSURE_0143,0.7 0.6492795 0.58295525 0.465267107,759,0.0014960357142858038,-0.011480758514444633,-0.011480758514444633,f2Link2,PREGRASP,,NOT_EVALUATED,,,,,,,,,,OFFLINE_RESEARCH_NOT_FORMAL
raw_seed_288,288,100084,-0.015814853 0.0180519094 0.0163449021,CLOSURE_REJECT,,,FAST_REJECT,FORBIDDEN_FIRST_CONTACT_FACE_100327,False,REJECTED_BEFORE_DIVERSITY,False,,,,,0,0.0,,,,,,NOT_EVALUATED,,,,,,,,,,OFFLINE_RESEARCH_NOT_FORMAL
raw_seed_201,201,7415,-0.0178331441 -0.0132065196 0.0292778787,CLOSURE_REJECT,100617 99809,0.00920453227 -0.0206278091 0.0252092827 | 0.0173975782 0.016514646 0.0239519147,FAST_REJECT,FORBIDDEN_FIRST_CONTACT_FACE_100135,False,REJECTED_BEFORE_DIVERSITY,False,,,,,0,0.0,,,,,,NOT_EVALUATED,,,,,,,,,,OFFLINE_RESEARCH_NOT_FORMAL
raw_seed_048,48,99921,0.00484764387 0.0220634801 0.0160667202,CLOSURE_REJECT,,,FAST_REJECT,FORBIDDEN_FIRST_CONTACT_FACE_100139,False,REJECTED_BEFORE_DIVERSITY,False,,,,,0,0.0,,,,,,NOT_EVALUATED,,,,,,,,,,OFFLINE_RESEARCH_NOT_FORMAL
raw_seed_093,93,99545,0.0182917775 -0.0155225727 0.0064169121,CLOSURE_REJECT,,,FAST_REJECT,FORBIDDEN_FIRST_CONTACT_FACE_98634,False,REJECTED_BEFORE_DIVERSITY,False,,,,,0,0.0,,,,,,NOT_EVALUATED,,,,,,,,,,OFFLINE_RESEARCH_NOT_FORMAL
raw_seed_086,86,7691,0.0112833988 -0.0191117202 0.0235729773,CLOSURE_REJECT,,,FAST_REJECT,FORBIDDEN_FIRST_CONTACT_FACE_6764,False,REJECTED_BEFORE_DIVERSITY,False,,,,,0,0.0,,,,,,NOT_EVALUATED,,,,,,,,,,OFFLINE_RESEARCH_NOT_FORMAL
raw_seed_164,164,100793,0.0235961584 -0.00433504608 0.020699063,CLOSURE_REJECT,,,FAST_REJECT,FORBIDDEN_FIRST_CONTACT_FACE_6920,False,REJECTED_BEFORE_DIVERSITY,False,,,,,0,0.0,,,,,,NOT_EVALUATED,,,,,,,,,,OFFLINE_RESEARCH_NOT_FORMAL
raw_seed_232,232,100316,-0.0213043578 -0.00752030091 0.00912398513,CLOSURE_REJECT,,,FAST_REJECT,FORBIDDEN_FIRST_CONTACT_FACE_100550,False,REJECTED_BEFORE_DIVERSITY,False,,,,,0,0.0,,,,,,NOT_EVALUATED,,,,,,,,,,OFFLINE_RESEARCH_NOT_FORMAL
raw_seed_085,85,99844,0.0139182792 0.0195363582 0.0186704136,CLOSURE_SURVIVE,100085 100444 7834,-0.0151872541 0.0185669663 0.0267674541 | -0.0114390478 -0.0210844471 0.0133444495 | 0.0217272953 -0.0045288864 0.0260479877,FAST_REJECT,HAND_TABLE_PENETRATION,False,REJECTED_BEFORE_DIVERSITY,False,-0.014175210145248585,f3Link3,FINGER_3_CLOSURE_0143,0.7 0.6492795 0.58295525 0.465267107,759,0.0014960357142858038,-0.011631798954825356,-0.011631798954825356,f2Link2,PREGRASP,,NOT_EVALUATED,,,,,,,,,,OFFLINE_RESEARCH_NOT_FORMAL
raw_seed_210,210,98957,-0.0175269737 0.0163764916 0.00747068229,CLOSURE_REJECT,100348 99556,-0.0204102155 -0.0126020781 0.0155677228 | 0.0193891836 -0.0141236609 0.00214471823,FAST_REJECT,FORBIDDEN_FIRST_CONTACT_FACE_98715,False,REJECTED_BEFORE_DIVERSITY,False,,,,,0,0.0,,,,,,NOT_EVALUATED,,,,,,,,,,OFFLINE_RESEARCH_NOT_FORMAL
raw_seed_051,51,100505,-0.00455913613 -0.0235591608 0.0284725321,CLOSURE_SURVIVE,100749 99881 100301,0.0207270569 -0.00898548782 0.0244039361 | 0.0097540908 0.021914988 0.0256963037 | -0.0231384257 -0.00635603258 0.0207863004,FAST_REJECT,HAND_TABLE_PENETRATION,False,REJECTED_BEFORE_DIVERSITY,False,-0.023977328697221245,f3Link3,FINGER_3_CLOSURE_0143,0.7 0.6492795 0.58295525 0.465267107,759,0.0014960357142858038,-0.021433917506798017,-0.021433917506798017,f2Link2,PREGRASP,,NOT_EVALUATED,,,,,,,,,,OFFLINE_RESEARCH_NOT_FORMAL
raw_seed_126,126,4583,0.0135687261 0.0175679467 0.0193503482,CLOSURE_REJECT,,,FAST_REJECT,FORBIDDEN_FIRST_CONTACT_FACE_100095,False,REJECTED_BEFORE_DIVERSITY,False,,,,,0,0.0,,,,,,NOT_EVALUATED,,,,,,,,,,OFFLINE_RESEARCH_NOT_FORMAL
raw_seed_087,87,100348,-0.0201727353 -0.0129839769 0.0234950733,CLOSURE_REJECT,100617,0.00958120771 -0.0204571395 0.0231213859,FAST_REJECT,FORBIDDEN_FIRST_CONTACT_FACE_99771,False,REJECTED_BEFORE_DIVERSITY,False,,,,,0,0.0,,,,,,NOT_EVALUATED,,,,,,,,,,OFFLINE_RESEARCH_NOT_FORMAL
raw_seed_295,295,100193,-0.0227968246 0.00748213667 0.0180463626,CLOSURE_SURVIVE,100433 100781 7031,-0.013216944 -0.0200278669 0.0261434031 | 0.0232412984 -0.00595829029 0.0209306989 | -0.00213547224 0.0220851481 0.0254239367,FAST_REJECT,HAND_TABLE_PENETRATION,False,REJECTED_BEFORE_DIVERSITY,False,-0.013551159147074276,f3Link3,FINGER_3_CLOSURE_0143,0.7 0.6492795 0.58295525 0.465267107,759,0.0014960357142858038,-0.011007747956651048,-0.011007747956651048,f2Link2,PREGRASP,,NOT_EVALUATED,,,,,,,,,,OFFLINE_RESEARCH_NOT_FORMAL
raw_seed_262,262,82126,-0.00647361584 0.0168385609 0.012161948,CLOSURE_REJECT,,,FAST_REJECT,FORBIDDEN_FIRST_CONTACT_FACE_5036,False,REJECTED_BEFORE_DIVERSITY,False,,,,,0,0.0,,,,,,NOT_EVALUATED,,,,,,,,,,OFFLINE_RESEARCH_NOT_FORMAL
raw_seed_313,313,82390,-0.000643120903 -0.0162653325 3.98555851e-05,CLOSURE_REJECT,99617 98813,0.0228764405 -0.00721967902 0.00813689606 | -0.00063961998 0.0239790621 0.00292419194,FAST_REJECT,FORBIDDEN_FIRST_CONTACT_FACE_99164,False,REJECTED_BEFORE_DIVERSITY,False,,,,,0,0.0,,,,,,NOT_EVALUATED,,,,,,,,,,OFFLINE_RESEARCH_NOT_FORMAL
raw_seed_357,357,99737,0.0225780563 0.00810848415 0.0278569832,CLOSURE_REJECT,,,FAST_REJECT,FORBIDDEN_FIRST_CONTACT_FACE_7009,False,REJECTED_BEFORE_DIVERSITY,False,,,,,0,0.0,,,,,,NOT_EVALUATED,,,,,,,,,,OFFLINE_RESEARCH_NOT_FORMAL
raw_seed_272,272,99956,0.000665180815 0.0225782261 0.0181140529,CLOSURE_REJECT,100193 100552,-0.0229466053 0.0069883774 0.0262110934 | 0.00221504769 -0.0238850521 0.0127880888,FAST_REJECT,FORBIDDEN_FIRST_CONTACT_FACE_4460,False,REJECTED_BEFORE_DIVERSITY,False,,,,,0,0.0,,,,,,NOT_EVALUATED,,,,,,,,,,OFFLINE_RESEARCH_NOT_FORMAL
raw_seed_187,187,100713,0.0187188054 -0.0126569325 0.0236094733,CLOSURE_REJECT,99825 100156,0.0150422615 0.0168594757 0.0232357859 | -0.0213613821 0.0109209387 0.0182835092,FAST_REJECT,FORBIDDEN_FIRST_CONTACT_FACE_7549,False,REJECTED_BEFORE_DIVERSITY,False,,,,,0,0.0,,,,,,NOT_EVALUATED,,,,,,,,,,OFFLINE_RESEARCH_NOT_FORMAL
raw_seed_293,293,99760,0.020942211 0.011705153 0.0252089499,CLOSURE_SURVIVE,100029 100301 100708,-0.00829061146 0.021014433 0.0248352625 | -0.0230412523 -0.00667636923 0.0224327215 | 0.019776997 -0.0135824684 0.0175227182,FAST_REJECT,HAND_TABLE_PENETRATION,False,REJECTED_BEFORE_DIVERSITY,False,-0.02071374648709423,f3Link3,FINGER_3_CLOSURE_0143,0.7 0.6492795 0.58295525 0.465267107,759,0.0014960357142858038,-0.018170335296671003,-0.018170335296671003,f2Link2,PREGRASP,,NOT_EVALUATED,,,,,,,,,,OFFLINE_RESEARCH_NOT_FORMAL
raw_seed_033,33,6743,0.0221513489 0.00146331945 0.0226549152,CLOSURE_REJECT,,,FAST_REJECT,FORBIDDEN_FIRST_CONTACT_FACE_5814,False,REJECTED_BEFORE_DIVERSITY,False,,,,,0,0.0,,,,,,NOT_EVALUATED,,,,,,,,,,OFFLINE_RESEARCH_NOT_FORMAL
raw_seed_132,132,100760,0.0210039625 -0.00831843071 0.0100103409,CLOSURE_REJECT,,,FAST_REJECT,FORBIDDEN_FIRST_CONTACT_FACE_4576,False,REJECTED_BEFORE_DIVERSITY,False,,,,,0,0.0,,,,,,NOT_EVALUATED,,,,,,,,,,OFFLINE_RESEARCH_NOT_FORMAL
raw_seed_237,237,99113,-0.0238313147 -0.00276065683 0.00885514232,CLOSURE_SURVIVE,100504 98560 4811,-0.00360461018 -0.0237167542 0.0169521828 | 0.0233159232 0.00563824187 0.00352917827 | -0.0111992622 0.0191640397 0.0162327164,FAST_REJECT,HAND_TABLE_PENETRATION,False,REJECTED_BEFORE_DIVERSITY,False,-0.004359938880744152,f3Link3,FINGER_3_CLOSURE_0143,0.7 0.6492795 0.58295525 0.465267107,759,0.0014960357142858038,-0.0018165276903209238,-0.0018165276903209238,f2Link2,PREGRASP,,NOT_EVALUATED,,,,,,,,,,OFFLINE_RESEARCH_NOT_FORMAL
raw_seed_358,358,98561,0.0233653259 0.00542636516 0.00437525319,CLOSURE_REJECT,99952 99160,0.000910879362 0.023970182 0.0124722937 | -0.0225330001 -0.00822819585 -0.000950710858,FAST_REJECT,FORBIDDEN_FIRST_CONTACT_FACE_99462,False,REJECTED_BEFORE_DIVERSITY,False,,,,,0,0.0,,,,,,NOT_EVALUATED,,,,,,,,,,OFFLINE_RESEARCH_NOT_FORMAL
raw_seed_367,367,99969,-0.000981467146 0.0225678721 0.0255432792,CLOSURE_REJECT,,,FAST_REJECT,FORBIDDEN_FIRST_CONTACT_FACE_7256,False,REJECTED_BEFORE_DIVERSITY,False,,,,,0,0.0,,,,,,NOT_EVALUATED,,,,,,,,,,OFFLINE_RESEARCH_NOT_FORMAL
raw_seed_073,73,7474,-0.012661155 -0.0182239469 0.0255974413,CLOSURE_REJECT,100689,0.0166652874 -0.0152495944 0.0252237538,FAST_REJECT,FORBIDDEN_FIRST_CONTACT_FACE_99843,False,REJECTED_BEFORE_DIVERSITY,False,,,,,0,0.0,,,,,,NOT_EVALUATED,,,,,,,,,,OFFLINE_RESEARCH_NOT_FORMAL
raw_seed_356,356,100804,0.0238444816 -0.00262696917 0.0109181002,CLOSURE_REJECT,,,FAST_REJECT,FORBIDDEN_FIRST_CONTACT_FACE_98751,False,REJECTED_BEFORE_DIVERSITY,False,,,,,0,0.0,,,,,,NOT_EVALUATED,,,,,,,,,,OFFLINE_RESEARCH_NOT_FORMAL
raw_seed_298,298,99848,0.0126616663 0.0187154132 0.0104150797,CLOSURE_REJECT,,,FAST_REJECT,FORBIDDEN_FIRST_CONTACT_FACE_100106,False,REJECTED_BEFORE_DIVERSITY,False,,,,,0,0.0,,,,,,NOT_EVALUATED,,,,,,,,,,OFFLINE_RESEARCH_NOT_FORMAL
raw_seed_254,254,4419,0.00664867108 0.0165639089 0.0102288689,CLOSURE_REJECT,,,FAST_REJECT,FORBIDDEN_FIRST_CONTACT_FACE_100130,False,REJECTED_BEFORE_DIVERSITY,False,,,,,0,0.0,,,,,,NOT_EVALUATED,,,,,,,,,,OFFLINE_RESEARCH_NOT_FORMAL
raw_seed_023,23,100324,-0.0215491868 -0.0105614317 0.0093794092,CLOSURE_REJECT,,,FAST_REJECT,FORBIDDEN_FIRST_CONTACT_FACE_99433,False,REJECTED_BEFORE_DIVERSITY,False,,,,,0,0.0,,,,,,NOT_EVALUATED,,,,,,,,,,OFFLINE_RESEARCH_NOT_FORMAL
raw_seed_277,277,99868,0.01158408 0.0210069258 0.0127624639,CLOSURE_SURVIVE,100109 99317 99665,-0.0172209808 0.0167031976 0.0208595043 | -0.00894472692 -0.0222633176 0.00743649982 | 0.0239649198 -0.00107162283 0.00507623211,FAST_REJECT,HAND_TABLE_PENETRATION,False,REJECTED_BEFORE_DIVERSITY,False,-0.008267260429970613,f3Link3,FINGER_3_CLOSURE_0143,0.7 0.6492795 0.58295525 0.465267107,759,0.0014960357142858038,-0.005723849239547385,-0.005723849239547385,f2Link2,PREGRASP,,NOT_EVALUATED,,,,,,,,,,OFFLINE_RESEARCH_NOT_FORMAL
raw_seed_339,339,100568,0.00399105335 -0.0222347582 0.0106499286,CLOSURE_REJECT,,,FAST_REJECT,FORBIDDEN_FIRST_CONTACT_FACE_100782,False,REJECTED_BEFORE_DIVERSITY,False,,,,,0,0.0,,,,,,NOT_EVALUATED,,,,,,,,,,OFFLINE_RESEARCH_NOT_FORMAL
raw_seed_021,21,99861,0.0117468589 0.0192943003 0.0270537326,CLOSURE_REJECT,,,FAST_REJECT,FORBIDDEN_FIRST_CONTACT_FACE_7148,False,REJECTED_BEFORE_DIVERSITY,False,,,,,0,0.0,,,,,,NOT_EVALUATED,,,,,,,,,,OFFLINE_RESEARCH_NOT_FORMAL
raw_seed_351,351,100064,-0.0114824018 0.0194587505 0.0201536599,CLOSURE_REJECT,,,FAST_REJECT,FORBIDDEN_FIRST_CONTACT_FACE_7340,False,REJECTED_BEFORE_DIVERSITY,False,,,,,0,0.0,,,,,,NOT_EVALUATED,,,,,,,,,,OFFLINE_RESEARCH_NOT_FORMAL
raw_seed_148,148,100653,0.013319617 -0.0182439325 0.0252682526,CLOSURE_REJECT,,,FAST_REJECT,FORBIDDEN_FIRST_CONTACT_FACE_6788,False,REJECTED_BEFORE_DIVERSITY,False,,,,,0,0.0,,,,,,NOT_EVALUATED,,,,,,,,,,OFFLINE_RESEARCH_NOT_FORMAL
raw_seed_360,360,100301,-0.0231305279 -0.00638206801 0.0195914433,CLOSURE_REJECT,,,FAST_REJECT,FORBIDDEN_FIRST_CONTACT_FACE_5290,False,REJECTED_BEFORE_DIVERSITY,False,,,,,0,0.0,,,,,,NOT_EVALUATED,,,,,,,,,,OFFLINE_RESEARCH_NOT_FORMAL
raw_seed_159,159,100113,-0.016309341 0.0156296346 0.0295579574,CLOSURE_REJECT,,,FAST_REJECT,FORBIDDEN_FIRST_CONTACT_FACE_100335,False,REJECTED_BEFORE_DIVERSITY,False,,,,,0,0.0,,,,,,NOT_EVALUATED,,,,,,,,,,OFFLINE_RESEARCH_NOT_FORMAL
raw_seed_312,312,100144,-0.0205703031 0.0123446365 0.0123547883,CLOSURE_REJECT,,,FAST_REJECT,FORBIDDEN_FIRST_CONTACT_FACE_5152,False,REJECTED_BEFORE_DIVERSITY,False,,,,,0,0.0,,,,,,NOT_EVALUATED,,,,,,,,,,OFFLINE_RESEARCH_NOT_FORMAL
raw_seed_172,172,100564,0.00347848654 -0.0237375774 0.0125127676,CLOSURE_REJECT,,,FAST_REJECT,FORBIDDEN_FIRST_CONTACT_FACE_5545,False,REJECTED_BEFORE_DIVERSITY,False,,,,,0,0.0,,,,,,NOT_EVALUATED,,,,,,,,,,OFFLINE_RESEARCH_NOT_FORMAL
raw_seed_109,109,99065,-0.023576919 0.00445157702 0.00577006559,CLOSURE_REJECT,,,FAST_REJECT,FORBIDDEN_FIRST_CONTACT_FACE_99291,False,REJECTED_BEFORE_DIVERSITY,False,,,,,0,0.0,,,,,,NOT_EVALUATED,,,,,,,,,,OFFLINE_RESEARCH_NOT_FORMAL
raw_seed_007,7,100156,-0.0213506134 0.0109410855 0.0208549336,CLOSURE_SURVIVE,100412 100756 7007,-0.0144007298 -0.0174023179 0.0167863376 | 0.0225203112 -0.00826190968 0.0155289696 | 0.00133147679 0.0221564127 0.0282325077,FAST_REJECT,HAND_TABLE_PENETRATION,False,REJECTED_BEFORE_DIVERSITY,False,-0.016359730189746235,f3Link3,FINGER_3_CLOSURE_0143,0.7 0.6492795 0.58295525 0.465267107,759,0.0014960357142858038,-0.013816318999323007,-0.013816318999323007,f2Link2,PREGRASP,,NOT_EVALUATED,,,,,,,,,,OFFLINE_RESEARCH_NOT_FORMAL
raw_seed_121,121,82059,-0.0105919793 -0.0143702691 0.0114277774,CLOSURE_REJECT,,,FAST_REJECT,FORBIDDEN_FIRST_CONTACT_FACE_99519,False,REJECTED_BEFORE_DIVERSITY,False,,,,,0,0.0,,,,,,NOT_EVALUATED,,,,,,,,,,OFFLINE_RESEARCH_NOT_FORMAL
raw_seed_220,220,100433,-0.0128898644 -0.0202312583 0.0202591103,CLOSURE_REJECT,,,FAST_REJECT,FORBIDDEN_FIRST_CONTACT_FACE_7724,False,REJECTED_BEFORE_DIVERSITY,False,,,,,0,0.0,,,,,,NOT_EVALUATED,,,,,,,,,,OFFLINE_RESEARCH_NOT_FORMAL
raw_seed_052,52,100648,0.0142088387 -0.019328146 0.0128764901,CLOSURE_SURVIVE,99737 98945 99292,0.0224180523 0.00853360571 0.0209806021 | -0.0164531196 0.0174552039 0.00755052607 | -0.0110258059 -0.0213053294 0.00519025836,FAST_REJECT,HAND_TABLE_PENETRATION,False,REJECTED_BEFORE_DIVERSITY,False,-0.00838128668067839,f3Link3,FINGER_3_CLOSURE_0143,0.7 0.6492795 0.58295525 0.465267107,759,0.0014960357142858038,-0.005837875490255162,-0.005837875490255162,f2Link2,PREGRASP,,NOT_EVALUATED,,,,,,,,,,OFFLINE_RESEARCH_NOT_FORMAL
raw_seed_097,97,5795,0.00794399241 0.0199701894 0.0203501369,CLOSURE_REJECT,,,FAST_REJECT,FORBIDDEN_FIRST_CONTACT_FACE_7172,False,REJECTED_BEFORE_DIVERSITY,False,,,,,0,0.0,,,,,,NOT_EVALUATED,,,,,,,,,,OFFLINE_RESEARCH_NOT_FORMAL
raw_seed_059,59,100733,0.0212208513 -0.0111838534 0.0255094874,CLOSURE_REJECT,,,FAST_REJECT,FORBIDDEN_FIRST_CONTACT_FACE_6872,False,REJECTED_BEFORE_DIVERSITY,False,,,,,0,0.0,,,,,,NOT_EVALUATED,,,,,,,,,,OFFLINE_RESEARCH_NOT_FORMAL
raw_seed_091,91,100785,0.0221081357 -0.00465612613 0.0230959701,CLOSURE_REJECT,99897 100228,0.007565726 0.021287261 0.0227222827 | -0.0239011348 0.0020517558 0.017770006,FAST_REJECT,FORBIDDEN_FIRST_CONTACT_FACE_7626,False,REJECTED_BEFORE_DIVERSITY,False,,,,,0,0.0,,,,,,NOT_EVALUATED,,,,,,,,,,OFFLINE_RESEARCH_NOT_FORMAL
raw_seed_151,151,100301,-0.0230319063 -0.00670717876 0.0266748205,CLOSURE_REJECT,100569 99749,0.00336798914 -0.022337627 0.0263011331 | 0.02204834 0.00945977648 0.0213488565,FAST_REJECT,FORBIDDEN_FIRST_CONTACT_FACE_7136,False,REJECTED_BEFORE_DIVERSITY,False,,,,,0,0.0,,,,,,NOT_EVALUATED,,,,,,,,,,OFFLINE_RESEARCH_NOT_FORMAL
raw_seed_324,324,100709,0.0195076241 -0.0139583775 0.0202348629,CLOSURE_REJECT,,,FAST_REJECT,FORBIDDEN_FIRST_CONTACT_FACE_6872,False,REJECTED_BEFORE_DIVERSITY,False,,,,,0,0.0,,,,,,NOT_EVALUATED,,,,,,,,,,OFFLINE_RESEARCH_NOT_FORMAL
raw_seed_084,84,100696,0.0185464321 -0.015212275 0.00979121546,CLOSURE_REJECT,99784 98993,0.0195552487 0.0138919176 0.0178882559 | -0.0202596659 0.0128441812 0.00446525141,FAST_REJECT,FORBIDDEN_FIRST_CONTACT_FACE_5230,False,REJECTED_BEFORE_DIVERSITY,False,,,,,0,0.0,,,,,,NOT_EVALUATED,,,,,,,,,,OFFLINE_RESEARCH_NOT_FORMAL
raw_seed_003,3,100412,-0.0138930959 -0.0178189224 0.011431063,CLOSURE_REJECT,,,FAST_REJECT,FORBIDDEN_FIRST_CONTACT_FACE_100670,False,REJECTED_BEFORE_DIVERSITY,False,,,,,0,0.0,,,,,,NOT_EVALUATED,,,,,,,,,,OFFLINE_RESEARCH_NOT_FORMAL
raw_seed_143,143,99893,0.00885356974 0.0222976266 0.0302727118,CLOSURE_SURVIVE,100137 100493 99689,-0.0187002166 0.0126828731 0.0262041158 | -0.00607732209 -0.0232135441 0.0249467478 | 0.0239113704 0.00194783116 0.0225864801,FAST_REJECT,HAND_TABLE_PENETRATION,False,REJECTED_BEFORE_DIVERSITY,False,-0.025777508407343525,f3Link3,FINGER_3_CLOSURE_0143,0.7 0.6492795 0.58295525 0.465267107,759,0.0014960357142858038,-0.02323409721692027,-0.02323409721692027,f2Link2,PREGRASP,,NOT_EVALUATED,,,,,,,,,,OFFLINE_RESEARCH_NOT_FORMAL
raw_seed_311,311,100281,-0.0221951781 -0.00423078505 0.0134499498,CLOSURE_REJECT,100544 98573,0.00119801735 -0.0225607831 0.0130741298 | 0.0228444205 0.00732523449 0.00812398571,FAST_REJECT,FORBIDDEN_FIRST_CONTACT_FACE_4820,False,REJECTED_BEFORE_DIVERSITY,False,,,,,0,0.0,,,,,,NOT_EVALUATED,,,,,,,,,,OFFLINE_RESEARCH_NOT_FORMAL
raw_seed_344,344,100204,-0.0234610612 0.00501577831 0.010124747,CLOSURE_SURVIVE,100444 99652 4751,-0.0110092693 -0.0213141684 0.0182217875 | 0.0238939643 -0.00212455972 0.00479878297 | -0.00447294007 0.0217403402 0.0175023211,FAST_REJECT,HAND_TABLE_PENETRATION,False,REJECTED_BEFORE_DIVERSITY,False,-0.0056295435804498695,f3Link3,FINGER_3_CLOSURE_0143,0.7 0.6492795 0.58295525 0.465267107,759,0.0014960357142858038,-0.0030861323900266413,-0.0030861323900266413,f2Link2,PREGRASP,,NOT_EVALUATED,,,,,,,,,,OFFLINE_RESEARCH_NOT_FORMAL
raw_seed_370,370,98909,-0.0125734326 0.0204280284 0.00762928284,CLOSURE_REJECT,100300 99509,-0.0230167131 -0.00675726374 0.0157263233 | 0.0149657504 -0.0187487495 0.00230331878,FAST_REJECT,FORBIDDEN_FIRST_CONTACT_FACE_4588,False,REJECTED_BEFORE_DIVERSITY,False,,,,,0,0.0,,,,,,NOT_EVALUATED,,,,,,,,,,OFFLINE_RESEARCH_NOT_FORMAL
raw_seed_218,218,99760,0.0209864427 0.0116224013 0.0181257779,CLOSURE_REJECT,100001,-0.00569278078 0.0233032065 0.0262228184,FAST_REJECT,FORBIDDEN_FIRST_CONTACT_FACE_100326,False,REJECTED_BEFORE_DIVERSITY,False,,,,,0,0.0,,,,,,NOT_EVALUATED,,,,,,,,,,OFFLINE_RESEARCH_NOT_FORMAL
raw_seed_268,268,100493,-0.00547240578 -0.0233545907 0.0224731158,CLOSURE_REJECT,,,FAST_REJECT,FORBIDDEN_FIRST_CONTACT_FACE_100728,False,REJECTED_BEFORE_DIVERSITY,False,,,,,0,0.0,,,,,,NOT_EVALUATED,,,,,,,,,,OFFLINE_RESEARCH_NOT_FORMAL
raw_seed_383,383,100037,-0.0092644705 0.022136832 0.0133662286,CLOSURE_REJECT,,,FAST_REJECT,FORBIDDEN_FIRST_CONTACT_FACE_100267,False,REJECTED_BEFORE_DIVERSITY,False,,,,,0,0.0,,,,,,NOT_EVALUATED,,,,,,,,,,OFFLINE_RESEARCH_NOT_FORMAL
raw_seed_287,287,100100,-0.0149768163 0.0169207718 0.0182163383,CLOSURE_SURVIVE,100337 100684 6935,-0.0215227759 -0.010618992 0.0263133788 | 0.0179723385 -0.0159009795 0.0128903743 | 0.00930508099 0.0201433438 0.0255939124,FAST_REJECT,HAND_TABLE_PENETRATION,False,REJECTED_BEFORE_DIVERSITY,False,-0.013721134876996222,f3Link3,FINGER_3_CLOSURE_0143,0.7 0.6492795 0.58295525 0.465267107,759,0.0014960357142858038,-0.011177723686572993,-0.011177723686572993,f2Link2,PREGRASP,,NOT_EVALUATED,,,,,,,,,,OFFLINE_RESEARCH_NOT_FORMAL
raw_seed_251,251,100749,0.0207763532 -0.00887668889 0.0178861765,CLOSURE_SURVIVE,99833 100192 7595,0.0148966018 0.0188054983 0.025983217 | -0.0230426374 0.00667180315 0.0125602124 | 0.000216517636 -0.0221929136 0.0252637506,FAST_REJECT,HAND_TABLE_PENETRATION,False,REJECTED_BEFORE_DIVERSITY,False,-0.01339097305652448,f3Link3,FINGER_3_CLOSURE_0143,0.7 0.6492795 0.58295525 0.465267107,759,0.0014960357142858038,-0.010847561866101252,-0.010847561866101252,f2Link2,PREGRASP,,NOT_EVALUATED,,,,,,,,,,OFFLINE_RESEARCH_NOT_FORMAL
raw_seed_222,222,6778,0.0211388262 0.00675033704 0.021188328,CLOSURE_REJECT,,,FAST_REJECT,FORBIDDEN_FIRST_CONTACT_FACE_4705,False,REJECTED_BEFORE_DIVERSITY,False,,,,,0,0.0,,,,,,NOT_EVALUATED,,,,,,,,,,OFFLINE_RESEARCH_NOT_FORMAL
raw_seed_035,35,100437,-0.0115559357 -0.0194130241 0.0196913061,CLOSURE_REJECT,,,FAST_REJECT,FORBIDDEN_FIRST_CONTACT_FACE_100659,False,REJECTED_BEFORE_DIVERSITY,False,,,,,0,0.0,,,,,,NOT_EVALUATED,,,,,,,,,,OFFLINE_RESEARCH_NOT_FORMAL
raw_seed_127,127,100041,-0.00945521711 0.0205142252 0.0253184322,CLOSURE_REJECT,,,FAST_REJECT,FORBIDDEN_FIRST_CONTACT_FACE_7328,False,REJECTED_BEFORE_DIVERSITY,False,,,,,0,0.0,,,,,,NOT_EVALUATED,,,,,,,,,,OFFLINE_RESEARCH_NOT_FORMAL
raw_seed_283,283,100809,0.0225317053 -0.00168024544 0.0276368446,CLOSURE_REJECT,,,FAST_REJECT,FORBIDDEN_FIRST_CONTACT_FACE_6966,False,REJECTED_BEFORE_DIVERSITY,False,,,,,0,0.0,,,,,,NOT_EVALUATED,,,,,,,,,,OFFLINE_RESEARCH_NOT_FORMAL
raw_seed_286,286,6178,-0.0211891429 -0.0035750733 0.0199970091,CLOSURE_REJECT,,,FAST_REJECT,FORBIDDEN_FIRST_CONTACT_FACE_7592,False,REJECTED_BEFORE_DIVERSITY,False,,,,,0,0.0,,,,,,NOT_EVALUATED,,,,,,,,,,OFFLINE_RESEARCH_NOT_FORMAL
raw_seed_011,11,100592,0.00608000372 -0.0217599447 0.0238420655,CLOSURE_REJECT,,,FAST_REJECT,FORBIDDEN_FIRST_CONTACT_FACE_7861,False,REJECTED_BEFORE_DIVERSITY,False,,,,,0,0.0,,,,,,NOT_EVALUATED,,,,,,,,,,OFFLINE_RESEARCH_NOT_FORMAL
raw_seed_352,352,100121,-0.0183550186 0.0154455132 0.0291665786,CLOSURE_REJECT,,,FAST_REJECT,FORBIDDEN_FIRST_CONTACT_FACE_100347,False,REJECTED_BEFORE_DIVERSITY,False,,,,,0,0.0,,,,,,NOT_EVALUATED,,,,,,,,,,OFFLINE_RESEARCH_NOT_FORMAL
raw_seed_160,160,100072,-0.0142169459 0.0193223365 0.0108921236,CLOSURE_SURVIVE,100312 99521 4619,-0.0223804357 -0.00863355071 0.0189891641 | 0.016460404 -0.0174483814 0.00556615958 | 0.0110866901 0.019232879 0.0182696977,FAST_REJECT,HAND_TABLE_PENETRATION,False,REJECTED_BEFORE_DIVERSITY,False,-0.0063969201946479926,f3Link3,FINGER_3_CLOSURE_0143,0.7 0.6492795 0.58295525 0.465267107,759,0.0014960357142858038,-0.0038535090042247644,-0.0038535090042247644,f2Link2,PREGRASP,,NOT_EVALUATED,,,,,,,,,,OFFLINE_RESEARCH_NOT_FORMAL
raw_seed_194,194,99340,-0.00539567927 -0.0233724808 0.00382718936,CLOSURE_REJECT,100732 98788,0.0211301137 -0.0113536116 0.0119242298 | 0.00251303739 0.0238557029 -0.00149877469,FAST_REJECT,FORBIDDEN_FIRST_CONTACT_FACE_99090,False,REJECTED_BEFORE_DIVERSITY,False,,,,,0,0.0,,,,,,NOT_EVALUATED,,,,,,,,,,OFFLINE_RESEARCH_NOT_FORMAL
raw_seed_256,256,100049,-0.0113051849 0.0211559983 0.0275101022,CLOSURE_REJECT,,,FAST_REJECT,FORBIDDEN_FIRST_CONTACT_FACE_7351,False,REJECTED_BEFORE_DIVERSITY,False,,,,,0,0.0,,,,,,NOT_EVALUATED,,,,,,,,,,OFFLINE_RESEARCH_NOT_FORMAL
raw_seed_144,144,99976,-0.00308998667 0.0237988787 0.0113272198,CLOSURE_REJECT,,,FAST_REJECT,FORBIDDEN_FIRST_CONTACT_FACE_100238,False,REJECTED_BEFORE_DIVERSITY,False,,,,,0,0.0,,,,,,NOT_EVALUATED,,,,,,,,,,OFFLINE_RESEARCH_NOT_FORMAL
raw_seed_155,155,100797,0.0223425675 -0.00333806532 0.0163741108,CLOSURE_REJECT,99881,0.00966026632 0.0219574993 0.0244711513,FAST_REJECT,FORBIDDEN_FIRST_CONTACT_FACE_100206,False,REJECTED_BEFORE_DIVERSITY,False,,,,,0,0.0,,,,,,NOT_EVALUATED,,,,,,,,,,OFFLINE_RESEARCH_NOT_FORMAL
raw_seed_016,16,99945,0.00172075521 0.0225277154 0.020123059,CLOSURE_REJECT,,,FAST_REJECT,FORBIDDEN_FIRST_CONTACT_FACE_100203,False,REJECTED_BEFORE_DIVERSITY,False,,,,,0,0.0,,,,,,NOT_EVALUATED,,,,,,,,,,OFFLINE_RESEARCH_NOT_FORMAL
raw_seed_099,99,100461,-0.00881658383 -0.0208035864 0.0248405118,CLOSURE_REJECT,,,FAST_REJECT,FORBIDDEN_FIRST_CONTACT_FACE_100705,False,REJECTED_BEFORE_DIVERSITY,False,,,,,0,0.0,,,,,,NOT_EVALUATED,,,,,,,,,,OFFLINE_RESEARCH_NOT_FORMAL
raw_seed_310,310,7438,-0.0161131082 -0.0152543211 0.0236286677,CLOSURE_REJECT,,,FAST_REJECT,FORBIDDEN_FIRST_CONTACT_FACE_7693,False,REJECTED_BEFORE_DIVERSITY,False,,,,,0,0.0,,,,,,NOT_EVALUATED,,,,,,,,,,OFFLINE_RESEARCH_NOT_FORMAL
raw_seed_227,227,100457,-0.00977560486 -0.0219052401 0.0244424636,CLOSURE_REJECT,,,FAST_REJECT,FORBIDDEN_FIRST_CONTACT_FACE_7748,False,REJECTED_BEFORE_DIVERSITY,False,,,,,0,0.0,,,,,,NOT_EVALUATED,,,,,,,,,,OFFLINE_RESEARCH_NOT_FORMAL
raw_seed_353,353,5411,0.014033243 -0.0171867273 0.0193596638,CLOSURE_SURVIVE,99749 100108 7498,0.0219170575 0.00974952332 0.0274567042 | -0.0173192712 0.0165982537 0.0140336997 | -0.0101006532 -0.0197599277 0.0267372379,FAST_REJECT,HAND_TABLE_PENETRATION,False,REJECTED_BEFORE_DIVERSITY,False,-0.014864460315139993,f3Link3,FINGER_3_CLOSURE_0143,0.7 0.6492795 0.58295525 0.465267107,759,0.0014960357142858038,-0.012321049124716765,-0.012321049124716765,f2Link2,PREGRASP,,NOT_EVALUATED,,,,,,,,,,OFFLINE_RESEARCH_NOT_FORMAL
raw_seed_113,113,7043,-0.0029485619 0.0220016771 0.0264068393,CLOSURE_REJECT,100245 100517,-0.0225994235 1.76562874e-05 0.0260331519 | -0.00226077423 -0.0238805484 0.0236306109,FAST_REJECT,FORBIDDEN_FIRST_CONTACT_FACE_6786,False,REJECTED_BEFORE_DIVERSITY,False,,,,,0,0.0,,,,,,NOT_EVALUATED,,,,,,,,,,OFFLINE_RESEARCH_NOT_FORMAL
raw_seed_072,72,100277,-0.023783202 -0.00320214313 0.0153473953,CLOSURE_REJECT,,,FAST_REJECT,FORBIDDEN_FIRST_CONTACT_FACE_7552,False,REJECTED_BEFORE_DIVERSITY,False,,,,,0,0.0,,,,,,NOT_EVALUATED,,,,,,,,,,OFFLINE_RESEARCH_NOT_FORMAL
raw_seed_284,284,100456,-0.0101842656 -0.0217200785 0.0125743127,CLOSURE_SURVIVE,100697 98753 99101,0.0182773116 -0.0155401995 0.0206713532 | 0.00746833582 0.022801011 0.00724834866 | -0.0239836572 -0.000499254096 0.00488808095,FAST_REJECT,HAND_TABLE_PENETRATION,False,REJECTED_BEFORE_DIVERSITY,False,-0.00807910927507649,f3Link3,FINGER_3_CLOSURE_0143,0.7 0.6492795 0.58295525 0.465267107,759,0.0014960357142858038,-0.005535698084653262,-0.005535698084653262,f2Link2,PREGRASP,,NOT_EVALUATED,,,,,,,,,,OFFLINE_RESEARCH_NOT_FORMAL
raw_seed_108,108,100553,0.00169956553 -0.0239358223 0.0177712156,CLOSURE_SURVIVE,100793 99988 7391,0.0235429404 -0.00465738133 0.0258682561 | -0.00459875057 0.0235526204 0.0124452516 | -0.0196357666 -0.0103329418 0.0251487897,FAST_REJECT,HAND_TABLE_PENETRATION,False,REJECTED_BEFORE_DIVERSITY,False,-0.013276012187129593,f3Link3,FINGER_3_CLOSURE_0143,0.7 0.6492795 0.58295525 0.465267107,759,0.0014960357142858038,-0.010732600996706365,-0.010732600996706365,f2Link2,PREGRASP,,NOT_EVALUATED,,,,,,,,,,OFFLINE_RESEARCH_NOT_FORMAL
raw_seed_096,96,100108,-0.0179720815 0.0159012538 0.0126628551,CLOSURE_REJECT,,,FAST_REJECT,FORBIDDEN_FIRST_CONTACT_FACE_100370,False,REJECTED_BEFORE_DIVERSITY,False,,,,,0,0.0,,,,,,NOT_EVALUATED,,,,,,,,,,OFFLINE_RESEARCH_NOT_FORMAL
raw_seed_110,110,7283,-0.0220569605 0.00242166727 0.0262060967,CLOSURE_REJECT,100497 99677,-0.00543727842 -0.0219259968 0.0258324093 | 0.023990133 0.000301441094 0.0208801327,FAST_REJECT,FORBIDDEN_FIRST_CONTACT_FACE_7057,False,REJECTED_BEFORE_DIVERSITY,False,,,,,0,0.0,,,,,,NOT_EVALUATED,,,,,,,,,,OFFLINE_RESEARCH_NOT_FORMAL
raw_seed_279,279,100316,-0.0211414325 -0.00795318245 0.015000679,CLOSURE_SURVIVE,100553 99748 7150,0.00224281833 -0.0238823169 0.0230977195 | 0.021843244 0.00991243334 0.0178850154 | -0.015502269 0.0158808799 0.0223782531,FAST_REJECT,HAND_TABLE_PENETRATION,False,REJECTED_BEFORE_DIVERSITY,False,-0.010505475590291469,f3Link3,FINGER_3_CLOSURE_0143,0.7 0.6492795 0.58295525 0.465267107,759,0.0014960357142858038,-0.00796206439986824,-0.00796206439986824,f2Link2,PREGRASP,,NOT_EVALUATED,,,,,,,,,,OFFLINE_RESEARCH_NOT_FORMAL
raw_seed_010,10,99824,0.0153360412 0.0165843212 0.014529617,CLOSURE_SURVIVE,100061 100408 7810,-0.0127074031 0.0203447202 0.0226266575 | -0.0150853516 -0.0186505955 0.0174139534 | 0.02097846 -0.00725123994 0.0219071911,FAST_REJECT,HAND_TABLE_PENETRATION,False,REJECTED_BEFORE_DIVERSITY,False,-0.010034413584605772,f3Link3,FINGER_3_CLOSURE_0143,0.7 0.6492795 0.58295525 0.465267107,759,0.0014960357142858038,-0.007491002394182544,-0.007491002394182544,f2Link2,PREGRASP,,NOT_EVALUATED,,,,,,,,,,OFFLINE_RESEARCH_NOT_FORMAL
raw_seed_307,307,100516,-0.00187165119 -0.0239188734 0.0213828729,CLOSURE_REJECT,,,FAST_REJECT,FORBIDDEN_FIRST_CONTACT_FACE_100771,False,REJECTED_BEFORE_DIVERSITY,False,,,,,0,0.0,,,,,,NOT_EVALUATED,,,,,,,,,,OFFLINE_RESEARCH_NOT_FORMAL
raw_seed_257,257,4439,0.0221395186 0.00158343513 0.0161402856,CLOSURE_SURVIVE,99929 100216 7678,0.0046452322 0.0235449463 0.0242373261 | -0.023695755 0.00373180031 0.0133640572 | 0.0103429814 -0.0196304004 0.0235178597,FAST_REJECT,HAND_TABLE_PENETRATION,False,REJECTED_BEFORE_DIVERSITY,False,-0.011645082186805267,f3Link3,FINGER_3_CLOSURE_0143,0.7 0.6492795 0.58295525 0.465267107,759,0.0014960357142858038,-0.009101670996382039,-0.009101670996382039,f2Link2,PREGRASP,,NOT_EVALUATED,,,,,,,,,,OFFLINE_RESEARCH_NOT_FORMAL
raw_seed_054,54,7378,-0.0202917253 -0.00897759582 0.0210736854,CLOSURE_REJECT,,,FAST_REJECT,FORBIDDEN_FIRST_CONTACT_FACE_7609,False,REJECTED_BEFORE_DIVERSITY,False,,,,,0,0.0,,,,,,NOT_EVALUATED,,,,,,,,,,OFFLINE_RESEARCH_NOT_FORMAL
raw_seed_106,106,99872,0.0103297791 0.0200907685 0.0142180535,CLOSURE_REJECT,,,FAST_REJECT,FORBIDDEN_FIRST_CONTACT_FACE_100095,False,REJECTED_BEFORE_DIVERSITY,False,,,,,0,0.0,,,,,,NOT_EVALUATED,,,,,,,,,,OFFLINE_RESEARCH_NOT_FORMAL
raw_seed_235,235,100664,0.0137701687 -0.0179198062 0.0275412446,CLOSURE_REJECT,,,FAST_REJECT,FORBIDDEN_FIRST_CONTACT_FACE_6810,False,REJECTED_BEFORE_DIVERSITY,False,,,,,0,0.0,,,,,,NOT_EVALUATED,,,,,,,,,,OFFLINE_RESEARCH_NOT_FORMAL
raw_seed_145,145,7258,-0.021614799 0.00501135697 0.023343852,CLOSURE_REJECT,,,FAST_REJECT,FORBIDDEN_FIRST_CONTACT_FACE_100417,False,REJECTED_BEFORE_DIVERSITY,False,,,,,0,0.0,,,,,,NOT_EVALUATED,,,,,,,,,,OFFLINE_RESEARCH_NOT_FORMAL
raw_seed_188,188,100385,-0.0173242428 -0.0165929456 0.0241704455,CLOSURE_REJECT,,,FAST_REJECT,FORBIDDEN_FIRST_CONTACT_FACE_7676,False,REJECTED_BEFORE_DIVERSITY,False,,,,,0,0.0,,,,,,NOT_EVALUATED,,,,,,,,,,OFFLINE_RESEARCH_NOT_FORMAL
raw_seed_103,103,100217,-0.0235875827 0.00438698818 0.0150991605,CLOSURE_REJECT,100457,-0.0104384079 -0.0216049282 0.023196201,FAST_REJECT,FORBIDDEN_FIRST_CONTACT_FACE_99698,False,REJECTED_BEFORE_DIVERSITY,False,,,,,0,0.0,,,,,,NOT_EVALUATED,,,,,,,,,,OFFLINE_RESEARCH_NOT_FORMAL
raw_seed_161,161,6815,0.0198122921 0.0100026864 0.0247348404,CLOSURE_REJECT,,,FAST_REJECT,FORBIDDEN_FIRST_CONTACT_FACE_7033,False,REJECTED_BEFORE_DIVERSITY,False,,,,,0,0.0,,,,,,NOT_EVALUATED,,,,,,,,,,OFFLINE_RESEARCH_NOT_FORMAL
raw_seed_101,101,99728,0.0218286335 0.00585356645 0.0188544881,CLOSURE_REJECT,,,FAST_REJECT,FORBIDDEN_FIRST_CONTACT_FACE_99955,False,REJECTED_BEFORE_DIVERSITY,False,,,,,0,0.0,,,,,,NOT_EVALUATED,,,,,,,,,,OFFLINE_RESEARCH_NOT_FORMAL
raw_seed_341,341,99832,0.0147384314 0.0189353053 0.0240275822,CLOSURE_SURVIVE,100101 100432 100780,-0.0158165049 0.0161343179 0.0236538948 | -0.0123233408 -0.0205835457 0.0187016182 | 0.0235076723 -0.00481587422 0.0163413505,FAST_REJECT,HAND_TABLE_PENETRATION,False,REJECTED_BEFORE_DIVERSITY,False,-0.019532378789061444,f3Link3,FINGER_3_CLOSURE_0143,0.7 0.6492795 0.58295525 0.465267107,759,0.0014960357142858038,-0.016988967598638216,-0.016988967598638216,f2Link2,PREGRASP,,NOT_EVALUATED,,,,,,,,,,OFFLINE_RESEARCH_NOT_FORMAL
raw_seed_076,76,100520,-0.00241728951 -0.0224591125 0.0157990194,CLOSURE_SURVIVE,100757 99892 7354,0.0223362467 -0.00875095838 0.0238960599 | 0.0078841963 0.0226624721 0.013022791 | -0.0211568084 -0.00669105784 0.0231765935,FAST_REJECT,HAND_TABLE_PENETRATION,False,REJECTED_BEFORE_DIVERSITY,False,-0.011303816003542355,f3Link3,FINGER_3_CLOSURE_0143,0.7 0.6492795 0.58295525 0.465267107,759,0.0014960357142858038,-0.008760404813119127,-0.008760404813119127,f2Link2,PREGRASP,,NOT_EVALUATED,,,,,,,,,,OFFLINE_RESEARCH_NOT_FORMAL
raw_seed_015,15,99909,0.00665763662 0.0215847219 0.0288199178,CLOSURE_REJECT,,,FAST_REJECT,FORBIDDEN_FIRST_CONTACT_FACE_100131,False,REJECTED_BEFORE_DIVERSITY,False,,,,,0,0.0,,,,,,NOT_EVALUATED,,,,,,,,,,OFFLINE_RESEARCH_NOT_FORMAL
raw_seed_278,278,7811,0.0205315682 -0.00843860477 0.0223892903,CLOSURE_REJECT,,,FAST_REJECT,FORBIDDEN_FIRST_CONTACT_FACE_99828,False,REJECTED_BEFORE_DIVERSITY,False,,,,,0,0.0,,,,,,NOT_EVALUATED,,,,,,,,,,OFFLINE_RESEARCH_NOT_FORMAL
raw_seed_207,207,99929,0.00468167515 0.0235389295 0.0105070144,CLOSURE_REJECT,100156,-0.0214759107 0.0107066707 0.0186040549,FAST_REJECT,FORBIDDEN_FIRST_CONTACT_FACE_100546,False,REJECTED_BEFORE_DIVERSITY,False,,,,,0,0.0,,,,,,NOT_EVALUATED,,,,,,,,,,OFFLINE_RESEARCH_NOT_FORMAL
raw_seed_128,128,100037,-0.00963947814 0.0219669183 0.0229202051,CLOSURE_REJECT,,,FAST_REJECT,FORBIDDEN_FIRST_CONTACT_FACE_7321,False,REJECTED_BEFORE_DIVERSITY,False,,,,,0,0.0,,,,,,NOT_EVALUATED,,,,,,,,,,OFFLINE_RESEARCH_NOT_FORMAL
raw_seed_246,246,7606,0.0017017075 -0.0221278699 0.0215681353,CLOSURE_REJECT,,,FAST_REJECT,FORBIDDEN_FIRST_CONTACT_FACE_7832,False,REJECTED_BEFORE_DIVERSITY,False,,,,,0,0.0,,,,,,NOT_EVALUATED,,,,,,,,,,OFFLINE_RESEARCH_NOT_FORMAL
raw_seed_208,208,99993,-0.00361968937 0.0222960709 0.0223615485,CLOSURE_REJECT,,,FAST_REJECT,FORBIDDEN_FIRST_CONTACT_FACE_100224,False,REJECTED_BEFORE_DIVERSITY,False,,,,,0,0.0,,,,,,NOT_EVALUATED,,,,,,,,,,OFFLINE_RESEARCH_NOT_FORMAL
raw_seed_184,184,100124,-0.0176163329 0.0141399518 0.0116149832,CLOSURE_REJECT,,,FAST_REJECT,FORBIDDEN_FIRST_CONTACT_FACE_100382,False,REJECTED_BEFORE_DIVERSITY,False,,,,,0,0.0,,,,,,NOT_EVALUATED,,,,,,,,,,OFFLINE_RESEARCH_NOT_FORMAL
raw_seed_071,71,100133,-0.019053206 0.0145925168 0.0226958418,CLOSURE_REJECT,,,FAST_REJECT,FORBIDDEN_FIRST_CONTACT_FACE_6258,False,REJECTED_BEFORE_DIVERSITY,False,,,,,0,0.0,,,,,,NOT_EVALUATED,,,,,,,,,,OFFLINE_RESEARCH_NOT_FORMAL
raw_seed_297,297,7726,0.0155832355 -0.0158050467 0.0228362485,CLOSURE_SURVIVE,99789 100120 7523,0.0180628598 0.0135723038 0.0224625611 | -0.0187964803 0.0149075904 0.0175102845 | -0.00820959052 -0.0206177629 0.0302138226,FAST_REJECT,HAND_TABLE_PENETRATION,False,REJECTED_BEFORE_DIVERSITY,False,-0.018341045103019815,f3Link3,FINGER_3_CLOSURE_0143,0.7 0.6492795 0.58295525 0.465267107,759,0.0014960357142858038,-0.015797633912596587,-0.015797633912596587,f2Link2,PREGRASP,,NOT_EVALUATED,,,,,,,,,,OFFLINE_RESEARCH_NOT_FORMAL
raw_seed_005,5,99676,0.0239550482 0.00137316889 0.0252744635,CLOSURE_REJECT,,,FAST_REJECT,FORBIDDEN_FIRST_CONTACT_FACE_6966,False,REJECTED_BEFORE_DIVERSITY,False,,,,,0,0.0,,,,,,NOT_EVALUATED,,,,,,,,,,OFFLINE_RESEARCH_NOT_FORMAL
raw_seed_335,335,99944,0.00278140236 0.0224232503 0.0247252625,CLOSURE_REJECT,,,FAST_REJECT,FORBIDDEN_FIRST_CONTACT_FACE_7220,False,REJECTED_BEFORE_DIVERSITY,False,,,,,0,0.0,,,,,,NOT_EVALUATED,,,,,,,,,,OFFLINE_RESEARCH_NOT_FORMAL
raw_seed_264,264,100253,-0.0239963541 -0.000111405041 0.0126496202,CLOSURE_SURVIVE,100493 100768 98897,-0.00620574394 -0.0231836004 0.0207466607 | 0.0230939304 -0.00650271329 0.0131248037 | -0.0107363039 0.0214600714 0.00496338849,FAST_REJECT,HAND_TABLE_PENETRATION,False,REJECTED_BEFORE_DIVERSITY,False,-0.008154416809062703,f3Link3,FINGER_3_CLOSURE_0143,0.7 0.6492795 0.58295525 0.465267107,759,0.0014960357142858038,-0.005611005618639475,-0.005611005618639475,f2Link2,PREGRASP,,NOT_EVALUATED,,,,,,,,,,OFFLINE_RESEARCH_NOT_FORMAL
raw_seed_316,316,100372,-0.0185116518 -0.015254655 0.0112243201,CLOSURE_REJECT,,,FAST_REJECT,FORBIDDEN_FIRST_CONTACT_FACE_99439,False,REJECTED_BEFORE_DIVERSITY,False,,,,,0,0.0,,,,,,NOT_EVALUATED,,,,,,,,,,OFFLINE_RESEARCH_NOT_FORMAL
raw_seed_224,224,100108,-0.0179461767 0.0159289122 0.0189268354,CLOSURE_REJECT,,,FAST_REJECT,FORBIDDEN_FIRST_CONTACT_FACE_100363,False,REJECTED_BEFORE_DIVERSITY,False,,,,,0,0.0,,,,,,NOT_EVALUATED,,,,,,,,,,OFFLINE_RESEARCH_NOT_FORMAL
raw_seed_117,117,99809,0.017769467 0.0161175836 0.0183517799,CLOSURE_REJECT,100049,-0.0108764205 0.0213851775 0.0264488204,FAST_REJECT,FORBIDDEN_FIRST_CONTACT_FACE_100334,False,REJECTED_BEFORE_DIVERSITY,False,,,,,0,0.0,,,,,,NOT_EVALUATED,,,,,,,,,,OFFLINE_RESEARCH_NOT_FORMAL
raw_seed_124,124,100396,-0.0162939999 -0.0176042354 0.0151489438,CLOSURE_SURVIVE,100637 99832 7234,0.0126981583 -0.0203504689 0.0232459843 | 0.015093769 0.0186436875 0.0180332802 | -0.0209749178 0.00726065136 0.0225265179,FAST_REJECT,HAND_TABLE_PENETRATION,False,REJECTED_BEFORE_DIVERSITY,False,-0.010653740388758104,f3Link3,FINGER_3_CLOSURE_0143,0.7 0.6492795 0.58295525 0.465267107,759,0.0014960357142858038,-0.008110329198334876,-0.008110329198334876,f2Link2,PREGRASP,,NOT_EVALUATED,,,,,,,,,,OFFLINE_RESEARCH_NOT_FORMAL
raw_seed_046,46,7127,-0.013174283 0.0178562445 0.0296142715,CLOSURE_REJECT,,,FAST_REJECT,FORBIDDEN_FIRST_CONTACT_FACE_7357,False,REJECTED_BEFORE_DIVERSITY,False,,,,,0,0.0,,,,,,NOT_EVALUATED,,,,,,,,,,OFFLINE_RESEARCH_NOT_FORMAL
raw_seed_202,202,99777,0.0188247289 0.0125019899 0.0143438858,CLOSURE_REJECT,,,FAST_REJECT,FORBIDDEN_FIRST_CONTACT_FACE_4758,False,REJECTED_BEFORE_DIVERSITY,False,,,,,0,0.0,,,,,,NOT_EVALUATED,,,,,,,,,,OFFLINE_RESEARCH_NOT_FORMAL
raw_seed_319,319,100016,-0.00625491453 0.0217068861 0.0211465006,CLOSURE_REJECT,,,FAST_REJECT,FORBIDDEN_FIRST_CONTACT_FACE_7292,False,REJECTED_BEFORE_DIVERSITY,False,,,,,0,0.0,,,,,,NOT_EVALUATED,,,,,,,,,,OFFLINE_RESEARCH_NOT_FORMAL
raw_seed_039,39,100181,-0.0222451389 0.00899302645 0.0293424854,CLOSURE_REJECT,100425,-0.0127959454 -0.0186191902 0.0252738893,FAST_REJECT,FORBIDDEN_FIRST_CONTACT_FACE_100771,False,REJECTED_BEFORE_DIVERSITY,False,,,,,0,0.0,,,,,,NOT_EVALUATED,,,,,,,,,,OFFLINE_RESEARCH_NOT_FORMAL
raw_seed_040,40,100329,-0.0206179783 -0.00922622932 0.025566964,CLOSURE_REJECT,,,FAST_REJECT,FORBIDDEN_FIRST_CONTACT_FACE_100550,False,REJECTED_BEFORE_DIVERSITY,False,,,,,0,0.0,,,,,,NOT_EVALUATED,,,,,,,,,,OFFLINE_RESEARCH_NOT_FORMAL
raw_seed_247,247,100245,-0.0225920497 0.000242905972 0.0253617833,CLOSURE_REJECT,,,FAST_REJECT,FORBIDDEN_FIRST_CONTACT_FACE_7530,False,REJECTED_BEFORE_DIVERSITY,False,,,,,0,0.0,,,,,,NOT_EVALUATED,,,,,,,,,,OFFLINE_RESEARCH_NOT_FORMAL
raw_seed_119,119,100257,-0.0225559204 -0.00134655996 0.0174422553,CLOSURE_REJECT,,,FAST_REJECT,FORBIDDEN_FIRST_CONTACT_FACE_100507,False,REJECTED_BEFORE_DIVERSITY,False,,,,,0,0.0,,,,,,NOT_EVALUATED,,,,,,,,,,OFFLINE_RESEARCH_NOT_FORMAL
raw_seed_213,213,99844,0.0141918983 0.0193402853 0.0108299819,CLOSURE_REJECT,,,FAST_REJECT,FORBIDDEN_FIRST_CONTACT_FACE_98943,False,REJECTED_BEFORE_DIVERSITY,False,,,,,0,0.0,,,,,,NOT_EVALUATED,,,,,,,,,,OFFLINE_RESEARCH_NOT_FORMAL
raw_seed_079,79,99932,0.004213155 0.0221980888 0.0174171076,CLOSURE_SURVIVE,100169 100516 6766,-0.021568462 0.0105188906 0.025514148 | -0.00157390824 -0.0239481983 0.0120911435 | 0.0216241966 0.00497105288 0.0247946817,FAST_REJECT,HAND_TABLE_PENETRATION,False,REJECTED_BEFORE_DIVERSITY,False,-0.012921904127026984,f3Link3,FINGER_3_CLOSURE_0143,0.7 0.6492795 0.58295525 0.465267107,759,0.0014960357142858038,-0.010378492936603756,-0.010378492936603756,f2Link2,PREGRASP,,NOT_EVALUATED,,,,,,,,,,OFFLINE_RESEARCH_NOT_FORMAL
raw_seed_346,346,99748,0.021753484 0.010110538 0.013061064,CLOSURE_REJECT,,,FAST_REJECT,FORBIDDEN_FIRST_CONTACT_FACE_98844,False,REJECTED_BEFORE_DIVERSITY,False,,,,,0,0.0,,,,,,NOT_EVALUATED,,,,,,,,,,OFFLINE_RESEARCH_NOT_FORMAL
raw_seed_176,176,99940,0.00209270009 0.0238971022 0.0146675641,CLOSURE_REJECT,100181,-0.0225043081 0.00830442897 0.0227646046,FAST_REJECT,FORBIDDEN_FIRST_CONTACT_FACE_100502,False,REJECTED_BEFORE_DIVERSITY,False,,,,,0,0.0,,,,,,NOT_EVALUATED,,,,,,,,,,OFFLINE_RESEARCH_NOT_FORMAL
raw_seed_289,289,6754,0.0218763051 0.00370792908 0.023530006,CLOSURE_REJECT,,,FAST_REJECT,FORBIDDEN_FIRST_CONTACT_FACE_7009,False,REJECTED_BEFORE_DIVERSITY,False,,,,,0,0.0,,,,,,NOT_EVALUATED,,,,,,,,,,OFFLINE_RESEARCH_NOT_FORMAL
raw_seed_197,197,99693,0.0224975639 0.0020268879 0.0291754478,CLOSURE_REJECT,,,FAST_REJECT,FORBIDDEN_FIRST_CONTACT_FACE_99915,False,REJECTED_BEFORE_DIVERSITY,False,,,,,0,0.0,,,,,,NOT_EVALUATED,,,,,,,,,,OFFLINE_RESEARCH_NOT_FORMAL
raw_seed_150,150,7871,0.022175037 -0.000762578461 0.0254312302,CLOSURE_REJECT,,,FAST_REJECT,FORBIDDEN_FIRST_CONTACT_FACE_6954,False,REJECTED_BEFORE_DIVERSITY,False,,,,,0,0.0,,,,,,NOT_EVALUATED,,,,,,,,,,OFFLINE_RESEARCH_NOT_FORMAL
raw_seed_177,177,6875,0.0155758084 0.0158120029 0.0226011429,CLOSURE_REJECT,,,FAST_REJECT,FORBIDDEN_FIRST_CONTACT_FACE_7096,False,REJECTED_BEFORE_DIVERSITY,False,,,,,0,0.0,,,,,,NOT_EVALUATED,,,,,,,,,,OFFLINE_RESEARCH_NOT_FORMAL
raw_seed_350,350,6850,0.0167034889 0.0146220703 0.0243295918,CLOSURE_REJECT,100065 100396,-0.0124795101 0.0188387078 0.0239559044 | -0.0159969471 -0.0178824552 0.0190036278,FAST_REJECT,FORBIDDEN_FIRST_CONTACT_FACE_100754,False,REJECTED_BEFORE_DIVERSITY,False,,,,,0,0.0,,,,,,NOT_EVALUATED,,,,,,,,,,OFFLINE_RESEARCH_NOT_FORMAL
raw_seed_211,211,100581,0.00557766155 -0.0218932641 0.0156126924,CLOSURE_REJECT,,,FAST_REJECT,FORBIDDEN_FIRST_CONTACT_FACE_100803,False,REJECTED_BEFORE_DIVERSITY,False,,,,,0,0.0,,,,,,NOT_EVALUATED,,,,,,,,,,OFFLINE_RESEARCH_NOT_FORMAL
raw_seed_265,265,7582,-0.000346087101 -0.0221886718 0.027883837,CLOSURE_REJECT,100785 99977,0.0219759855 -0.00522288847 0.0238152409 | -0.00254609297 0.0238524472 0.0225578729,FAST_REJECT,FORBIDDEN_FIRST_CONTACT_FACE_100311,False,REJECTED_BEFORE_DIVERSITY,False,,,,,0,0.0,,,,,,NOT_EVALUATED,,,,,,,,,,OFFLINE_RESEARCH_NOT_FORMAL
raw_seed_195,195,100364,-0.0184497781 -0.0130323598 0.0203749027,CLOSURE_REJECT,,,FAST_REJECT,FORBIDDEN_FIRST_CONTACT_FACE_100586,False,REJECTED_BEFORE_DIVERSITY,False,,,,,0,0.0,,,,,,NOT_EVALUATED,,,,,,,,,,OFFLINE_RESEARCH_NOT_FORMAL
raw_seed_252,252,100408,-0.0154441944 -0.0183561009 0.00979116522,CLOSURE_REJECT,,,FAST_REJECT,FORBIDDEN_FIRST_CONTACT_FACE_99507,False,REJECTED_BEFORE_DIVERSITY,False,,,,,0,0.0,,,,,,NOT_EVALUATED,,,,,,,,,,OFFLINE_RESEARCH_NOT_FORMAL
raw_seed_135,135,100173,-0.0207762598 0.00887689493 0.0290536196,CLOSURE_REJECT,100425 100769,-0.0131530008 -0.018363328 0.0249850235 | 0.0230386378 -0.00668498783 0.0237286444,FAST_REJECT,FORBIDDEN_FIRST_CONTACT_FACE_99943,False,REJECTED_BEFORE_DIVERSITY,False,,,,,0,0.0,,,,,,NOT_EVALUATED,,,,,,,,,,OFFLINE_RESEARCH_NOT_FORMAL
raw_seed_180,180,100624,0.0112654607 -0.0211772313 0.0103130097,CLOSURE_REJECT,99712 98921,0.023382827 0.00535130681 0.0184060694 | -0.0137582157 0.0196510581 0.00498704566,FAST_REJECT,FORBIDDEN_FIRST_CONTACT_FACE_5158,False,REJECTED_BEFORE_DIVERSITY,False,,,,,0,0.0,,,,,,NOT_EVALUATED,,,,,,,,,,OFFLINE_RESEARCH_NOT_FORMAL
raw_seed_231,231,100232,-0.0224136283 0.00287909593 0.0191845477,CLOSURE_REJECT,,,FAST_REJECT,FORBIDDEN_FIRST_CONTACT_FACE_100459,False,REJECTED_BEFORE_DIVERSITY,False,,,,,0,0.0,,,,,,NOT_EVALUATED,,,,,,,,,,OFFLINE_RESEARCH_NOT_FORMAL
raw_seed_036,36,100769,0.0227307441 -0.00769997389 0.0136516913,CLOSURE_REJECT,,,FAST_REJECT,FORBIDDEN_FIRST_CONTACT_FACE_99847,False,REJECTED_BEFORE_DIVERSITY,False,,,,,0,0.0,,,,,,NOT_EVALUATED,,,,,,,,,,OFFLINE_RESEARCH_NOT_FORMAL
raw_seed_275,275,100545,0.00145939416 -0.0225522266 0.0101415064,CLOSURE_SURVIVE,100780 98836 5087,0.0235105992 -0.00480332138 0.0182385469 | -0.00445041924 0.0235771101 0.00481554235 | -0.0197012889 -0.0102103585 0.0175190805,FAST_REJECT,HAND_TABLE_PENETRATION,False,REJECTED_BEFORE_DIVERSITY,False,-0.005646302961537342,f3Link3,FINGER_3_CLOSURE_0143,0.7 0.6492795 0.58295525 0.465267107,759,0.0014960357142858038,-0.0031028917711141135,-0.0031028917711141135,f2Link2,PREGRASP,,NOT_EVALUATED,,,,,,,,,,OFFLINE_RESEARCH_NOT_FORMAL
raw_seed_372,372,100616,0.00869840459 -0.0208571328 0.0220078999,CLOSURE_SURVIVE,99717 100048 7451,0.0218334558 0.00583416591 0.0216342125 | -0.0118615173 0.0208586326 0.0166819358 | -0.0153211946 -0.0160504744 0.029385474,FAST_REJECT,HAND_TABLE_PENETRATION,False,REJECTED_BEFORE_DIVERSITY,False,-0.017512696442570808,f3Link3,FINGER_3_CLOSURE_0143,0.7 0.6492795 0.58295525 0.465267107,759,0.0014960357142858038,-0.01496928525214758,-0.01496928525214758,f2Link2,PREGRASP,,NOT_EVALUATED,,,,,,,,,,OFFLINE_RESEARCH_NOT_FORMAL
raw_seed_088,88,100204,-0.0234414746 0.00509978065 0.0166936348,CLOSURE_REJECT,100445,-0.011085394 -0.0212734789 0.0247906753,FAST_REJECT,FORBIDDEN_FIRST_CONTACT_FACE_100770,False,REJECTED_BEFORE_DIVERSITY,False,,,,,0,0.0,,,,,,NOT_EVALUATED,,,,,,,,,,OFFLINE_RESEARCH_NOT_FORMAL
raw_seed_175,175,99977,-0.00175604675 0.0239302594 0.0163145987,CLOSURE_SURVIVE,100217 100504 6814,-0.0235521848 0.00460138946 0.0244116392 | -0.00368791086 -0.0237030012 0.0135383702 | 0.0196110355 0.0103792103 0.0236921728,FAST_REJECT,HAND_TABLE_PENETRATION,False,REJECTED_BEFORE_DIVERSITY,False,-0.011819395236169039,f3Link3,FINGER_3_CLOSURE_0143,0.7 0.6492795 0.58295525 0.465267107,759,0.0014960357142858038,-0.009275984045745811,-0.009275984045745811,f2Link2,PREGRASP,,NOT_EVALUATED,,,,,,,,,,OFFLINE_RESEARCH_NOT_FORMAL
raw_seed_375,375,100264,-0.0238257213 -0.00281744747 0.0254865898,CLOSURE_REJECT,,,FAST_REJECT,FORBIDDEN_FIRST_CONTACT_FACE_7554,False,REJECTED_BEFORE_DIVERSITY,False,,,,,0,0.0,,,,,,NOT_EVALUATED,,,,,,,,,,OFFLINE_RESEARCH_NOT_FORMAL
raw_seed_026,26,99713,0.0233939659 0.00530353472 0.0294707926,CLOSURE_REJECT,,,FAST_REJECT,FORBIDDEN_FIRST_CONTACT_FACE_99939,False,REJECTED_BEFORE_DIVERSITY,False,,,,,0,0.0,,,,,,NOT_EVALUATED,,,,,,,,,,OFFLINE_RESEARCH_NOT_FORMAL
raw_seed_092,92,100425,-0.0135737446 -0.0180618273 0.0296849948,CLOSURE_SURVIVE,100665 99869 100217,0.0146990806 -0.0171574676 0.0256163988 | 0.0119777906 0.0207964832 0.0243590308 | -0.0235823497 0.0044186836 0.0219987631,FAST_REJECT,HAND_TABLE_PENETRATION,False,REJECTED_BEFORE_DIVERSITY,False,-0.0251897914036511,f3Link3,FINGER_3_CLOSURE_0143,0.7 0.6492795 0.58295525 0.465267107,759,0.0014960357142858038,-0.022646380213227846,-0.022646380213227846,f2Link2,PREGRASP,,NOT_EVALUATED,,,,,,,,,,OFFLINE_RESEARCH_NOT_FORMAL
raw_seed_215,215,100340,-0.0199295773 -0.0106313471 0.0176880577,CLOSURE_SURVIVE,100577 99784 7174,0.00532527943 -0.0233888957 0.0257850981 | 0.0196348869 0.0137807827 0.0123620936 | -0.0174331155 0.0137330182 0.0250656318,FAST_REJECT,HAND_TABLE_PENETRATION,False,REJECTED_BEFORE_DIVERSITY,False,-0.013192854227696782,f3Link3,FINGER_3_CLOSURE_0143,0.7 0.6492795 0.58295525 0.465267107,759,0.0014960357142858038,-0.010649443037273554,-0.010649443037273554,f2Link2,PREGRASP,,NOT_EVALUATED,,,,,,,,,,OFFLINE_RESEARCH_NOT_FORMAL
raw_seed_174,174,7234,-0.0207773749 0.00778551105 0.0214554786,CLOSURE_REJECT,,,FAST_REJECT,FORBIDDEN_FIRST_CONTACT_FACE_7496,False,REJECTED_BEFORE_DIVERSITY,False,,,,,0,0.0,,,,,,NOT_EVALUATED,,,,,,,,,,OFFLINE_RESEARCH_NOT_FORMAL
raw_seed_379,379,100768,0.0230583202 -0.00662010395 0.0174169667,CLOSURE_REJECT,99857,0.0124513209 0.0205039624 0.0255140072,FAST_REJECT,FORBIDDEN_FIRST_CONTACT_FACE_100182,False,REJECTED_BEFORE_DIVERSITY,False,,,,,0,0.0,,,,,,NOT_EVALUATED,,,,,,,,,,OFFLINE_RESEARCH_NOT_FORMAL
raw_seed_299,299,100685,0.017112908 -0.016818586 0.0252422674,CLOSURE_REJECT,,,FAST_REJECT,FORBIDDEN_FIRST_CONTACT_FACE_6810,False,REJECTED_BEFORE_DIVERSITY,False,,,,,0,0.0,,,,,,NOT_EVALUATED,,,,,,,,,,OFFLINE_RESEARCH_NOT_FORMAL
raw_seed_009,9,7631,0.00479080897 -0.0216662236 0.0299316974,CLOSURE_REJECT,,,FAST_REJECT,FORBIDDEN_FIRST_CONTACT_FACE_100803,False,REJECTED_BEFORE_DIVERSITY,False,,,,,0,0.0,,,,,,NOT_EVALUATED,,,,,,,,,,OFFLINE_RESEARCH_NOT_FORMAL
raw_seed_374,374,7534,-0.00652911238 -0.0212059341 0.0222056196,CLOSURE_REJECT,,,FAST_REJECT,FORBIDDEN_FIRST_CONTACT_FACE_100698,False,REJECTED_BEFORE_DIVERSITY,False,,,,,0,0.0,,,,,,NOT_EVALUATED,,,,,,,,,,OFFLINE_RESEARCH_NOT_FORMAL
raw_seed_276,276,100672,0.0164660792 -0.017443066 0.0134844308,CLOSURE_REJECT,,,FAST_REJECT,FORBIDDEN_FIRST_CONTACT_FACE_4532,False,REJECTED_BEFORE_DIVERSITY,False,,,,,0,0.0,,,,,,NOT_EVALUATED,,,,,,,,,,OFFLINE_RESEARCH_NOT_FORMAL
raw_seed_349,349,99581,0.0214475888 -0.0107596571 0.00835235713,CLOSURE_REJECT,99820 99028,0.0160203497 0.0178605363 0.0164493976 | -0.0225927951 0.00806932422 0.00302639308,FAST_REJECT,FORBIDDEN_FIRST_CONTACT_FACE_5278,False,REJECTED_BEFORE_DIVERSITY,False,,,,,0,0.0,,,,,,NOT_EVALUATED,,,,,,,,,,OFFLINE_RESEARCH_NOT_FORMAL
raw_seed_049,49,6947,0.00812798248 0.020648478 0.0267970514,CLOSURE_REJECT,,,FAST_REJECT,FORBIDDEN_FIRST_CONTACT_FACE_7165,False,REJECTED_BEFORE_DIVERSITY,False,,,,,0,0.0,,,,,,NOT_EVALUATED,,,,,,,,,,OFFLINE_RESEARCH_NOT_FORMAL
raw_seed_331,331,100625,0.0111684032 -0.0212291096 0.0265899078,CLOSURE_REJECT,99741 100073,0.0212151559 0.00775730426 0.0262162204 | -0.0136686962 0.019715207 0.0212639438,FAST_REJECT,FORBIDDEN_FIRST_CONTACT_FACE_7453,False,REJECTED_BEFORE_DIVERSITY,False,,,,,0,0.0,,,,,,NOT_EVALUATED,,,,,,,,,,OFFLINE_RESEARCH_NOT_FORMAL
raw_seed_329,329,7475,-0.0134167506 -0.0176824946 0.0302400667,CLOSURE_REJECT,100665,0.0146191871 -0.0172230345 0.0261714706,FAST_REJECT,FORBIDDEN_FIRST_CONTACT_FACE_99859,False,REJECTED_BEFORE_DIVERSITY,False,,,,,0,0.0,,,,,,NOT_EVALUATED,,,,,,,,,,OFFLINE_RESEARCH_NOT_FORMAL
raw_seed_105,105,7847,0.0217818026 -0.00428032167 0.0297372404,CLOSURE_SURVIVE,99885 100169 100589,0.0090442854 0.0207004161 0.0256686444 | -0.0218864198 0.00981714216 0.026961012 | 0.00628978599 -0.0231585214 0.0220510087,FAST_REJECT,HAND_TABLE_PENETRATION,False,REJECTED_BEFORE_DIVERSITY,False,-0.025242037004315293,f3Link3,FINGER_3_CLOSURE_0143,0.7 0.6492795 0.58295525 0.465267107,759,0.0014960357142858038,-0.022698625813892037,-0.022698625813892037,f2Link2,PREGRASP,,NOT_EVALUATED,,,,,,,,,,OFFLINE_RESEARCH_NOT_FORMAL
raw_seed_075,75,100628,0.0110429833 -0.0197095535 0.0116689311,CLOSURE_REJECT,,,FAST_REJECT,FORBIDDEN_FIRST_CONTACT_FACE_99734,False,REJECTED_BEFORE_DIVERSITY,False,,,,,0,0.0,,,,,,NOT_EVALUATED,,,,,,,,,,OFFLINE_RESEARCH_NOT_FORMAL
raw_seed_304,304,99921,0.00469393492 0.0220993199 0.0230263213,CLOSURE_REJECT,100185 100516,-0.0212736702 0.00760183594 0.0226526339 | -0.00209279865 -0.0238970925 0.0177003572,FAST_REJECT,FORBIDDEN_FIRST_CONTACT_FACE_99698,False,REJECTED_BEFORE_DIVERSITY,False,,,,,0,0.0,,,,,,NOT_EVALUATED,,,,,,,,,,OFFLINE_RESEARCH_NOT_FORMAL
raw_seed_318,318,5147,-0.0156007656 -0.0157886279 0.0162318845,CLOSURE_SURVIVE,100637 99772 7234,0.012032515 -0.0207643929 0.024328925 | 0.0202755082 0.0128187048 0.0134556561 | -0.0207197647 0.00793857786 0.0236094586,FAST_REJECT,HAND_TABLE_PENETRATION,False,REJECTED_BEFORE_DIVERSITY,False,-0.011736681105500524,f3Link3,FINGER_3_CLOSURE_0143,0.7 0.6492795 0.58295525 0.465267107,759,0.0014960357142858038,-0.009193269915077296,-0.009193269915077296,f2Link2,PREGRASP,,NOT_EVALUATED,,,,,,,,,,OFFLINE_RESEARCH_NOT_FORMAL
raw_seed_303,303,99992,-0.00299037937 0.0223999709 0.0196628801,CLOSURE_REJECT,,,FAST_REJECT,FORBIDDEN_FIRST_CONTACT_FACE_100239,False,REJECTED_BEFORE_DIVERSITY,False,,,,,0,0.0,,,,,,NOT_EVALUATED,,,,,,,,,,OFFLINE_RESEARCH_NOT_FORMAL
raw_seed_315,315,100725,0.0195244718 -0.0113767137 0.0182581024,CLOSURE_REJECT,,,FAST_REJECT,FORBIDDEN_FIRST_CONTACT_FACE_99823,False,REJECTED_BEFORE_DIVERSITY,False,,,,,0,0.0,,,,,,NOT_EVALUATED,,,,,,,,,,OFFLINE_RESEARCH_NOT_FORMAL
raw_seed_158,158,5531,0.0214784429 -0.00559615685 0.0181556979,CLOSURE_SURVIVE,99869 100216 7619,0.0119464716 0.0208132236 0.0262527384 | -0.0237867002 0.00318095483 0.0128297338 | 0.00350531182 -0.0219097573 0.025533272,FAST_REJECT,HAND_TABLE_PENETRATION,False,REJECTED_BEFORE_DIVERSITY,False,-0.013660494460846162,f3Link3,FINGER_3_CLOSURE_0143,0.7 0.6492795 0.58295525 0.465267107,759,0.0014960357142858038,-0.011117083270422934,-0.011117083270422934,f2Link2,PREGRASP,,NOT_EVALUATED,,,,,,,,,,OFFLINE_RESEARCH_NOT_FORMAL
raw_seed_245,245,99820,0.01620786 0.0176849141 0.0210902402,CLOSURE_REJECT,,,FAST_REJECT,FORBIDDEN_FIRST_CONTACT_FACE_4801,False,REJECTED_BEFORE_DIVERSITY,False,,,,,0,0.0,,,,,,NOT_EVALUATED,,,,,,,,,,OFFLINE_RESEARCH_NOT_FORMAL
raw_seed_153,153,98585,0.0226722131 0.00785831511 0.00350006687,CLOSURE_REJECT,,,FAST_REJECT,FORBIDDEN_FIRST_CONTACT_FACE_99983,False,REJECTED_BEFORE_DIVERSITY,False,,,,,0,0.0,,,,,,NOT_EVALUATED,,,,,,,,,,OFFLINE_RESEARCH_NOT_FORMAL
raw_seed_078,78,6910,0.0115481919 0.0189470615 0.0209654021,CLOSURE_REJECT,,,FAST_REJECT,FORBIDDEN_FIRST_CONTACT_FACE_4837,False,REJECTED_BEFORE_DIVERSITY,False,,,,,0,0.0,,,,,,NOT_EVALUATED,,,,,,,,,,OFFLINE_RESEARCH_NOT_FORMAL
raw_seed_193,193,5171,-0.0134966231 -0.0176252588 0.0182634002,CLOSURE_REJECT,,,FAST_REJECT,FORBIDDEN_FIRST_CONTACT_FACE_100651,False,REJECTED_BEFORE_DIVERSITY,False,,,,,0,0.0,,,,,,NOT_EVALUATED,,,,,,,,,,OFFLINE_RESEARCH_NOT_FORMAL
raw_seed_261,261,99676,0.02397076 0.000893222985 0.0175825646,CLOSURE_SURVIVE,99917 100276 7666,0.00544343637 0.0233613454 0.0256796051 | -0.0236841589 -0.00380203625 0.0122566006 | 0.00966942778 -0.0199782605 0.0249601387,FAST_REJECT,HAND_TABLE_PENETRATION,False,REJECTED_BEFORE_DIVERSITY,False,-0.01308736117589071,f3Link3,FINGER_3_CLOSURE_0143,0.7 0.6492795 0.58295525 0.465267107,759,0.0014960357142858038,-0.010543949985467482,-0.010543949985467482,f2Link2,PREGRASP,,NOT_EVALUATED,,,,,,,,,,OFFLINE_RESEARCH_NOT_FORMAL
raw_seed_228,228,100816,0.0239703088 -0.000907007038 0.0136884328,CLOSURE_REJECT,,,FAST_REJECT,FORBIDDEN_FIRST_CONTACT_FACE_98731,False,REJECTED_BEFORE_DIVERSITY,False,,,,,0,0.0,,,,,,NOT_EVALUATED,,,,,,,,,,OFFLINE_RESEARCH_NOT_FORMAL
raw_seed_107,107,100661,0.0149395882 -0.0187702204 0.0243896429,CLOSURE_REJECT,,,FAST_REJECT,FORBIDDEN_FIRST_CONTACT_FACE_6781,False,REJECTED_BEFORE_DIVERSITY,False,,,,,0,0.0,,,,,,NOT_EVALUATED,,,,,,,,,,OFFLINE_RESEARCH_NOT_FORMAL
raw_seed_302,302,7162,-0.0166500179 0.0146810676 0.0262585333,CLOSURE_SURVIVE,100377 100649 99904,-0.0170741571 -0.0148005947 0.0258848459 | 0.0139479307 -0.0195151102 0.0234823049 | 0.00624608041 0.0231717794 0.0185723016,FAST_REJECT,HAND_TABLE_PENETRATION,False,REJECTED_BEFORE_DIVERSITY,False,-0.021763329905569062,f3Link3,FINGER_3_CLOSURE_0143,0.7 0.6492795 0.58295525 0.465267107,759,0.0014960357142858038,-0.019219918715145834,-0.019219918715145834,f2Link2,PREGRASP,,NOT_EVALUATED,,,,,,,,,,OFFLINE_RESEARCH_NOT_FORMAL
raw_seed_100,100,100805,0.0238852276 -0.00221326544 0.0230670904,CLOSURE_REJECT,,,FAST_REJECT,FORBIDDEN_FIRST_CONTACT_FACE_6961,False,REJECTED_BEFORE_DIVERSITY,False,,,,,0,0.0,,,,,,NOT_EVALUATED,,,,,,,,,,OFFLINE_RESEARCH_NOT_FORMAL
raw_seed_206,206,6911,0.0119020859 0.0187269963 0.0272911686,CLOSURE_REJECT,100125 100457,-0.0172791755 0.0145507791 0.0269174812 | -0.0103107585 -0.0216627653 0.0219652046,FAST_REJECT,FORBIDDEN_FIRST_CONTACT_FACE_7837,False,REJECTED_BEFORE_DIVERSITY,False,,,,,0,0.0,,,,,,NOT_EVALUATED,,,,,,,,,,OFFLINE_RESEARCH_NOT_FORMAL
raw_seed_190,190,4871,-0.0172538286 0.0139514799 0.0188626035,CLOSURE_SURVIVE,100361 100720 6958,-0.0194574949 -0.0140283327 0.026959644 | 0.0203482658 -0.0127017013 0.0135366395 | 0.00584459574 0.0214135804 0.0262401776,FAST_REJECT,HAND_TABLE_PENETRATION,False,REJECTED_BEFORE_DIVERSITY,False,-0.014367400094488225,f3Link3,FINGER_3_CLOSURE_0143,0.7 0.6492795 0.58295525 0.465267107,759,0.0014960357142858038,-0.011823988904064997,-0.011823988904064997,f2Link2,PREGRASP,,NOT_EVALUATED,,,,,,,,,,OFFLINE_RESEARCH_NOT_FORMAL
raw_seed_343,343,100352,-0.019350081 -0.0116571564 0.02421801,CLOSURE_REJECT,,,FAST_REJECT,FORBIDDEN_FIRST_CONTACT_FACE_7628,False,REJECTED_BEFORE_DIVERSITY,False,,,,,0,0.0,,,,,,NOT_EVALUATED,,,,,,,,,,OFFLINE_RESEARCH_NOT_FORMAL
raw_seed_300,300,100577,0.00503344544 -0.0234569418 0.019379833,CLOSURE_SURVIVE,100817 100013 7415,0.02395697 -0.00131446557 0.0274768735 | -0.00657345967 0.0230724696 0.0222641694 | -0.0179951003 -0.01298051 0.0267574071,FAST_REJECT,HAND_TABLE_PENETRATION,False,REJECTED_BEFORE_DIVERSITY,False,-0.014884629596647492,f3Link3,FINGER_3_CLOSURE_0143,0.7 0.6492795 0.58295525 0.465267107,759,0.0014960357142858038,-0.012341218406224264,-0.012341218406224264,f2Link2,PREGRASP,,NOT_EVALUATED,,,,,,,,,,OFFLINE_RESEARCH_NOT_FORMAL
raw_seed_248,248,100161,-0.0199362929 0.0106187831 0.023902886,CLOSURE_REJECT,,,FAST_REJECT,FORBIDDEN_FIRST_CONTACT_FACE_7465,False,REJECTED_BEFORE_DIVERSITY,False,,,,,0,0.0,,,,,,NOT_EVALUATED,,,,,,,,,,OFFLINE_RESEARCH_NOT_FORMAL
raw_seed_165,165,99741,0.0213489444 0.00740183747 0.0287572133,CLOSURE_REJECT,,,FAST_REJECT,FORBIDDEN_FIRST_CONTACT_FACE_7003,False,REJECTED_BEFORE_DIVERSITY,False,,,,,0,0.0,,,,,,NOT_EVALUATED,,,,,,,,,,OFFLINE_RESEARCH_NOT_FORMAL
raw_seed_131,131,100385,-0.0175790049 -0.0163209384 0.0274890386,CLOSURE_REJECT,,,FAST_REJECT,FORBIDDEN_FIRST_CONTACT_FACE_7686,False,REJECTED_BEFORE_DIVERSITY,False,,,,,0,0.0,,,,,,NOT_EVALUATED,,,,,,,,,,OFFLINE_RESEARCH_NOT_FORMAL
raw_seed_183,183,100268,-0.0224314996 -0.00269764594 0.0120965033,CLOSURE_REJECT,,,FAST_REJECT,FORBIDDEN_FIRST_CONTACT_FACE_5272,False,REJECTED_BEFORE_DIVERSITY,False,,,,,0,0.0,,,,,,NOT_EVALUATED,,,,,,,,,,OFFLINE_RESEARCH_NOT_FORMAL
raw_seed_342,342,7643,0.0065312674 -0.0212052804 0.0270943073,CLOSURE_REJECT,,,FAST_REJECT,FORBIDDEN_FIRST_CONTACT_FACE_6728,False,REJECTED_BEFORE_DIVERSITY,False,,,,,0,0.0,,,,,,NOT_EVALUATED,,,,,,,,,,OFFLINE_RESEARCH_NOT_FORMAL
raw_seed_041,41,7750,0.0174825934 -0.0136727293 0.0281591434,CLOSURE_REJECT,99801 100085,0.0174310492 0.0143657205 0.0240905473 | -0.0150731543 0.0186606055 0.0253829149,FAST_REJECT,FORBIDDEN_FIRST_CONTACT_FACE_100479,False,REJECTED_BEFORE_DIVERSITY,False,,,,,0,0.0,,,,,,NOT_EVALUATED,,,,,,,,,,OFFLINE_RESEARCH_NOT_FORMAL
raw_seed_243,243,100492,-0.00470733399 -0.0235329803 0.0216549349,CLOSURE_REJECT,,,FAST_REJECT,FORBIDDEN_FIRST_CONTACT_FACE_100747,False,REJECTED_BEFORE_DIVERSITY,False,,,,,0,0.0,,,,,,NOT_EVALUATED,,,,,,,,,,OFFLINE_RESEARCH_NOT_FORMAL
raw_seed_189,189,99257,-0.015382658 -0.0184066025 0.00857465728,CLOSURE_REJECT,,,FAST_REJECT,FORBIDDEN_FIRST_CONTACT_FACE_99507,False,REJECTED_BEFORE_DIVERSITY,False,,,,,0,0.0,,,,,,NOT_EVALUATED,,,,,,,,,,OFFLINE_RESEARCH_NOT_FORMAL
raw_seed_111,111,99965,-9.8744461e-05 0.0239967686 0.0266807046,CLOSURE_REJECT,100221 100493,-0.0224066554 0.00294989218 0.0263070172 | -0.00531651283 -0.0233909398 0.0239044762,FAST_REJECT,FORBIDDEN_FIRST_CONTACT_FACE_99758,False,REJECTED_BEFORE_DIVERSITY,False,,,,,0,0.0,,,,,,NOT_EVALUATED,,,,,,,,,,OFFLINE_RESEARCH_NOT_FORMAL
raw_seed_053,53,99773,0.0207510225 0.0120540165 0.0266932452,CLOSURE_REJECT,100029 100301,-0.00863898819 0.020883313 0.0263195578 | -0.0229256275 -0.00705753158 0.0239170168,FAST_REJECT,FORBIDDEN_FIRST_CONTACT_FACE_100718,False,REJECTED_BEFORE_DIVERSITY,False,,,,,0,0.0,,,,,,NOT_EVALUATED,,,,,,,,,,OFFLINE_RESEARCH_NOT_FORMAL
raw_seed_020,20,100673,0.016273812 -0.0176231434 0.0174333959,CLOSURE_SURVIVE,99761 100120 7510,0.0212841942 0.0110653471 0.0255304364 | -0.0182981943 0.0155147538 0.0121074318 | -0.00887898979 -0.0203364031 0.02481097,FAST_REJECT,HAND_TABLE_PENETRATION,False,REJECTED_BEFORE_DIVERSITY,False,-0.012938192447554231,f3Link3,FINGER_3_CLOSURE_0143,0.7 0.6492795 0.58295525 0.465267107,759,0.0014960357142858038,-0.010394781257131003,-0.010394781257131003,f2Link2,PREGRASP,,NOT_EVALUATED,,,,,,,,,,OFFLINE_RESEARCH_NOT_FORMAL
raw_seed_067,67,100376,-0.0178849537 -0.0138126365 0.0247044823,CLOSURE_REJECT,100629 99749,0.0113000007 -0.019572175 0.0243307949 | 0.0218035785 0.00999997703 0.0219282539,FAST_REJECT,FORBIDDEN_FIRST_CONTACT_FACE_100166,False,REJECTED_BEFORE_DIVERSITY,False,,,,,0,0.0,,,,,,NOT_EVALUATED,,,,,,,,,,OFFLINE_RESEARCH_NOT_FORMAL
raw_seed_025,25,82672,-0.00290403732 -0.0217660424 0.0196375811,CLOSURE_REJECT,,,FAST_REJECT,FORBIDDEN_FIRST_CONTACT_FACE_100767,False,REJECTED_BEFORE_DIVERSITY,False,,,,,0,0.0,,,,,,NOT_EVALUATED,,,,,,,,,,OFFLINE_RESEARCH_NOT_FORMAL
raw_seed_182,182,7498,-0.0103080749 -0.0196490583 0.0222337034,CLOSURE_REJECT,,,FAST_REJECT,FORBIDDEN_FIRST_CONTACT_FACE_6577,False,REJECTED_BEFORE_DIVERSITY,False,,,,,0,0.0,,,,,,NOT_EVALUATED,,,,,,,,,,OFFLINE_RESEARCH_NOT_FORMAL
raw_seed_368,368,99885,0.00882073612 0.0208017051 0.0133739911,CLOSURE_REJECT,,,FAST_REJECT,FORBIDDEN_FIRST_CONTACT_FACE_4852,False,REJECTED_BEFORE_DIVERSITY,False,,,,,0,0.0,,,,,,NOT_EVALUATED,,,,,,,,,,OFFLINE_RESEARCH_NOT_FORMAL
raw_seed_359,359,100216,-0.0236234696 0.00416962479 0.0140200123,CLOSURE_SURVIVE,100457 100804 98861,-0.0102376171 -0.0216959053 0.0221170528 | 0.0238512517 -0.00255823146 0.0169014159 | -0.00673442156 0.0230236422 0.00633378055,FAST_REJECT,HAND_TABLE_PENETRATION,False,REJECTED_BEFORE_DIVERSITY,False,-0.00952480887467555,f3Link3,FINGER_3_CLOSURE_0143,0.7 0.6492795 0.58295525 0.465267107,759,0.0014960357142858038,-0.006981397684252322,-0.006981397684252322,f2Link2,PREGRASP,,NOT_EVALUATED,,,,,,,,,,OFFLINE_RESEARCH_NOT_FORMAL
raw_seed_209,209,7151,-0.0146684921 0.0166617962 0.023688066,CLOSURE_SURVIVE,100353 100684 82517,-0.0188053865 -0.012533095 0.0233143786 | 0.0179285658 -0.0159477152 0.018362102 | 0.00919797823 0.0199465114 0.0203435439,FAST_REJECT,HAND_TABLE_PENETRATION,False,REJECTED_BEFORE_DIVERSITY,False,-0.019192862593139348,f3Link3,FINGER_3_CLOSURE_0143,0.7 0.6492795 0.58295525 0.465267107,759,0.0014960357142858038,-0.01664945140271612,-0.01664945140271612,f2Link2,PREGRASP,,NOT_EVALUATED,,,,,,,,,,OFFLINE_RESEARCH_NOT_FORMAL
raw_seed_308,308,100637,0.0122881114 -0.0206054527 0.0142173295,CLOSURE_REJECT,,,FAST_REJECT,FORBIDDEN_FIRST_CONTACT_FACE_4453,False,REJECTED_BEFORE_DIVERSITY,False,,,,,0,0.0,,,,,,NOT_EVALUATED,,,,,,,,,,OFFLINE_RESEARCH_NOT_FORMAL
raw_seed_142,142,7079,-0.00822207499 0.0206130641 0.0293556707,CLOSURE_REJECT,100281 100625,-0.022292988 -0.00363836199 0.0252870747 | 0.0115317701 -0.021034886 0.0240297066,FAST_REJECT,FORBIDDEN_FIRST_CONTACT_FACE_99799,False,REJECTED_BEFORE_DIVERSITY,False,,,,,0,0.0,,,,,,NOT_EVALUATED,,,,,,,,,,OFFLINE_RESEARCH_NOT_FORMAL
raw_seed_355,355,100469,-0.00908970013 -0.0222087536 0.0270022092,CLOSURE_REJECT,100725 99845,0.019572175 -0.0113000007 0.0266285217 | 0.013861197 0.0195772627 0.0242259807,FAST_REJECT,FORBIDDEN_FIRST_CONTACT_FACE_7302,False,REJECTED_BEFORE_DIVERSITY,False,,,,,0,0.0,,,,,,NOT_EVALUATED,,,,,,,,,,OFFLINE_RESEARCH_NOT_FORMAL
raw_seed_115,115,100484,-0.00608866509 -0.0217573173 0.00934254225,CLOSURE_SURVIVE,100720 98776 5027,0.0205891438 -0.0123143383 0.0174395827 | 0.0036068117 0.0237163907 0.0040165782 | -0.0219747514 -0.0031116488 0.0167201164,FAST_REJECT,HAND_TABLE_PENETRATION,False,REJECTED_BEFORE_DIVERSITY,False,-0.004847338810902824,f3Link3,FINGER_3_CLOSURE_0143,0.7 0.6492795 0.58295525 0.465267107,759,0.0014960357142858038,-0.0023039276204795955,-0.0023039276204795955,f2Link2,PREGRASP,,NOT_EVALUATED,,,,,,,,,,OFFLINE_RESEARCH_NOT_FORMAL
raw_seed_204,204,100516,-0.00241810646 -0.0238650527 0.0180035767,CLOSURE_REJECT,100757 99964,0.0223890111 -0.00861076641 0.0261006172 | -0.000502341047 0.0239835562 0.0126776126,FAST_REJECT,FORBIDDEN_FIRST_CONTACT_FACE_5008,False,REJECTED_BEFORE_DIVERSITY,False,,,,,0,0.0,,,,,,NOT_EVALUATED,,,,,,,,,,OFFLINE_RESEARCH_NOT_FORMAL
raw_seed_328,328,100276,-0.023637161 -0.00408669767 0.0159467866,CLOSURE_SURVIVE,100517 99712 7114,-0.00227459458 -0.0238791873 0.0240438271 | 0.0233151534 0.00564154348 0.0188311229 | -0.0122519345 0.0185094467 0.0233243607,FAST_REJECT,HAND_TABLE_PENETRATION,False,REJECTED_BEFORE_DIVERSITY,False,-0.011451583139765575,f3Link3,FINGER_3_CLOSURE_0143,0.7 0.6492795 0.58295525 0.465267107,759,0.0014960357142858038,-0.008908171949342347,-0.008908171949342347,f2Link2,PREGRASP,,NOT_EVALUATED,,,,,,,,,,OFFLINE_RESEARCH_NOT_FORMAL
raw_seed_152,152,100208,-0.0219929879 0.00514996881 0.0187443355,CLOSURE_SURVIVE,100445 100804 7042,-0.0114200736 -0.021094589 0.0268413759 | 0.0238483183 -0.00258801471 0.0134183714 | -0.00404955958 0.0218199016 0.0261219096,FAST_REJECT,HAND_TABLE_PENETRATION,False,REJECTED_BEFORE_DIVERSITY,False,-0.014249132023957167,f3Link3,FINGER_3_CLOSURE_0143,0.7 0.6492795 0.58295525 0.465267107,759,0.0014960357142858038,-0.011705720833533939,-0.011705720833533939,f2Link2,PREGRASP,,NOT_EVALUATED,,,,,,,,,,OFFLINE_RESEARCH_NOT_FORMAL
raw_seed_325,325,99712,0.0233168912 0.00563409022 0.0205396333,CLOSURE_REJECT,,,FAST_REJECT,FORBIDDEN_FIRST_CONTACT_FACE_4693,False,REJECTED_BEFORE_DIVERSITY,False,,,,,0,0.0,,,,,,NOT_EVALUATED,,,,,,,,,,OFFLINE_RESEARCH_NOT_FORMAL
raw_seed_267,267,100601,0.00845653411 -0.0224470599 0.028249636,CLOSURE_REJECT,,,FAST_REJECT,FORBIDDEN_FIRST_CONTACT_FACE_6733,False,REJECTED_BEFORE_DIVERSITY,False,,,,,0,0.0,,,,,,NOT_EVALUATED,,,,,,,,,,OFFLINE_RESEARCH_NOT_FORMAL
raw_seed_225,225,5867,-9.77323886e-05 0.0214968015 0.0202204765,CLOSURE_REJECT,,,FAST_REJECT,FORBIDDEN_FIRST_CONTACT_FACE_7244,False,REJECTED_BEFORE_DIVERSITY,False,,,,,0,0.0,,,,,,NOT_EVALUATED,,,,,,,,,,OFFLINE_RESEARCH_NOT_FORMAL
raw_seed_060,60,100353,-0.019183942 -0.0119243293 0.0258795343,CLOSURE_REJECT,,,FAST_REJECT,FORBIDDEN_FIRST_CONTACT_FACE_7657,False,REJECTED_BEFORE_DIVERSITY,False,,,,,0,0.0,,,,,,NOT_EVALUATED,,,,,,,,,,OFFLINE_RESEARCH_NOT_FORMAL
raw_seed_326,326,82620,-0.0212697487 -0.00544605495 0.0197526665,CLOSURE_REJECT,,,FAST_REJECT,FORBIDDEN_FIRST_CONTACT_FACE_100515,False,REJECTED_BEFORE_DIVERSITY,False,,,,,0,0.0,,,,,,NOT_EVALUATED,,,,,,,,,,OFFLINE_RESEARCH_NOT_FORMAL
raw_seed_200,200,100289,-0.0234830197 -0.00492160324 0.0214906187,CLOSURE_REJECT,,,FAST_REJECT,FORBIDDEN_FIRST_CONTACT_FACE_7568,False,REJECTED_BEFORE_DIVERSITY,False,,,,,0,0.0,,,,,,NOT_EVALUATED,,,,,,,,,,OFFLINE_RESEARCH_NOT_FORMAL
raw_seed_031,31,100097,-0.016035856 0.0178460131 0.027671234,CLOSURE_REJECT,,,FAST_REJECT,FORBIDDEN_FIRST_CONTACT_FACE_7369,False,REJECTED_BEFORE_DIVERSITY,False,,,,,0,0.0,,,,,,NOT_EVALUATED,,,,,,,,,,OFFLINE_RESEARCH_NOT_FORMAL
raw_seed_056,56,100145,-0.0202857074 0.0128023032 0.020758521,CLOSURE_REJECT,,,FAST_REJECT,FORBIDDEN_FIRST_CONTACT_FACE_100370,False,REJECTED_BEFORE_DIVERSITY,False,,,,,0,0.0,,,,,,NOT_EVALUATED,,,,,,,,,,OFFLINE_RESEARCH_NOT_FORMAL
raw_seed_044,44,100589,0.00691171415 -0.0229698609 0.0207888761,CLOSURE_REJECT,,,FAST_REJECT,FORBIDDEN_FIRST_CONTACT_FACE_100806,False,REJECTED_BEFORE_DIVERSITY,False,,,,,0,0.0,,,,,,NOT_EVALUATED,,,,,,,,,,OFFLINE_RESEARCH_NOT_FORMAL
raw_seed_139,139,100617,0.00998081244 -0.0202760807 0.0161296286,CLOSURE_REJECT,,,FAST_REJECT,FORBIDDEN_FIRST_CONTACT_FACE_99682,False,REJECTED_BEFORE_DIVERSITY,False,,,,,0,0.0,,,,,,NOT_EVALUATED,,,,,,,,,,OFFLINE_RESEARCH_NOT_FORMAL
raw_seed_022,22,7787,0.0195103693 -0.0105675432 0.0275238844,CLOSURE_REJECT,,,FAST_REJECT,FORBIDDEN_FIRST_CONTACT_FACE_6882,False,REJECTED_BEFORE_DIVERSITY,False,,,,,0,0.0,,,,,,NOT_EVALUATED,,,,,,,,,,OFFLINE_RESEARCH_NOT_FORMAL
raw_seed_136,136,100265,-0.0239044231 -0.00201836873 0.0183141677,CLOSURE_SURVIVE,100505 99701 7102,-0.00434121777 -0.0235951394 0.0264112082 | 0.023718389 0.00359470822 0.0211985041 | -0.0105941655 0.0194961394 0.0256917418,FAST_REJECT,HAND_TABLE_PENETRATION,False,REJECTED_BEFORE_DIVERSITY,False,-0.013818964269299072,f3Link3,FINGER_3_CLOSURE_0143,0.7 0.6492795 0.58295525 0.465267107,759,0.0014960357142858038,-0.011275553078875844,-0.011275553078875844,f2Link2,PREGRASP,,NOT_EVALUATED,,,,,,,,,,OFFLINE_RESEARCH_NOT_FORMAL
raw_seed_305,305,6946,0.00831306914 0.0205788164 0.0217810521,CLOSURE_REJECT,,,FAST_REJECT,FORBIDDEN_FIRST_CONTACT_FACE_4866,False,REJECTED_BEFORE_DIVERSITY,False,,,,,0,0.0,,,,,,NOT_EVALUATED,,,,,,,,,,OFFLINE_RESEARCH_NOT_FORMAL
raw_seed_094,94,6779,0.0212796921 0.00628596551 0.0283990015,CLOSURE_REJECT,,,FAST_REJECT,FORBIDDEN_FIRST_CONTACT_FACE_99943,False,REJECTED_BEFORE_DIVERSITY,False,,,,,0,0.0,,,,,,NOT_EVALUATED,,,,,,,,,,OFFLINE_RESEARCH_NOT_FORMAL
raw_seed_347,347,100792,0.0237743496 -0.00325576098 0.0131085413,CLOSURE_REJECT,,,FAST_REJECT,FORBIDDEN_FIRST_CONTACT_FACE_99902,False,REJECTED_BEFORE_DIVERSITY,False,,,,,0,0.0,,,,,,NOT_EVALUATED,,,,,,,,,,OFFLINE_RESEARCH_NOT_FORMAL
raw_seed_004,4,100745,0.0217927888 -0.0100237903 0.0213771571,CLOSURE_REJECT,,,FAST_REJECT,FORBIDDEN_FIRST_CONTACT_FACE_99810,False,REJECTED_BEFORE_DIVERSITY,False,,,,,0,0.0,,,,,,NOT_EVALUATED,,,,,,,,,,OFFLINE_RESEARCH_NOT_FORMAL
raw_seed_320,320,100028,-0.00811535886 0.0210803935 0.0117292335,CLOSURE_REJECT,,,FAST_REJECT,FORBIDDEN_FIRST_CONTACT_FACE_99091,False,REJECTED_BEFORE_DIVERSITY,False,,,,,0,0.0,,,,,,NOT_EVALUATED,,,,,,,,,,OFFLINE_RESEARCH_NOT_FORMAL
raw_seed_327,327,100124,-0.0172268783 0.0146145034 0.00909115467,CLOSURE_REJECT,,,FAST_REJECT,FORBIDDEN_FIRST_CONTACT_FACE_99219,False,REJECTED_BEFORE_DIVERSITY,False,,,,,0,0.0,,,,,,NOT_EVALUATED,,,,,,,,,,OFFLINE_RESEARCH_NOT_FORMAL
raw_seed_292,292,100780,0.0234310768 -0.00514437451 0.0190672721,CLOSURE_SURVIVE,99869 100228 7631,0.0111258106 0.0212518758 0.0271643126 | -0.0238810145 0.00225604171 0.013741308 | 0.00435406356 -0.0217680583 0.0264448462,FAST_REJECT,HAND_TABLE_PENETRATION,False,REJECTED_BEFORE_DIVERSITY,False,-0.014572068663149085,f3Link3,FINGER_3_CLOSURE_0143,0.7 0.6492795 0.58295525 0.465267107,759,0.0014960357142858038,-0.012028657472725857,-0.012028657472725857,f2Link2,PREGRASP,,NOT_EVALUATED,,,,,,,,,,OFFLINE_RESEARCH_NOT_FORMAL
raw_seed_199,199,100137,-0.018231144 0.0133374634 0.0272696846,CLOSURE_REJECT,100401 100733,-0.0156497332 -0.0162905166 0.0268959971 | 0.0209420307 -0.0117054903 0.0219437205,FAST_REJECT,FORBIDDEN_FIRST_CONTACT_FACE_6969,False,REJECTED_BEFORE_DIVERSITY,False,,,,,0,0.0,,,,,,NOT_EVALUATED,,,,,,,,,,OFFLINE_RESEARCH_NOT_FORMAL
raw_seed_369,369,7114,-0.0121420977 0.0185777475 0.0266709225,CLOSURE_SURVIVE,100329 100601 99856,-0.0203922706 -0.0097243763 0.0262972351 | 0.0082538058 -0.0225233613 0.0238946941 | 0.0121829798 0.0206708278 0.0189846907,FAST_REJECT,HAND_TABLE_PENETRATION,False,REJECTED_BEFORE_DIVERSITY,False,-0.022175719051445664,f3Link3,FINGER_3_CLOSURE_0143,0.7 0.6492795 0.58295525 0.465267107,759,0.0014960357142858038,-0.019632307861022436,-0.019632307861022436,f2Link2,PREGRASP,,NOT_EVALUATED,,,,,,,,,,OFFLINE_RESEARCH_NOT_FORMAL
raw_seed_019,19,100532,-0.000741546887 -0.0225757261 0.014345137,CLOSURE_REJECT,100769,0.0229230266 -0.0070661058 0.0224421774,FAST_REJECT,FORBIDDEN_FIRST_CONTACT_FACE_98820,False,REJECTED_BEFORE_DIVERSITY,False,,,,,0,0.0,,,,,,NOT_EVALUATED,,,,,,,,,,OFFLINE_RESEARCH_NOT_FORMAL
raw_seed_185,185,82588,-0.0197524655 0.00958315989 0.0197154618,CLOSURE_SURVIVE,100412 100756 7007,-0.0141110185 -0.0176400779 0.0156389677 | 0.0227050381 -0.00777110094 0.0143894977 | 0.000847002235 0.0221722732 0.0270930359,FAST_REJECT,HAND_TABLE_PENETRATION,False,REJECTED_BEFORE_DIVERSITY,False,-0.01522025831796825,f3Link3,FINGER_3_CLOSURE_0143,0.7 0.6492795 0.58295525 0.465267107,759,0.0014960357142858038,-0.012676847127545021,-0.012676847127545021,f2Link2,PREGRASP,,NOT_EVALUATED,,,,,,,,,,OFFLINE_RESEARCH_NOT_FORMAL
raw_seed_239,239,99953,0.0012447294 0.0239592529 0.0249987627,CLOSURE_REJECT,,,FAST_REJECT,FORBIDDEN_FIRST_CONTACT_FACE_7225,False,REJECTED_BEFORE_DIVERSITY,False,,,,,0,0.0,,,,,,NOT_EVALUATED,,,,,,,,,,OFFLINE_RESEARCH_NOT_FORMAL
raw_seed_042,42,99849,0.0126575246 0.0187183811 0.0236373452,CLOSURE_REJECT,100113 100444,-0.0168589811 0.0150427896 0.0232636577 | -0.0109216208 -0.0213610175 0.0183113811,FAST_REJECT,FORBIDDEN_FIRST_CONTACT_FACE_7837,False,REJECTED_BEFORE_DIVERSITY,False,,,,,0,0.0,,,,,,NOT_EVALUATED,,,,,,,,,,OFFLINE_RESEARCH_NOT_FORMAL
raw_seed_337,337,7223,-0.0199824042 0.0096602825 0.026627289,CLOSURE_REJECT,,,FAST_REJECT,FORBIDDEN_FIRST_CONTACT_FACE_7441,False,REJECTED_BEFORE_DIVERSITY,False,,,,,0,0.0,,,,,,NOT_EVALUATED,,,,,,,,,,OFFLINE_RESEARCH_NOT_FORMAL
raw_seed_017,17,7366,-0.0205524593 -0.00838309829 0.0274363029,CLOSURE_REJECT,,,FAST_REJECT,FORBIDDEN_FIRST_CONTACT_FACE_7626,False,REJECTED_BEFORE_DIVERSITY,False,,,,,0,0.0,,,,,,NOT_EVALUATED,,,,,,,,,,OFFLINE_RESEARCH_NOT_FORMAL
raw_seed_333,333,98705,0.0130038714 0.0201603641 0.00679194074,CLOSURE_REJECT,,,FAST_REJECT,FORBIDDEN_FIRST_CONTACT_FACE_98946,False,REJECTED_BEFORE_DIVERSITY,False,,,,,0,0.0,,,,,,NOT_EVALUATED,,,,,,,,,,OFFLINE_RESEARCH_NOT_FORMAL
raw_seed_230,230,82934,-0.0189073957 -0.0111971103 0.0196400902,CLOSURE_REJECT,,,FAST_REJECT,FORBIDDEN_FIRST_CONTACT_FACE_5338,False,REJECTED_BEFORE_DIVERSITY,False,,,,,0,0.0,,,,,,NOT_EVALUATED,,,,,,,,,,OFFLINE_RESEARCH_NOT_FORMAL
raw_seed_309,309,99777,0.019059813 0.0121239445 0.0258342676,CLOSURE_REJECT,,,FAST_REJECT,FORBIDDEN_FIRST_CONTACT_FACE_7056,False,REJECTED_BEFORE_DIVERSITY,False,,,,,0,0.0,,,,,,NOT_EVALUATED,,,,,,,,,,OFFLINE_RESEARCH_NOT_FORMAL
raw_seed_240,240,99904,0.00649591075 0.0230959939 0.0155101053,CLOSURE_REJECT,,,FAST_REJECT,FORBIDDEN_FIRST_CONTACT_FACE_100131,False,REJECTED_BEFORE_DIVERSITY,False,,,,,0,0.0,,,,,,NOT_EVALUATED,,,,,,,,,,OFFLINE_RESEARCH_NOT_FORMAL
raw_seed_266,266,99813,0.0159896291 0.0159709877 0.0220863732,CLOSURE_SURVIVE,100077 100408 7811,-0.0136906334 0.0179780661 0.0217126857 | -0.0147873 -0.0188952 0.0167604091 | 0.0206684305 -0.00807496989 0.0294639473,FAST_REJECT,HAND_TABLE_PENETRATION,False,REJECTED_BEFORE_DIVERSITY,False,-0.017591169720700406,f3Link3,FINGER_3_CLOSURE_0143,0.7 0.6492795 0.58295525 0.465267107,759,0.0014960357142858038,-0.015047758530277178,-0.015047758530277178,f2Link2,PREGRASP,,NOT_EVALUATED,,,,,,,,,,OFFLINE_RESEARCH_NOT_FORMAL
raw_seed_191,191,100029,-0.00861185446 0.0208935255 0.0270849796,CLOSURE_REJECT,100293 100565,-0.0218546367 -0.00574332603 0.0267112921 | 0.00390073883 -0.023667863 0.0243087511,FAST_REJECT,FORBIDDEN_FIRST_CONTACT_FACE_6870,False,REJECTED_BEFORE_DIVERSITY,False,,,,,0,0.0,,,,,,NOT_EVALUATED,,,,,,,,,,OFFLINE_RESEARCH_NOT_FORMAL
raw_seed_118,118,7546,-0.00499767103 -0.0216179901 0.0245760805,CLOSURE_REJECT,,,FAST_REJECT,FORBIDDEN_FIRST_CONTACT_FACE_7801,False,REJECTED_BEFORE_DIVERSITY,False,,,,,0,0.0,,,,,,NOT_EVALUATED,,,,,,,,,,OFFLINE_RESEARCH_NOT_FORMAL
raw_seed_364,364,100553,0.00211875692 -0.0238945358 0.0220129158,CLOSURE_REJECT,,,FAST_REJECT,FORBIDDEN_FIRST_CONTACT_FACE_7844,False,REJECTED_BEFORE_DIVERSITY,False,,,,,0,0.0,,,,,,NOT_EVALUATED,,,,,,,,,,OFFLINE_RESEARCH_NOT_FORMAL
raw_seed_068,68,100721,0.0200859541 -0.0131235324 0.0185712309,CLOSURE_REJECT,99809,0.0179470331 0.0159279978 0.0266682714,FAST_REJECT,FORBIDDEN_FIRST_CONTACT_FACE_100202,False,REJECTED_BEFORE_DIVERSITY,False,,,,,0,0.0,,,,,,NOT_EVALUATED,,,,,,,,,,OFFLINE_RESEARCH_NOT_FORMAL
raw_seed_028,28,100448,-0.0111563672 -0.0196489486 0.019828036,CLOSURE_REJECT,,,FAST_REJECT,FORBIDDEN_FIRST_CONTACT_FACE_5434,False,REJECTED_BEFORE_DIVERSITY,False,,,,,0,0.0,,,,,,NOT_EVALUATED,,,,,,,,,,OFFLINE_RESEARCH_NOT_FORMAL
raw_seed_216,216,100185,-0.0213905813 0.00729121104 0.0172642795,CLOSURE_REJECT,,,FAST_REJECT,FORBIDDEN_FIRST_CONTACT_FACE_5164,False,REJECTED_BEFORE_DIVERSITY,False,,,,,0,0.0,,,,,,NOT_EVALUATED,,,,,,,,,,OFFLINE_RESEARCH_NOT_FORMAL
raw_seed_069,69,99693,0.0224970337 0.00203227043 0.0260690006,CLOSURE_REJECT,99957 100289,0.000985788827 0.0225677306 0.0256953132 | -0.023453495 -0.00504822811 0.0207430366,FAST_REJECT,FORBIDDEN_FIRST_CONTACT_FACE_7669,False,REJECTED_BEFORE_DIVERSITY,False,,,,,0,0.0,,,,,,NOT_EVALUATED,,,,,,,,,,OFFLINE_RESEARCH_NOT_FORMAL
raw_seed_336,336,99980,-0.0020983082 0.0224905295 0.0103839535,CLOSURE_REJECT,,,FAST_REJECT,FORBIDDEN_FIRST_CONTACT_FACE_99050,False,REJECTED_BEFORE_DIVERSITY,False,,,,,0,0.0,,,,,,NOT_EVALUATED,,,,,,,,,,OFFLINE_RESEARCH_NOT_FORMAL
raw_seed_149,149,99881,0.0105830247 0.0215394032 0.0106613767,CLOSURE_SURVIVE,100108 99257 5567,-0.0179966396 0.0158750334 0.0187584172 | -0.015163118 -0.0185867743 0.00788514826 | 0.0221686557 -0.000957500439 0.0180389508,FAST_REJECT,HAND_TABLE_PENETRATION,False,REJECTED_BEFORE_DIVERSITY,False,-0.006166173249105178,f3Link3,FINGER_3_CLOSURE_0143,0.7 0.6492795 0.58295525 0.465267107,759,0.0014960357142858038,-0.0036227620586819498,-0.0036227620586819498,f2Link2,PREGRASP,,NOT_EVALUATED,,,,,,,,,,OFFLINE_RESEARCH_NOT_FORMAL
raw_seed_137,137,7510,-0.00875996909 -0.0203903306 0.0222782254,CLOSURE_REJECT,,,FAST_REJECT,FORBIDDEN_FIRST_CONTACT_FACE_100692,False,REJECTED_BEFORE_DIVERSITY,False,,,,,0,0.0,,,,,,NOT_EVALUATED,,,,,,,,,,OFFLINE_RESEARCH_NOT_FORMAL
raw_seed_196,196,100724,0.0189065109 -0.0123704739 0.020207701,CLOSURE_REJECT,,,FAST_REJECT,FORBIDDEN_FIRST_CONTACT_FACE_6848,False,REJECTED_BEFORE_DIVERSITY,False,,,,,0,0.0,,,,,,NOT_EVALUATED,,,,,,,,,,OFFLINE_RESEARCH_NOT_FORMAL
raw_seed_168,168,100352,-0.0195297179 -0.0113682772 0.0219982553,CLOSURE_SURVIVE,100605 99784 7187,0.00864864677 -0.0208796778 0.0216245679 | 0.019116009 0.0145048753 0.0166722912 | -0.0179277108 0.0130745519 0.0293758294,FAST_REJECT,HAND_TABLE_PENETRATION,False,REJECTED_BEFORE_DIVERSITY,False,-0.01750305186197121,f3Link3,FINGER_3_CLOSURE_0143,0.7 0.6492795 0.58295525 0.465267107,759,0.0014960357142858038,-0.01495964067154798,-0.01495964067154798,f2Link2,PREGRASP,,NOT_EVALUATED,,,,,,,,,,OFFLINE_RESEARCH_NOT_FORMAL
raw_seed_129,129,4751,-0.00440798129 0.0217554864 0.0191543566,CLOSURE_REJECT,,,FAST_REJECT,FORBIDDEN_FIRST_CONTACT_FACE_100231,False,REJECTED_BEFORE_DIVERSITY,False,,,,,0,0.0,,,,,,NOT_EVALUATED,,,,,,,,,,OFFLINE_RESEARCH_NOT_FORMAL
raw_seed_244,244,100601,0.00842490857 -0.0224589629 0.0220335775,CLOSURE_REJECT,,,FAST_REJECT,FORBIDDEN_FIRST_CONTACT_FACE_100818,False,REJECTED_BEFORE_DIVERSITY,False,,,,,0,0.0,,,,,,NOT_EVALUATED,,,,,,,,,,OFFLINE_RESEARCH_NOT_FORMAL
raw_seed_000,0,100061,-0.0127144382 0.0203403454 0.0215203883,CLOSURE_REJECT,,,FAST_REJECT,FORBIDDEN_FIRST_CONTACT_FACE_7376,False,REJECTED_BEFORE_DIVERSITY,False,,,,,0,0.0,,,,,,NOT_EVALUATED,,,,,,,,,,OFFLINE_RESEARCH_NOT_FORMAL
raw_seed_170,170,99836,0.0142857989 0.0174966392 0.0138793832,CLOSURE_SURVIVE,100073 99281 99629,-0.0139356178 0.0195239335 0.0219764236 | -0.0127985386 -0.0202880484 0.00855341911 | 0.0233804466 -0.00536151587 0.00619315141,FAST_REJECT,HAND_TABLE_PENETRATION,False,REJECTED_BEFORE_DIVERSITY,False,-0.009384179725525188,f3Link3,FINGER_3_CLOSURE_0143,0.7 0.6492795 0.58295525 0.465267107,759,0.0014960357142858038,-0.00684076853510196,-0.00684076853510196,f2Link2,PREGRASP,,NOT_EVALUATED,,,,,,,,,,OFFLINE_RESEARCH_NOT_FORMAL
raw_seed_334,334,6851,0.017241407 0.0139666155 0.0260180385,CLOSURE_SURVIVE,100065 100397 100744,-0.0117508703 0.0192918058 0.0256443511 | -0.0166663114 -0.0172555284 0.0206920745 | 0.0218062253 -0.00999413541 0.0183301842,FAST_REJECT,HAND_TABLE_PENETRATION,False,REJECTED_BEFORE_DIVERSITY,False,-0.021522835102998794,f3Link3,FINGER_3_CLOSURE_0143,0.7 0.6492795 0.58295525 0.465267107,759,0.0014960357142858038,-0.018979423912575566,-0.018979423912575566,f2Link2,PREGRASP,,NOT_EVALUATED,,,,,,,,,,OFFLINE_RESEARCH_NOT_FORMAL
raw_seed_382,382,4727,-0.00190881634 0.0221074716 0.0186416124,CLOSURE_REJECT,,,FAST_REJECT,FORBIDDEN_FIRST_CONTACT_FACE_6102,False,REJECTED_BEFORE_DIVERSITY,False,,,,,0,0.0,,,,,,NOT_EVALUATED,,,,,,,,,,OFFLINE_RESEARCH_NOT_FORMAL
raw_seed_014,14,7007,0.00078287037 0.0221743727 0.0253572669,CLOSURE_REJECT,,,FAST_REJECT,FORBIDDEN_FIRST_CONTACT_FACE_7242,False,REJECTED_BEFORE_DIVERSITY,False,,,,,0,0.0,,,,,,NOT_EVALUATED,,,,,,,,,,OFFLINE_RESEARCH_NOT_FORMAL
raw_seed_008,8,100240,-0.0239729242 0.000827112906 0.0119069364,CLOSURE_REJECT,,,FAST_REJECT,FORBIDDEN_FIRST_CONTACT_FACE_99307,False,REJECTED_BEFORE_DIVERSITY,False,,,,,0,0.0,,,,,,NOT_EVALUATED,,,,,,,,,,OFFLINE_RESEARCH_NOT_FORMAL
raw_seed_255,255,100052,-0.0101150289 0.0202055547 0.0264948684,CLOSURE_REJECT,100305 100577,-0.0214006224 -0.00726453243 0.0261211809 | 0.00562104155 -0.0233199337 0.0237186399,FAST_REJECT,FORBIDDEN_FIRST_CONTACT_FACE_6846,False,REJECTED_BEFORE_DIVERSITY,False,,,,,0,0.0,,,,,,NOT_EVALUATED,,,,,,,,,,OFFLINE_RESEARCH_NOT_FORMAL
raw_seed_083,83,100569,0.00434118939 -0.0221769502 0.0157320464,CLOSURE_REJECT,,,FAST_REJECT,FORBIDDEN_FIRST_CONTACT_FACE_100819,False,REJECTED_BEFORE_DIVERSITY,False,,,,,0,0.0,,,,,,NOT_EVALUATED,,,,,,,,,,OFFLINE_RESEARCH_NOT_FORMAL
raw_seed_203,203,100640,0.0120343891 -0.0191155022 0.0132216193,CLOSURE_REJECT,,,FAST_REJECT,FORBIDDEN_FIRST_CONTACT_FACE_4456,False,REJECTED_BEFORE_DIVERSITY,False,,,,,0,0.0,,,,,,NOT_EVALUATED,,,,,,,,,,OFFLINE_RESEARCH_NOT_FORMAL
raw_seed_120,120,100169,-0.0218625158 0.00986989959 0.0286664432,CLOSURE_REJECT,,,FAST_REJECT,FORBIDDEN_FIRST_CONTACT_FACE_7446,False,REJECTED_BEFORE_DIVERSITY,False,,,,,0,0.0,,,,,,NOT_EVALUATED,,,,,,,,,,OFFLINE_RESEARCH_NOT_FORMAL
raw_seed_058,58,99689,0.0238163564 0.00291253188 0.0285119878,CLOSURE_REJECT,99945 100229,0.0021674028 0.0224837243 0.0244433918 | -0.0238533831 0.00253659092 0.0257357594,FAST_REJECT,FORBIDDEN_FIRST_CONTACT_FACE_100615,False,REJECTED_BEFORE_DIVERSITY,False,,,,,0,0.0,,,,,,NOT_EVALUATED,,,,,,,,,,OFFLINE_RESEARCH_NOT_FORMAL
raw_seed_238,238,7330,-0.0219043422 -0.00353811049 0.021554226,CLOSURE_REJECT,,,FAST_REJECT,FORBIDDEN_FIRST_CONTACT_FACE_100494,False,REJECTED_BEFORE_DIVERSITY,False,,,,,0,0.0,,,,,,NOT_EVALUATED,,,,,,,,,,OFFLINE_RESEARCH_NOT_FORMAL
raw_seed_138,138,99801,0.0174471504 0.0143461012 0.0228175158,CLOSURE_REJECT,,,FAST_REJECT,FORBIDDEN_FIRST_CONTACT_FACE_7105,False,REJECTED_BEFORE_DIVERSITY,False,,,,,0,0.0,,,,,,NOT_EVALUATED,,,,,,,,,,OFFLINE_RESEARCH_NOT_FORMAL
raw_seed_362,362,99885,0.00892360123 0.0207550974 0.0226767469,CLOSURE_REJECT,,,FAST_REJECT,FORBIDDEN_FIRST_CONTACT_FACE_6018,False,REJECTED_BEFORE_DIVERSITY,False,,,,,0,0.0,,,,,,NOT_EVALUATED,,,,,,,,,,OFFLINE_RESEARCH_NOT_FORMAL
raw_seed_323,323,100377,-0.0170283305 -0.0148564345 0.0239666353,CLOSURE_SURVIVE,100641 99820 100168,0.0124477684 -0.0188584461 0.0235929479 | 0.0160261098 0.0178551414 0.0186406713 | -0.0221595226 0.00921439123 0.0162804036,FAST_REJECT,HAND_TABLE_PENETRATION,False,REJECTED_BEFORE_DIVERSITY,False,-0.01947143191125611,f3Link3,FINGER_3_CLOSURE_0143,0.7 0.6492795 0.58295525 0.465267107,759,0.0014960357142858038,-0.01692802072083288,-0.01692802072083288,f2Link2,PREGRASP,,NOT_EVALUATED,,,,,,,,,,OFFLINE_RESEARCH_NOT_FORMAL
raw_seed_241,241,7042,-0.00321379893 0.0219578863 0.0209038142,CLOSURE_REJECT,,,FAST_REJECT,FORBIDDEN_FIRST_CONTACT_FACE_7268,False,REJECTED_BEFORE_DIVERSITY,False,,,,,0,0.0,,,,,,NOT_EVALUATED,,,,,,,,,,OFFLINE_RESEARCH_NOT_FORMAL
raw_seed_037,37,99765,0.0198932035 0.0106993977 0.0255725517,CLOSURE_REJECT,,,FAST_REJECT,FORBIDDEN_FIRST_CONTACT_FACE_7069,False,REJECTED_BEFORE_DIVERSITY,False,,,,,0,0.0,,,,,,NOT_EVALUATED,,,,,,,,,,OFFLINE_RESEARCH_NOT_FORMAL
raw_seed_259,259,100400,-0.01577508 -0.0161731166 0.0207046487,CLOSURE_REJECT,,,FAST_REJECT,FORBIDDEN_FIRST_CONTACT_FACE_7676,False,REJECTED_BEFORE_DIVERSITY,False,,,,,0,0.0,,,,,,NOT_EVALUATED,,,,,,,,,,OFFLINE_RESEARCH_NOT_FORMAL
raw_seed_214,214,7715,0.0135774519 -0.0175607856 0.0263610179,CLOSURE_REJECT,99765 100037,0.019572175 0.0113000007 0.0259873305 | -0.0100118164 0.0217982142 0.0235847895,FAST_REJECT,FORBIDDEN_FIRST_CONTACT_FACE_7458,False,REJECTED_BEFORE_DIVERSITY,False,,,,,0,0.0,,,,,,NOT_EVALUATED,,,,,,,,,,OFFLINE_RESEARCH_NOT_FORMAL
raw_seed_171,171,100701,0.0177458119 -0.0139821812 0.0293020698,CLOSURE_REJECT,99801 100145,0.017482398 0.0143031519 0.0252334738 | -0.0205084525 0.0124441003 0.0239761057,FAST_REJECT,FORBIDDEN_FIRST_CONTACT_FACE_100479,False,REJECTED_BEFORE_DIVERSITY,False,,,,,0,0.0,,,,,,NOT_EVALUATED,,,,,,,,,,OFFLINE_RESEARCH_NOT_FORMAL
raw_seed_167,167,100208,-0.0219268036 0.00543381852 0.0177381138,CLOSURE_REJECT,,,FAST_REJECT,FORBIDDEN_FIRST_CONTACT_FACE_5178,False,REJECTED_BEFORE_DIVERSITY,False,,,,,0,0.0,,,,,,NOT_EVALUATED,,,,,,,,,,OFFLINE_RESEARCH_NOT_FORMAL
raw_seed_154,154,99737,0.0223495221 0.00871568638 0.0273198276,CLOSURE_REJECT,,,FAST_REJECT,FORBIDDEN_FIRST_CONTACT_FACE_7028,False,REJECTED_BEFORE_DIVERSITY,False,,,,,0,0.0,,,,,,NOT_EVALUATED,,,,,,,,,,OFFLINE_RESEARCH_NOT_FORMAL
raw_seed_348,348,100420,-0.0137607323 -0.0196492547 0.0143657608,CLOSURE_REJECT,100661,0.015337231 -0.0184438835 0.0224628013,FAST_REJECT,FORBIDDEN_FIRST_CONTACT_FACE_99830,False,REJECTED_BEFORE_DIVERSITY,False,,,,,0,0.0,,,,,,NOT_EVALUATED,,,,,,,,,,OFFLINE_RESEARCH_NOT_FORMAL
