candidate_id,family,qp_index,qp_deg,azimuth_or_peak_index,azimuth_deg,axial_index,axial_ratio,preshape_index,preshape_id,status,reason,maximum_point_residual_m,maximum_normal_residual_rad
contactopt_g_q00_a00_z0_p0,GLOBAL,0,0.0,0,0.0,0,0.1,0,P0,POSE_GENERATED,,0.014917511723202331,1.5513609720790775
contactopt_g_q00_a00_z1_p0,GLOBAL,0,0.0,0,0.0,1,0.3,0,P0,POSE_GENERATED,,0.011711252558624806,1.4962471158753974
contactopt_g_q00_a00_z2_p0,GLOBAL,0,0.0,0,0.0,2,0.5,0,P0,POSE_GENERATED,,0.013764246022676471,1.5112124674134255
contactopt_g_q00_a00_z3_p0,GLOBAL,0,0.0,0,0.0,3,0.7,0,P0,POSE_GENERATED,,0.014743085009124204,1.359459611150855
contactopt_g_q00_a00_z4_p0,GLOBAL,0,0.0,0,0.0,4,0.9,0,P0,POSE_GENERATED,,0.010828150027663932,1.5269714452463898
contactopt_g_q00_a01_z0_p0,GLOBAL,0,0.0,1,,0,0.1,0,P0,SEED_GEOMETRY_REJECT,POINT_NORMAL_ALIGNMENT_OPPOSED_NORMAL_FAILED,,
contactopt_g_q00_a01_z1_p0,GLOBAL,0,0.0,1,,1,0.3,0,P0,SEED_GEOMETRY_REJECT,NO_USABLE_OBJECT_REGION_IN_TARGET_WINDOW,,
contactopt_g_q00_a01_z2_p0,GLOBAL,0,0.0,1,22.5,2,0.5,0,P0,POSE_GENERATED,,0.010128453437892662,1.5287800211992126
contactopt_g_q00_a01_z3_p0,GLOBAL,0,0.0,1,22.5,3,0.7,0,P0,POSE_GENERATED,,0.014824891633035263,1.360077238694088
contactopt_g_q00_a01_z4_p0,GLOBAL,0,0.0,1,22.5,4,0.9,0,P0,POSE_GENERATED,,0.010452379585764157,1.5271951947954547
contactopt_g_q00_a02_z0_p0,GLOBAL,0,0.0,2,45.0,0,0.1,0,P0,POSE_GENERATED,,0.014812073763103669,1.5517748453424647
contactopt_g_q00_a02_z1_p0,GLOBAL,0,0.0,2,45.0,1,0.3,0,P0,POSE_GENERATED,,0.011394253667602442,1.4943865719438862
contactopt_g_q00_a02_z2_p0,GLOBAL,0,0.0,2,45.0,2,0.5,0,P0,POSE_GENERATED,,0.009843936331178178,1.5262722904490829
contactopt_g_q00_a02_z3_p0,GLOBAL,0,0.0,2,45.0,3,0.7,0,P0,POSE_GENERATED,,0.014428170024235312,1.3631804827068899
contactopt_g_q00_a02_z4_p0,GLOBAL,0,0.0,2,45.0,4,0.9,0,P0,POSE_GENERATED,,0.010387983075775025,1.5272138843009098
contactopt_g_q00_a03_z0_p0,GLOBAL,0,0.0,3,,0,0.1,0,P0,SEED_GEOMETRY_REJECT,POINT_NORMAL_ALIGNMENT_OPPOSED_NORMAL_FAILED,,
contactopt_g_q00_a03_z1_p0,GLOBAL,0,0.0,3,67.5,1,0.3,0,P0,POSE_GENERATED,,0.013775591303947062,1.5530068419260779
contactopt_g_q00_a03_z2_p0,GLOBAL,0,0.0,3,67.5,2,0.5,0,P0,POSE_GENERATED,,0.009787816517143935,1.241567684624548
contactopt_g_q00_a03_z3_p0,GLOBAL,0,0.0,3,67.5,3,0.7,0,P0,POSE_GENERATED,,0.01480822401434839,1.371169205316786
contactopt_g_q00_a03_z4_p0,GLOBAL,0,0.0,3,,4,0.9,0,P0,SEED_GEOMETRY_REJECT,POINT_NORMAL_ALIGNMENT_OPPOSED_NORMAL_FAILED,,
contactopt_g_q00_a04_z0_p0,GLOBAL,0,0.0,4,,0,0.1,0,P0,SEED_GEOMETRY_REJECT,POINT_NORMAL_ALIGNMENT_OPPOSED_NORMAL_FAILED,,
contactopt_g_q00_a04_z1_p0,GLOBAL,0,0.0,4,90.0,1,0.3,0,P0,POSE_GENERATED,,0.011678977260782158,1.4807071488992223
contactopt_g_q00_a04_z2_p0,GLOBAL,0,0.0,4,90.0,2,0.5,0,P0,POSE_GENERATED,,0.009602586579004055,1.5262830217107177
contactopt_g_q00_a04_z3_p0,GLOBAL,0,0.0,4,90.0,3,0.7,0,P0,POSE_GENERATED,,0.014647359777429184,1.3674489511087853
contactopt_g_q00_a04_z4_p0,GLOBAL,0,0.0,4,,4,0.9,0,P0,SEED_GEOMETRY_REJECT,POINT_NORMAL_ALIGNMENT_OPPOSED_NORMAL_FAILED,,
contactopt_g_q00_a05_z0_p0,GLOBAL,0,0.0,5,,0,0.1,0,P0,SEED_GEOMETRY_REJECT,POINT_NORMAL_ALIGNMENT_OPPOSED_NORMAL_FAILED,,
contactopt_g_q00_a05_z1_p0,GLOBAL,0,0.0,5,112.5,1,0.3,0,P0,POSE_GENERATED,,0.014289520132612726,1.536019500551199
contactopt_g_q00_a05_z2_p0,GLOBAL,0,0.0,5,112.5,2,0.5,0,P0,POSE_GENERATED,,0.010128453437892706,1.5287800211992124
contactopt_g_q00_a05_z3_p0,GLOBAL,0,0.0,5,112.5,3,0.7,0,P0,POSE_GENERATED,,0.014899481115716498,1.3669804314741831
contactopt_g_q00_a05_z4_p0,GLOBAL,0,0.0,5,112.5,4,0.9,0,P0,POSE_GENERATED,,0.011022794023312802,1.5268667806975
contactopt_g_q00_a06_z0_p0,GLOBAL,0,0.0,6,135.0,0,0.1,0,P0,POSE_GENERATED,,0.01472852647360059,1.4740046429869678
contactopt_g_q00_a06_z1_p0,GLOBAL,0,0.0,6,135.0,1,0.3,0,P0,POSE_GENERATED,,0.011647248360701419,1.4929146433274747
contactopt_g_q00_a06_z2_p0,GLOBAL,0,0.0,6,135.0,2,0.5,0,P0,POSE_GENERATED,,0.009843936331178178,1.5262722904490829
contactopt_g_q00_a06_z3_p0,GLOBAL,0,0.0,6,135.0,3,0.7,0,P0,POSE_GENERATED,,0.014818268288014698,1.3642647949410993
contactopt_g_q00_a06_z4_p0,GLOBAL,0,0.0,6,,4,0.9,0,P0,SEED_GEOMETRY_REJECT,POINT_NORMAL_ALIGNMENT_OPPOSED_NORMAL_FAILED,,
contactopt_g_q00_a07_z0_p0,GLOBAL,0,0.0,7,157.5,0,0.1,0,P0,POSE_GENERATED,,0.014734766181351038,1.5008526679219443
contactopt_g_q00_a07_z1_p0,GLOBAL,0,0.0,7,157.5,1,0.3,0,P0,POSE_GENERATED,,0.013993696149921223,1.5354071976896027
contactopt_g_q00_a07_z2_p0,GLOBAL,0,0.0,7,157.5,2,0.5,0,P0,POSE_GENERATED,,0.009737136141368579,1.5283107890632388
contactopt_g_q00_a07_z3_p0,GLOBAL,0,0.0,7,157.5,3,0.7,0,P0,POSE_GENERATED,,0.014536503720461232,1.3672215631580968
contactopt_g_q00_a07_z4_p0,GLOBAL,0,0.0,7,,4,0.9,0,P0,SEED_GEOMETRY_REJECT,POINT_NORMAL_ALIGNMENT_OPPOSED_NORMAL_FAILED,,
contactopt_g_q00_a08_z0_p0,GLOBAL,0,0.0,8,180.0,0,0.1,0,P0,POSE_GENERATED,,0.014913968577412645,1.513355634850915
contactopt_g_q00_a08_z1_p0,GLOBAL,0,0.0,8,180.0,1,0.3,0,P0,POSE_GENERATED,,0.012355813117300416,1.4791790346091767
contactopt_g_q00_a08_z2_p0,GLOBAL,0,0.0,8,180.0,2,0.5,0,P0,POSE_GENERATED,,0.013737767210620087,1.5113502286544531
contactopt_g_q00_a08_z3_p0,GLOBAL,0,0.0,8,180.0,3,0.7,0,P0,POSE_GENERATED,,0.014725538097994765,1.3703292330967518
contactopt_g_q00_a08_z4_p0,GLOBAL,0,0.0,8,180.0,4,0.9,0,P0,POSE_GENERATED,,0.010823465863779561,1.5268664978364026
contactopt_g_q00_a09_z0_p0,GLOBAL,0,0.0,9,202.5,0,0.1,0,P0,POSE_GENERATED,,0.014989013511405207,1.5190705621973828
contactopt_g_q00_a09_z1_p0,GLOBAL,0,0.0,9,202.5,1,0.3,0,P0,POSE_GENERATED,,0.014137205594283045,1.5568312298445857
contactopt_g_q00_a09_z2_p0,GLOBAL,0,0.0,9,202.5,2,0.5,0,P0,POSE_GENERATED,,0.01031403555452943,1.5289453928463186
contactopt_g_q00_a09_z3_p0,GLOBAL,0,0.0,9,202.5,3,0.7,0,P0,POSE_GENERATED,,0.01479844363333888,1.3673446574786368
contactopt_g_q00_a09_z4_p0,GLOBAL,0,0.0,9,202.5,4,0.9,0,P0,POSE_GENERATED,,0.010271039489619683,1.52731442832656
contactopt_g_q00_a10_z0_p0,GLOBAL,0,0.0,10,225.0,0,0.1,0,P0,POSE_GENERATED,,0.01471623623044356,1.517989661134003
contactopt_g_q00_a10_z1_p0,GLOBAL,0,0.0,10,225.0,1,0.3,0,P0,POSE_GENERATED,,0.012233049445584926,1.5341075655379612
contactopt_g_q00_a10_z2_p0,GLOBAL,0,0.0,10,225.0,2,0.5,0,P0,POSE_GENERATED,,0.009671924215761993,1.5263399614624709
contactopt_g_q00_a10_z3_p0,GLOBAL,0,0.0,10,225.0,3,0.7,0,P0,POSE_GENERATED,,0.01452280628527724,1.3596998615777671
contactopt_g_q00_a10_z4_p0,GLOBAL,0,0.0,10,225.0,4,0.9,0,P0,POSE_GENERATED,,0.010383046179037157,1.5270987365866449
contactopt_g_q00_a11_z0_p0,GLOBAL,0,0.0,11,247.5,0,0.1,0,P0,POSE_GENERATED,,0.014825376881881512,1.5200313691340874
contactopt_g_q00_a11_z1_p0,GLOBAL,0,0.0,11,247.5,1,0.3,0,P0,POSE_GENERATED,,0.014171042727544521,1.557204983903921
contactopt_g_q00_a11_z2_p0,GLOBAL,0,0.0,11,247.5,2,0.5,0,P0,POSE_GENERATED,,0.010011108945043923,1.2757439830496033
contactopt_g_q00_a11_z3_p0,GLOBAL,0,0.0,11,247.5,3,0.7,0,P0,POSE_GENERATED,,0.014747266349460011,1.3668911992407804
contactopt_g_q00_a11_z4_p0,GLOBAL,0,0.0,11,,4,0.9,0,P0,SEED_GEOMETRY_REJECT,POINT_NORMAL_ALIGNMENT_OPPOSED_NORMAL_FAILED,,
contactopt_g_q00_a12_z0_p0,GLOBAL,0,0.0,12,270.0,0,0.1,0,P0,POSE_GENERATED,,0.014719306840263392,1.5357843278918144
contactopt_g_q00_a12_z1_p0,GLOBAL,0,0.0,12,270.0,1,0.3,0,P0,POSE_GENERATED,,0.012387924931622687,1.5344769737249966
contactopt_g_q00_a12_z2_p0,GLOBAL,0,0.0,12,270.0,2,0.5,0,P0,POSE_GENERATED,,0.010665014072193493,1.5274454194650526
contactopt_g_q00_a12_z3_p0,GLOBAL,0,0.0,12,270.0,3,0.7,0,P0,POSE_GENERATED,,0.01465031245395641,1.3747160396898028
contactopt_g_q00_a12_z4_p0,GLOBAL,0,0.0,12,270.0,4,0.9,0,P0,POSE_GENERATED,,0.010271039375586549,1.527314432056808
contactopt_g_q00_a13_z0_p0,GLOBAL,0,0.0,13,292.5,0,0.1,0,P0,POSE_GENERATED,,0.014988994345352549,1.5196726009822143
contactopt_g_q00_a13_z1_p0,GLOBAL,0,0.0,13,292.5,1,0.3,0,P0,POSE_GENERATED,,0.014306649537266925,1.5553836573537578
contactopt_g_q00_a13_z2_p0,GLOBAL,0,0.0,13,292.5,2,0.5,0,P0,POSE_GENERATED,,0.010314035554529456,1.5289453928463184
contactopt_g_q00_a13_z3_p0,GLOBAL,0,0.0,13,292.5,3,0.7,0,P0,POSE_GENERATED,,0.014723802431928909,1.3631555834834108
contactopt_g_q00_a13_z4_p0,GLOBAL,0,0.0,13,292.5,4,0.9,0,P0,POSE_GENERATED,,0.011022794023312802,1.5268667806975
contactopt_g_q00_a14_z0_p0,GLOBAL,0,0.0,14,315.0,0,0.1,0,P0,POSE_GENERATED,,0.014790022436908419,1.5392066845719723
contactopt_g_q00_a14_z1_p0,GLOBAL,0,0.0,14,315.0,1,0.3,0,P0,POSE_GENERATED,,0.011892639253000364,1.4917851658827475
contactopt_g_q00_a14_z2_p0,GLOBAL,0,0.0,14,315.0,2,0.5,0,P0,POSE_GENERATED,,0.011757461695721188,1.508828568389183
contactopt_g_q00_a14_z3_p0,GLOBAL,0,0.0,14,315.0,3,0.7,0,P0,POSE_GENERATED,,0.014668860194167271,1.3713964931546299
contactopt_g_q00_a14_z4_p0,GLOBAL,0,0.0,14,315.0,4,0.9,0,P0,POSE_GENERATED,,0.01077590405125683,1.5275679765161096
contactopt_g_q00_a15_z0_p0,GLOBAL,0,0.0,15,337.5,0,0.1,0,P0,POSE_GENERATED,,0.014936579990662082,1.5388501014744247
contactopt_g_q00_a15_z1_p0,GLOBAL,0,0.0,15,,1,0.3,0,P0,SEED_GEOMETRY_REJECT,NO_USABLE_OBJECT_REGION_IN_TARGET_WINDOW,,
contactopt_g_q00_a15_z2_p0,GLOBAL,0,0.0,15,337.5,2,0.5,0,P0,POSE_GENERATED,,0.009902514283637106,1.5287533441776404
contactopt_g_q00_a15_z3_p0,GLOBAL,0,0.0,15,337.5,3,0.7,0,P0,POSE_GENERATED,,0.014515763031354179,1.3709909972368373
contactopt_g_q00_a15_z4_p0,GLOBAL,0,0.0,15,,4,0.9,0,P0,SEED_GEOMETRY_REJECT,POINT_NORMAL_ALIGNMENT_OPPOSED_NORMAL_FAILED,,
contactopt_g_q01_a00_z0_p0,GLOBAL,1,15.0,0,0.0,0,0.1,0,P0,POSE_GENERATED,,0.01981630323215045,1.550519650481676
contactopt_g_q01_a00_z1_p0,GLOBAL,1,15.0,0,0.0,1,0.3,0,P0,POSE_GENERATED,,0.016467738292293786,1.5089569886756171
contactopt_g_q01_a00_z2_p0,GLOBAL,1,15.0,0,0.0,2,0.5,0,P0,POSE_GENERATED,,0.017228540470084062,1.5207898244300955
contactopt_g_q01_a00_z3_p0,GLOBAL,1,15.0,0,0.0,3,0.7,0,P0,POSE_GENERATED,,0.019409875556057145,1.3787330376129698
contactopt_g_q01_a00_z4_p0,GLOBAL,1,15.0,0,0.0,4,0.9,0,P0,POSE_GENERATED,,0.015428281118325685,1.5388570665985946
contactopt_g_q01_a01_z0_p0,GLOBAL,1,15.0,1,22.5,0,0.1,0,P0,POSE_GENERATED,,0.019633274831610606,1.5623959398994611
contactopt_g_q01_a01_z1_p0,GLOBAL,1,15.0,1,,1,0.3,0,P0,SEED_GEOMETRY_REJECT,NO_USABLE_OBJECT_REGION_IN_TARGET_WINDOW,,
contactopt_g_q01_a01_z2_p0,GLOBAL,1,15.0,1,22.5,2,0.5,0,P0,POSE_GENERATED,,0.014623808737591462,1.5373401415450074
contactopt_g_q01_a01_z3_p0,GLOBAL,1,15.0,1,22.5,3,0.7,0,P0,POSE_GENERATED,,0.019604759912730946,1.3707925941871715
contactopt_g_q01_a01_z4_p0,GLOBAL,1,15.0,1,22.5,4,0.9,0,P0,POSE_GENERATED,,0.015494771460886759,1.538101056163015
contactopt_g_q01_a02_z0_p0,GLOBAL,1,15.0,2,45.0,0,0.1,0,P0,POSE_GENERATED,,0.019837882509732934,1.5649570479125845
contactopt_g_q01_a02_z1_p0,GLOBAL,1,15.0,2,45.0,1,0.3,0,P0,POSE_GENERATED,,0.01631903647397973,1.5010468895727025
contactopt_g_q01_a02_z2_p0,GLOBAL,1,15.0,2,45.0,2,0.5,0,P0,POSE_GENERATED,,0.013267631948133306,1.537925147723412
contactopt_g_q01_a02_z3_p0,GLOBAL,1,15.0,2,45.0,3,0.7,0,P0,POSE_GENERATED,,0.019458059088272042,1.3816958598999136
contactopt_g_q01_a02_z4_p0,GLOBAL,1,15.0,2,45.0,4,0.9,0,P0,POSE_GENERATED,,0.015494771129852434,1.5381010530329187
contactopt_g_q01_a03_z0_p0,GLOBAL,1,15.0,3,,0,0.1,0,P0,SEED_GEOMETRY_REJECT,POINT_NORMAL_ALIGNMENT_OPPOSED_NORMAL_FAILED,,
contactopt_g_q01_a03_z1_p0,GLOBAL,1,15.0,3,67.5,1,0.3,0,P0,POSE_GENERATED,,0.018990591246427935,1.5641757108762135
contactopt_g_q01_a03_z2_p0,GLOBAL,1,15.0,3,67.5,2,0.5,0,P0,POSE_GENERATED,,0.014374730679057672,1.1819734848684909
contactopt_g_q01_a03_z3_p0,GLOBAL,1,15.0,3,67.5,3,0.7,0,P0,POSE_GENERATED,,0.019670754609918448,1.3748057404120966
contactopt_g_q01_a03_z4_p0,GLOBAL,1,15.0,3,67.5,4,0.9,0,P0,POSE_GENERATED,,0.015621802281608881,1.5383720905662437
contactopt_g_q01_a04_z0_p0,GLOBAL,1,15.0,4,90.0,0,0.1,0,P0,POSE_GENERATED,,0.019670967867505558,1.3607784401002454
contactopt_g_q01_a04_z1_p0,GLOBAL,1,15.0,4,90.0,1,0.3,0,P0,POSE_GENERATED,,0.016417082769718892,1.4895810457121093
contactopt_g_q01_a04_z2_p0,GLOBAL,1,15.0,4,90.0,2,0.5,0,P0,POSE_GENERATED,,0.013535105787679821,1.538000987830145
contactopt_g_q01_a04_z3_p0,GLOBAL,1,15.0,4,90.0,3,0.7,0,P0,POSE_GENERATED,,0.019730797178311717,1.3857095155180201
contactopt_g_q01_a04_z4_p0,GLOBAL,1,15.0,4,,4,0.9,0,P0,SEED_GEOMETRY_REJECT,POINT_NORMAL_ALIGNMENT_OPPOSED_NORMAL_FAILED,,
contactopt_g_q01_a05_z0_p0,GLOBAL,1,15.0,5,,0,0.1,0,P0,SEED_GEOMETRY_REJECT,POINT_NORMAL_ALIGNMENT_OPPOSED_NORMAL_FAILED,,
contactopt_g_q01_a05_z1_p0,GLOBAL,1,15.0,5,112.5,1,0.3,0,P0,POSE_GENERATED,,0.017123886368892758,1.5503759184483554
contactopt_g_q01_a05_z2_p0,GLOBAL,1,15.0,5,112.5,2,0.5,0,P0,POSE_GENERATED,,0.01481166920339209,1.537262096760088
contactopt_g_q01_a05_z3_p0,GLOBAL,1,15.0,5,112.5,3,0.7,0,P0,POSE_GENERATED,,0.01946393975868923,1.3703231401837899
contactopt_g_q01_a05_z4_p0,GLOBAL,1,15.0,5,112.5,4,0.9,0,P0,POSE_GENERATED,,0.015428281289046754,1.5388570612146344
contactopt_g_q01_a06_z0_p0,GLOBAL,1,15.0,6,,0,0.1,0,P0,SEED_GEOMETRY_REJECT,POINT_NORMAL_ALIGNMENT_OPPOSED_NORMAL_FAILED,,
contactopt_g_q01_a06_z1_p0,GLOBAL,1,15.0,6,135.0,1,0.3,0,P0,POSE_GENERATED,,0.016249083509946204,1.5036652961319483
contactopt_g_q01_a06_z2_p0,GLOBAL,1,15.0,6,135.0,2,0.5,0,P0,POSE_GENERATED,,0.017014345913325343,1.5197098111585776
contactopt_g_q01_a06_z3_p0,GLOBAL,1,15.0,6,135.0,3,0.7,0,P0,POSE_GENERATED,,0.019513418596615515,1.3863631220319124
contactopt_g_q01_a06_z4_p0,GLOBAL,1,15.0,6,135.0,4,0.9,0,P0,POSE_GENERATED,,0.0155127917729308,1.538461798088294
contactopt_g_q01_a07_z0_p0,GLOBAL,1,15.0,7,157.5,0,0.1,0,P0,POSE_GENERATED,,0.0195284243040542,1.511561379859023
contactopt_g_q01_a07_z1_p0,GLOBAL,1,15.0,7,157.5,1,0.3,0,P0,POSE_GENERATED,,0.01721086268416286,1.5563721536146438
contactopt_g_q01_a07_z2_p0,GLOBAL,1,15.0,7,157.5,2,0.5,0,P0,POSE_GENERATED,,0.015026127856319071,1.5371669723245864
contactopt_g_q01_a07_z3_p0,GLOBAL,1,15.0,7,157.5,3,0.7,0,P0,POSE_GENERATED,,0.01961130229339457,1.381937803209181
contactopt_g_q01_a07_z4_p0,GLOBAL,1,15.0,7,,4,0.9,0,P0,SEED_GEOMETRY_REJECT,POINT_NORMAL_ALIGNMENT_OPPOSED_NORMAL_FAILED,,
contactopt_g_q01_a08_z0_p0,GLOBAL,1,15.0,8,180.0,0,0.1,0,P0,POSE_GENERATED,,0.019878548026888352,1.5125317519458317
contactopt_g_q01_a08_z1_p0,GLOBAL,1,15.0,8,180.0,1,0.3,0,P0,POSE_GENERATED,,0.01658528101549034,1.4923833236855448
contactopt_g_q01_a08_z2_p0,GLOBAL,1,15.0,8,180.0,2,0.5,0,P0,POSE_GENERATED,,0.01742701244153152,1.520424020737068
contactopt_g_q01_a08_z3_p0,GLOBAL,1,15.0,8,180.0,3,0.7,0,P0,POSE_GENERATED,,0.019387638407717307,1.3748636207797544
contactopt_g_q01_a08_z4_p0,GLOBAL,1,15.0,8,180.0,4,0.9,0,P0,POSE_GENERATED,,0.0152541351640855,1.538721074644244
contactopt_g_q01_a09_z0_p0,GLOBAL,1,15.0,9,202.5,0,0.1,0,P0,POSE_GENERATED,,0.01964841915972924,1.4597982079046576
contactopt_g_q01_a09_z1_p0,GLOBAL,1,15.0,9,202.5,1,0.3,0,P0,POSE_GENERATED,,0.019178546935580795,1.5684799297238798
contactopt_g_q01_a09_z2_p0,GLOBAL,1,15.0,9,202.5,2,0.5,0,P0,POSE_GENERATED,,0.01481694026067101,1.5373404229952334
contactopt_g_q01_a09_z3_p0,GLOBAL,1,15.0,9,202.5,3,0.7,0,P0,POSE_GENERATED,,0.019529405871218704,1.3744337434245761
contactopt_g_q01_a09_z4_p0,GLOBAL,1,15.0,9,202.5,4,0.9,0,P0,POSE_GENERATED,,0.015494771460886759,1.538101056163015
contactopt_g_q01_a10_z0_p0,GLOBAL,1,15.0,10,225.0,0,0.1,0,P0,POSE_GENERATED,,0.019755169432061452,1.535492569239977
contactopt_g_q01_a10_z1_p0,GLOBAL,1,15.0,10,225.0,1,0.3,0,P0,POSE_GENERATED,,0.017294840882998375,1.53691136791051
contactopt_g_q01_a10_z2_p0,GLOBAL,1,15.0,10,225.0,2,0.5,0,P0,POSE_GENERATED,,0.013267631948133306,1.537925147723412
contactopt_g_q01_a10_z3_p0,GLOBAL,1,15.0,10,225.0,3,0.7,0,P0,POSE_GENERATED,,0.01947397160086956,1.3048295838367314
contactopt_g_q01_a10_z4_p0,GLOBAL,1,15.0,10,225.0,4,0.9,0,P0,POSE_GENERATED,,0.015494771129852434,1.5381010530329187
contactopt_g_q01_a11_z0_p0,GLOBAL,1,15.0,11,247.5,0,0.1,0,P0,POSE_GENERATED,,0.019590651061664896,1.5312534700639686
contactopt_g_q01_a11_z1_p0,GLOBAL,1,15.0,11,247.5,1,0.3,0,P0,POSE_GENERATED,,0.019110592904735553,1.5631582782799045
contactopt_g_q01_a11_z2_p0,GLOBAL,1,15.0,11,247.5,2,0.5,0,P0,POSE_GENERATED,,0.014440627019206244,1.2692652089373895
contactopt_g_q01_a11_z3_p0,GLOBAL,1,15.0,11,247.5,3,0.7,0,P0,POSE_GENERATED,,0.0196941550518047,1.3786374980804572
contactopt_g_q01_a11_z4_p0,GLOBAL,1,15.0,11,247.5,4,0.9,0,P0,POSE_GENERATED,,0.015512791537427207,1.538461803396002
contactopt_g_q01_a12_z0_p0,GLOBAL,1,15.0,12,270.0,0,0.1,0,P0,POSE_GENERATED,,0.019556463828210132,1.531665678109629
contactopt_g_q01_a12_z1_p0,GLOBAL,1,15.0,12,270.0,1,0.3,0,P0,POSE_GENERATED,,0.017456069830047088,1.5424447374761443
contactopt_g_q01_a12_z2_p0,GLOBAL,1,15.0,12,270.0,2,0.5,0,P0,POSE_GENERATED,,0.014938450182162699,1.5394835186128593
contactopt_g_q01_a12_z3_p0,GLOBAL,1,15.0,12,270.0,3,0.7,0,P0,POSE_GENERATED,,0.019577233278284346,1.3783444970949428
contactopt_g_q01_a12_z4_p0,GLOBAL,1,15.0,12,270.0,4,0.9,0,P0,POSE_GENERATED,,0.015313447698655077,1.538019911780967
contactopt_g_q01_a13_z0_p0,GLOBAL,1,15.0,13,292.5,0,0.1,0,P0,POSE_GENERATED,,0.019676727531726786,1.545692600404521
contactopt_g_q01_a13_z1_p0,GLOBAL,1,15.0,13,292.5,1,0.3,0,P0,POSE_GENERATED,,0.019408277877511836,1.5622306807988637
contactopt_g_q01_a13_z2_p0,GLOBAL,1,15.0,13,292.5,2,0.5,0,P0,POSE_GENERATED,,0.01481694026067101,1.5373404229952332
contactopt_g_q01_a13_z3_p0,GLOBAL,1,15.0,13,292.5,3,0.7,0,P0,POSE_GENERATED,,0.019533581254204093,1.3826875477542557
contactopt_g_q01_a13_z4_p0,GLOBAL,1,15.0,13,292.5,4,0.9,0,P0,POSE_GENERATED,,0.015428281289046754,1.5388570612146344
contactopt_g_q01_a14_z0_p0,GLOBAL,1,15.0,14,315.0,0,0.1,0,P0,POSE_GENERATED,,0.019756138844240684,1.5333682857133297
contactopt_g_q01_a14_z1_p0,GLOBAL,1,15.0,14,315.0,1,0.3,0,P0,POSE_GENERATED,,0.016541135842495006,1.5015115143152924
contactopt_g_q01_a14_z2_p0,GLOBAL,1,15.0,14,315.0,2,0.5,0,P0,POSE_GENERATED,,0.01663657573138182,1.5185044122832791
contactopt_g_q01_a14_z3_p0,GLOBAL,1,15.0,14,315.0,3,0.7,0,P0,POSE_GENERATED,,0.019439249830179053,1.3751481939229804
contactopt_g_q01_a14_z4_p0,GLOBAL,1,15.0,14,315.0,4,0.9,0,P0,POSE_GENERATED,,0.015428281550476597,1.5388570550048448
contactopt_g_q01_a15_z0_p0,GLOBAL,1,15.0,15,337.5,0,0.1,0,P0,POSE_GENERATED,,0.019690005222837766,1.5508227645616313
contactopt_g_q01_a15_z1_p0,GLOBAL,1,15.0,15,,1,0.3,0,P0,SEED_GEOMETRY_REJECT,NO_USABLE_OBJECT_REGION_IN_TARGET_WINDOW,,
contactopt_g_q01_a15_z2_p0,GLOBAL,1,15.0,15,337.5,2,0.5,0,P0,POSE_GENERATED,,0.015139567595704657,1.540555670113671
contactopt_g_q01_a15_z3_p0,GLOBAL,1,15.0,15,337.5,3,0.7,0,P0,POSE_GENERATED,,0.019618903356181737,1.3781076535074592
contactopt_g_q01_a15_z4_p0,GLOBAL,1,15.0,15,,4,0.9,0,P0,SEED_GEOMETRY_REJECT,POINT_NORMAL_ALIGNMENT_OPPOSED_NORMAL_FAILED,,
contactopt_g_q02_a00_z0_p0,GLOBAL,2,30.0,0,0.0,0,0.1,0,P0,POSE_GENERATED,,0.01666598801609073,1.1131087200588803
contactopt_g_q02_a00_z1_p0,GLOBAL,2,30.0,0,0.0,1,0.3,0,P0,POSE_GENERATED,,0.014793179664840539,1.0719421710518322
contactopt_g_q02_a00_z2_p0,GLOBAL,2,30.0,0,0.0,2,0.5,0,P0,POSE_GENERATED,,0.014283948232383067,1.0702477843518157
contactopt_g_q02_a00_z3_p0,GLOBAL,2,30.0,0,0.0,3,0.7,0,P0,POSE_GENERATED,,0.016345519189102056,0.9231895452745035
contactopt_g_q02_a00_z4_p0,GLOBAL,2,30.0,0,0.0,4,0.9,0,P0,POSE_GENERATED,,0.012643937947648818,1.0869558125746495
contactopt_g_q02_a01_z0_p0,GLOBAL,2,30.0,1,22.5,0,0.1,0,P0,POSE_GENERATED,,0.01640519746719095,1.1049767967827198
contactopt_g_q02_a01_z1_p0,GLOBAL,2,30.0,1,,1,0.3,0,P0,SEED_GEOMETRY_REJECT,NO_USABLE_OBJECT_REGION_IN_TARGET_WINDOW,,
contactopt_g_q02_a01_z2_p0,GLOBAL,2,30.0,1,22.5,2,0.5,0,P0,POSE_GENERATED,,0.011346896247854572,1.0868614021376228
contactopt_g_q02_a01_z3_p0,GLOBAL,2,30.0,1,22.5,3,0.7,0,P0,POSE_GENERATED,,0.016471734467055278,0.9308766902926677
contactopt_g_q02_a01_z4_p0,GLOBAL,2,30.0,1,22.5,4,0.9,0,P0,POSE_GENERATED,,0.012518936901770023,1.0866733971031306
contactopt_g_q02_a02_z0_p0,GLOBAL,2,30.0,2,45.0,0,0.1,0,P0,POSE_GENERATED,,0.01667112409523626,1.1154529122627608
contactopt_g_q02_a02_z1_p0,GLOBAL,2,30.0,2,45.0,1,0.3,0,P0,POSE_GENERATED,,0.01478741724419905,1.067691779923586
contactopt_g_q02_a02_z2_p0,GLOBAL,2,30.0,2,45.0,2,0.5,0,P0,POSE_GENERATED,,0.01118638937258511,1.0882947435877866
contactopt_g_q02_a02_z3_p0,GLOBAL,2,30.0,2,45.0,3,0.7,0,P0,POSE_GENERATED,,0.016374541469364293,0.923795202837325
contactopt_g_q02_a02_z4_p0,GLOBAL,2,30.0,2,45.0,4,0.9,0,P0,POSE_GENERATED,,0.012460993227830851,1.088131330365954
contactopt_g_q02_a03_z0_p0,GLOBAL,2,30.0,3,67.5,0,0.1,0,P0,POSE_GENERATED,,0.016604299404282395,1.1043497659353838
contactopt_g_q02_a03_z1_p0,GLOBAL,2,30.0,3,67.5,1,0.3,0,P0,POSE_GENERATED,,0.01610160793557716,1.1143072070390885
contactopt_g_q02_a03_z2_p0,GLOBAL,2,30.0,3,67.5,2,0.5,0,P0,POSE_GENERATED,,0.011498074355688089,1.0871558533010257
contactopt_g_q02_a03_z3_p0,GLOBAL,2,30.0,3,67.5,3,0.7,0,P0,POSE_GENERATED,,0.016542917406662708,0.9310010637099769
contactopt_g_q02_a03_z4_p0,GLOBAL,2,30.0,3,67.5,4,0.9,0,P0,POSE_GENERATED,,0.012536558581468005,1.0870837281867547
contactopt_g_q02_a04_z0_p0,GLOBAL,2,30.0,4,90.0,0,0.1,0,P0,POSE_GENERATED,,0.016828853522552117,1.248419218808797
contactopt_g_q02_a04_z1_p0,GLOBAL,2,30.0,4,90.0,1,0.3,0,P0,POSE_GENERATED,,0.013736791146492029,1.0361178286517227
contactopt_g_q02_a04_z2_p0,GLOBAL,2,30.0,4,90.0,2,0.5,0,P0,POSE_GENERATED,,0.01071935018976587,1.0869732864061397
contactopt_g_q02_a04_z3_p0,GLOBAL,2,30.0,4,90.0,3,0.7,0,P0,POSE_GENERATED,,0.01653364800689744,0.930997470247244
contactopt_g_q02_a04_z4_p0,GLOBAL,2,30.0,4,,4,0.9,0,P0,SEED_GEOMETRY_REJECT,POINT_NORMAL_ALIGNMENT_OPPOSED_NORMAL_FAILED,,
contactopt_g_q02_a05_z0_p0,GLOBAL,2,30.0,5,112.5,0,0.1,0,P0,POSE_GENERATED,,0.016688048704564678,0.9575500284861685
contactopt_g_q02_a05_z1_p0,GLOBAL,2,30.0,5,112.5,1,0.3,0,P0,POSE_GENERATED,,0.014699110068701627,1.1060637022359345
contactopt_g_q02_a05_z2_p0,GLOBAL,2,30.0,5,112.5,2,0.5,0,P0,POSE_GENERATED,,0.011346896247854572,1.0868614021376226
contactopt_g_q02_a05_z3_p0,GLOBAL,2,30.0,5,112.5,3,0.7,0,P0,POSE_GENERATED,,0.01647962658347599,0.9317253771206978
contactopt_g_q02_a05_z4_p0,GLOBAL,2,30.0,5,,4,0.9,0,P0,SEED_GEOMETRY_REJECT,POINT_NORMAL_ALIGNMENT_OPPOSED_NORMAL_FAILED,,
contactopt_g_q02_a06_z0_p0,GLOBAL,2,30.0,6,,0,0.1,0,P0,SEED_GEOMETRY_REJECT,POINT_NORMAL_ALIGNMENT_OPPOSED_NORMAL_FAILED,,
contactopt_g_q02_a06_z1_p0,GLOBAL,2,30.0,6,135.0,1,0.3,0,P0,POSE_GENERATED,,0.013438054241591044,1.0460602840845936
contactopt_g_q02_a06_z2_p0,GLOBAL,2,30.0,6,135.0,2,0.5,0,P0,POSE_GENERATED,,0.011186389372585094,1.0882947435877866
contactopt_g_q02_a06_z3_p0,GLOBAL,2,30.0,6,135.0,3,0.7,0,P0,POSE_GENERATED,,0.01666536687761519,0.9268936969485077
contactopt_g_q02_a06_z4_p0,GLOBAL,2,30.0,6,135.0,4,0.9,0,P0,POSE_GENERATED,,0.012536558807975625,1.0870837376192262
contactopt_g_q02_a07_z0_p0,GLOBAL,2,30.0,7,157.5,0,0.1,0,P0,POSE_GENERATED,,0.016722914311828655,1.0603635057174288
contactopt_g_q02_a07_z1_p0,GLOBAL,2,30.0,7,157.5,1,0.3,0,P0,POSE_GENERATED,,0.015017619116206546,1.097173653648852
contactopt_g_q02_a07_z2_p0,GLOBAL,2,30.0,7,157.5,2,0.5,0,P0,POSE_GENERATED,,0.011498074355688071,1.0871558533010262
contactopt_g_q02_a07_z3_p0,GLOBAL,2,30.0,7,157.5,3,0.7,0,P0,POSE_GENERATED,,0.01655179769562843,0.9227745063961503
contactopt_g_q02_a07_z4_p0,GLOBAL,2,30.0,7,,4,0.9,0,P0,SEED_GEOMETRY_REJECT,POINT_NORMAL_ALIGNMENT_OPPOSED_NORMAL_FAILED,,
contactopt_g_q02_a08_z0_p0,GLOBAL,2,30.0,8,180.0,0,0.1,0,P0,POSE_GENERATED,,0.016856918680714608,1.060235410078176
contactopt_g_q02_a08_z1_p0,GLOBAL,2,30.0,8,180.0,1,0.3,0,P0,POSE_GENERATED,,0.01325836190266656,1.0369112894742567
contactopt_g_q02_a08_z2_p0,GLOBAL,2,30.0,8,180.0,2,0.5,0,P0,POSE_GENERATED,,0.014283630446097113,1.0701831477635595
contactopt_g_q02_a08_z3_p0,GLOBAL,2,30.0,8,180.0,3,0.7,0,P0,POSE_GENERATED,,0.016357589857476557,0.9316602503427818
contactopt_g_q02_a08_z4_p0,GLOBAL,2,30.0,8,,4,0.9,0,P0,SEED_GEOMETRY_REJECT,POINT_NORMAL_ALIGNMENT_OPPOSED_NORMAL_FAILED,,
contactopt_g_q02_a09_z0_p0,GLOBAL,2,30.0,9,202.5,0,0.1,0,P0,POSE_GENERATED,,0.016566889251183867,1.091551010318012
contactopt_g_q02_a09_z1_p0,GLOBAL,2,30.0,9,202.5,1,0.3,0,P0,POSE_GENERATED,,0.014852439919741445,1.1071314660136584
contactopt_g_q02_a09_z2_p0,GLOBAL,2,30.0,9,202.5,2,0.5,0,P0,POSE_GENERATED,,0.011370054073489986,1.0867345550262364
contactopt_g_q02_a09_z3_p0,GLOBAL,2,30.0,9,202.5,3,0.7,0,P0,POSE_GENERATED,,0.01667455670320408,0.9307802873172958
contactopt_g_q02_a09_z4_p0,GLOBAL,2,30.0,9,202.5,4,0.9,0,P0,POSE_GENERATED,,0.012518936901770023,1.0866733971031306
contactopt_g_q02_a10_z0_p0,GLOBAL,2,30.0,10,225.0,0,0.1,0,P0,POSE_GENERATED,,0.01672453052923718,1.0791445591075162
contactopt_g_q02_a10_z1_p0,GLOBAL,2,30.0,10,225.0,1,0.3,0,P0,POSE_GENERATED,,0.014753751394696781,1.1092619869763192
contactopt_g_q02_a10_z2_p0,GLOBAL,2,30.0,10,225.0,2,0.5,0,P0,POSE_GENERATED,,0.01118638937258511,1.0882947435877866
contactopt_g_q02_a10_z3_p0,GLOBAL,2,30.0,10,225.0,3,0.7,0,P0,POSE_GENERATED,,0.016429479413418845,0.9266664642775055
contactopt_g_q02_a10_z4_p0,GLOBAL,2,30.0,10,225.0,4,0.9,0,P0,POSE_GENERATED,,0.012460993227830851,1.088131330365954
contactopt_g_q02_a11_z0_p0,GLOBAL,2,30.0,11,247.5,0,0.1,0,P0,POSE_GENERATED,,0.01671745372756386,1.0812205400998045
contactopt_g_q02_a11_z1_p0,GLOBAL,2,30.0,11,247.5,1,0.3,0,P0,POSE_GENERATED,,0.016056574700228386,1.119790026203531
contactopt_g_q02_a11_z2_p0,GLOBAL,2,30.0,11,247.5,2,0.5,0,P0,POSE_GENERATED,,0.011080366373122213,0.8263044744778393
contactopt_g_q02_a11_z3_p0,GLOBAL,2,30.0,11,247.5,3,0.7,0,P0,POSE_GENERATED,,0.016551631683562648,0.9271238846568081
contactopt_g_q02_a11_z4_p0,GLOBAL,2,30.0,11,,4,0.9,0,P0,SEED_GEOMETRY_REJECT,POINT_NORMAL_ALIGNMENT_OPPOSED_NORMAL_FAILED,,
contactopt_g_q02_a12_z0_p0,GLOBAL,2,30.0,12,270.0,0,0.1,0,P0,POSE_GENERATED,,0.016523293801607778,1.0854215377701477
contactopt_g_q02_a12_z1_p0,GLOBAL,2,30.0,12,270.0,1,0.3,0,P0,POSE_GENERATED,,0.014766345820826724,1.1071521743686181
contactopt_g_q02_a12_z2_p0,GLOBAL,2,30.0,12,270.0,2,0.5,0,P0,POSE_GENERATED,,0.012056909345359598,1.0889267925721235
contactopt_g_q02_a12_z3_p0,GLOBAL,2,30.0,12,270.0,3,0.7,0,P0,POSE_GENERATED,,0.01653364800689744,0.930997470247244
contactopt_g_q02_a12_z4_p0,GLOBAL,2,30.0,12,270.0,4,0.9,0,P0,POSE_GENERATED,,0.012518936333727585,1.0866733975740095
contactopt_g_q02_a13_z0_p0,GLOBAL,2,30.0,13,292.5,0,0.1,0,P0,POSE_GENERATED,,0.01665688498734441,1.0922560565939767
contactopt_g_q02_a13_z1_p0,GLOBAL,2,30.0,13,292.5,1,0.3,0,P0,POSE_GENERATED,,0.014875251608121936,1.1079803278854046
contactopt_g_q02_a13_z2_p0,GLOBAL,2,30.0,13,292.5,2,0.5,0,P0,POSE_GENERATED,,0.011370054073489974,1.0867345550262366
contactopt_g_q02_a13_z3_p0,GLOBAL,2,30.0,13,292.5,3,0.7,0,P0,POSE_GENERATED,,0.016489229584254007,0.923892147537438
contactopt_g_q02_a13_z4_p0,GLOBAL,2,30.0,13,,4,0.9,0,P0,SEED_GEOMETRY_REJECT,POINT_NORMAL_ALIGNMENT_OPPOSED_NORMAL_FAILED,,
contactopt_g_q02_a14_z0_p0,GLOBAL,2,30.0,14,315.0,0,0.1,0,P0,POSE_GENERATED,,0.016719211100649136,1.0816715920237687
contactopt_g_q02_a14_z1_p0,GLOBAL,2,30.0,14,315.0,1,0.3,0,P0,POSE_GENERATED,,0.015853534349519638,1.0645821615966742
contactopt_g_q02_a14_z2_p0,GLOBAL,2,30.0,14,315.0,2,0.5,0,P0,POSE_GENERATED,,0.011186389372585094,1.0882947435877866
contactopt_g_q02_a14_z3_p0,GLOBAL,2,30.0,14,315.0,3,0.7,0,P0,POSE_GENERATED,,0.016532099322729386,0.9229489573216179
contactopt_g_q02_a14_z4_p0,GLOBAL,2,30.0,14,315.0,4,0.9,0,P0,POSE_GENERATED,,0.012643938423109742,1.0869558295476092
contactopt_g_q02_a15_z0_p0,GLOBAL,2,30.0,15,337.5,0,0.1,0,P0,POSE_GENERATED,,0.016681260696692554,1.1003681871226145
contactopt_g_q02_a15_z1_p0,GLOBAL,2,30.0,15,,1,0.3,0,P0,SEED_GEOMETRY_REJECT,NO_USABLE_OBJECT_REGION_IN_TARGET_WINDOW,,
contactopt_g_q02_a15_z2_p0,GLOBAL,2,30.0,15,337.5,2,0.5,0,P0,POSE_GENERATED,,0.011511403622664037,1.0867808062176376
contactopt_g_q02_a15_z3_p0,GLOBAL,2,30.0,15,337.5,3,0.7,0,P0,POSE_GENERATED,,0.0165617912757545,0.9185871868702316
contactopt_g_q02_a15_z4_p0,GLOBAL,2,30.0,15,,4,0.9,0,P0,SEED_GEOMETRY_REJECT,POINT_NORMAL_ALIGNMENT_OPPOSED_NORMAL_FAILED,,
contactopt_g_q03_a00_z0_p0,GLOBAL,3,40.0,0,0.0,0,0.1,0,P0,POSE_GENERATED,,0.009025386562518334,1.053012841761355
contactopt_g_q03_a00_z1_p0,GLOBAL,3,40.0,0,0.0,1,0.3,0,P0,POSE_GENERATED,,0.007406739885341,1.0210442549009509
contactopt_g_q03_a00_z2_p0,GLOBAL,3,40.0,0,0.0,2,0.5,0,P0,POSE_GENERATED,,0.007715828445282556,1.0196370439211868
contactopt_g_q03_a00_z3_p0,GLOBAL,3,40.0,0,0.0,3,0.7,0,P0,POSE_GENERATED,,0.008763880073331716,0.8823804044146589
contactopt_g_q03_a00_z4_p0,GLOBAL,3,40.0,0,0.0,4,0.9,0,P0,POSE_GENERATED,,0.006096714945631105,1.0383602949981343
contactopt_g_q03_a01_z0_p0,GLOBAL,3,40.0,1,22.5,0,0.1,0,P0,POSE_GENERATED,,0.009027821135746883,1.0537723281862568
contactopt_g_q03_a01_z1_p0,GLOBAL,3,40.0,1,,1,0.3,0,P0,SEED_GEOMETRY_REJECT,NO_USABLE_OBJECT_REGION_IN_TARGET_WINDOW,,
contactopt_g_q03_a01_z2_p0,GLOBAL,3,40.0,1,22.5,2,0.5,0,P0,POSE_GENERATED,,0.008559753140857777,1.0381999621178353
contactopt_g_q03_a01_z3_p0,GLOBAL,3,40.0,1,22.5,3,0.7,0,P0,POSE_GENERATED,,0.008772565586185803,0.8737636382161502
contactopt_g_q03_a01_z4_p0,GLOBAL,3,40.0,1,,4,0.9,0,P0,SEED_GEOMETRY_REJECT,POINT_NORMAL_ALIGNMENT_OPPOSED_NORMAL_FAILED,,
contactopt_g_q03_a02_z0_p0,GLOBAL,3,40.0,2,45.0,0,0.1,0,P0,POSE_GENERATED,,0.009013553988083392,1.0527581839498237
contactopt_g_q03_a02_z1_p0,GLOBAL,3,40.0,2,45.0,1,0.3,0,P0,POSE_GENERATED,,0.007019904488253055,1.0180581523611154
contactopt_g_q03_a02_z2_p0,GLOBAL,3,40.0,2,45.0,2,0.5,0,P0,POSE_GENERATED,,0.00560508132220618,1.0379878956970419
contactopt_g_q03_a02_z3_p0,GLOBAL,3,40.0,2,45.0,3,0.7,0,P0,POSE_GENERATED,,0.008887480398321514,0.8823118259625873
contactopt_g_q03_a02_z4_p0,GLOBAL,3,40.0,2,,4,0.9,0,P0,SEED_GEOMETRY_REJECT,POINT_NORMAL_ALIGNMENT_OPPOSED_NORMAL_FAILED,,
contactopt_g_q03_a03_z0_p0,GLOBAL,3,40.0,3,67.5,0,0.1,0,P0,POSE_GENERATED,,0.009028401132168984,1.0684187054609442
contactopt_g_q03_a03_z1_p0,GLOBAL,3,40.0,3,67.5,1,0.3,0,P0,POSE_GENERATED,,0.007511934055932507,1.004923555055439
contactopt_g_q03_a03_z2_p0,GLOBAL,3,40.0,3,67.5,2,0.5,0,P0,POSE_GENERATED,,0.008165683567691763,1.038627599390567
contactopt_g_q03_a03_z3_p0,GLOBAL,3,40.0,3,67.5,3,0.7,0,P0,POSE_GENERATED,,0.008918725555958339,0.8781470131460438
contactopt_g_q03_a03_z4_p0,GLOBAL,3,40.0,3,67.5,4,0.9,0,P0,POSE_GENERATED,,0.006096714540739928,1.0383602828958487
contactopt_g_q03_a04_z0_p0,GLOBAL,3,40.0,4,90.0,0,0.1,0,P0,POSE_GENERATED,,0.00905385617699698,1.2101666613323951
contactopt_g_q03_a04_z1_p0,GLOBAL,3,40.0,4,90.0,1,0.3,0,P0,POSE_GENERATED,,0.007295969288009922,1.002231663744789
contactopt_g_q03_a04_z2_p0,GLOBAL,3,40.0,4,90.0,2,0.5,0,P0,POSE_GENERATED,,0.006155350077121962,1.0400478794313708
contactopt_g_q03_a04_z3_p0,GLOBAL,3,40.0,4,90.0,3,0.7,0,P0,POSE_GENERATED,,0.008975792731730372,0.8848416298668748
contactopt_g_q03_a04_z4_p0,GLOBAL,3,40.0,4,,4,0.9,0,P0,SEED_GEOMETRY_REJECT,POINT_NORMAL_ALIGNMENT_OPPOSED_NORMAL_FAILED,,
contactopt_g_q03_a05_z0_p0,GLOBAL,3,40.0,5,112.5,0,0.1,0,P0,POSE_GENERATED,,0.008868649270608113,0.9850594052259539
contactopt_g_q03_a05_z1_p0,GLOBAL,3,40.0,5,112.5,1,0.3,0,P0,POSE_GENERATED,,0.00754297867793469,1.0499426434290926
contactopt_g_q03_a05_z2_p0,GLOBAL,3,40.0,5,112.5,2,0.5,0,P0,POSE_GENERATED,,0.008559753140857754,1.0381999621178355
contactopt_g_q03_a05_z3_p0,GLOBAL,3,40.0,5,112.5,3,0.7,0,P0,POSE_GENERATED,,0.008908154449244466,0.88228240366953
contactopt_g_q03_a05_z4_p0,GLOBAL,3,40.0,5,112.5,4,0.9,0,P0,POSE_GENERATED,,0.00609671512538052,1.0383602845450723
contactopt_g_q03_a06_z0_p0,GLOBAL,3,40.0,6,135.0,0,0.1,0,P0,POSE_GENERATED,,0.008896461111638157,1.0887002195008444
contactopt_g_q03_a06_z1_p0,GLOBAL,3,40.0,6,135.0,1,0.3,0,P0,POSE_GENERATED,,0.00673601586226988,0.9968494128351757
contactopt_g_q03_a06_z2_p0,GLOBAL,3,40.0,6,135.0,2,0.5,0,P0,POSE_GENERATED,,0.00560508132220618,1.0379878956970419
contactopt_g_q03_a06_z3_p0,GLOBAL,3,40.0,6,135.0,3,0.7,0,P0,POSE_GENERATED,,0.008845538948970996,0.8864929203828122
contactopt_g_q03_a06_z4_p0,GLOBAL,3,40.0,6,135.0,4,0.9,0,P0,POSE_GENERATED,,0.006334659227524642,1.0408464879380213
contactopt_g_q03_a07_z0_p0,GLOBAL,3,40.0,7,157.5,0,0.1,0,P0,POSE_GENERATED,,0.008982753352123425,1.0221584054961381
contactopt_g_q03_a07_z1_p0,GLOBAL,3,40.0,7,157.5,1,0.3,0,P0,POSE_GENERATED,,0.007782032467676402,1.0565252893159558
contactopt_g_q03_a07_z2_p0,GLOBAL,3,40.0,7,157.5,2,0.5,0,P0,POSE_GENERATED,,0.007427196923452545,1.0187526159116034
contactopt_g_q03_a07_z3_p0,GLOBAL,3,40.0,7,157.5,3,0.7,0,P0,POSE_GENERATED,,0.008781518679894995,0.8784049111119528
contactopt_g_q03_a07_z4_p0,GLOBAL,3,40.0,7,,4,0.9,0,P0,SEED_GEOMETRY_REJECT,POINT_NORMAL_ALIGNMENT_OPPOSED_NORMAL_FAILED,,
contactopt_g_q03_a08_z0_p0,GLOBAL,3,40.0,8,180.0,0,0.1,0,P0,POSE_GENERATED,,0.009121273443367087,1.0101242310953218
contactopt_g_q03_a08_z1_p0,GLOBAL,3,40.0,8,180.0,1,0.3,0,P0,POSE_GENERATED,,0.006529077021080017,0.9838957934154203
contactopt_g_q03_a08_z2_p0,GLOBAL,3,40.0,8,180.0,2,0.5,0,P0,POSE_GENERATED,,0.007926102434106323,1.0196899917075333
contactopt_g_q03_a08_z3_p0,GLOBAL,3,40.0,8,180.0,3,0.7,0,P0,POSE_GENERATED,,0.008755742899243092,0.8739153999871447
contactopt_g_q03_a08_z4_p0,GLOBAL,3,40.0,8,180.0,4,0.9,0,P0,POSE_GENERATED,,0.0058836546337650494,1.0381271025659269
contactopt_g_q03_a09_z0_p0,GLOBAL,3,40.0,9,202.5,0,0.1,0,P0,POSE_GENERATED,,0.00884218287377425,1.0424021588028183
contactopt_g_q03_a09_z1_p0,GLOBAL,3,40.0,9,202.5,1,0.3,0,P0,POSE_GENERATED,,0.007479799219123832,1.0580649230213424
contactopt_g_q03_a09_z2_p0,GLOBAL,3,40.0,9,202.5,2,0.5,0,P0,POSE_GENERATED,,0.008769797581636155,1.0380293449646796
contactopt_g_q03_a09_z3_p0,GLOBAL,3,40.0,9,202.5,3,0.7,0,P0,POSE_GENERATED,,0.008754113036228047,0.8779488191549323
contactopt_g_q03_a09_z4_p0,GLOBAL,3,40.0,9,,4,0.9,0,P0,SEED_GEOMETRY_REJECT,POINT_NORMAL_ALIGNMENT_OPPOSED_NORMAL_FAILED,,
contactopt_g_q03_a10_z0_p0,GLOBAL,3,40.0,10,225.0,0,0.1,0,P0,POSE_GENERATED,,0.00894934212627673,1.0427269855320138
contactopt_g_q03_a10_z1_p0,GLOBAL,3,40.0,10,225.0,1,0.3,0,P0,POSE_GENERATED,,0.007230414293058494,1.0603761612854692
contactopt_g_q03_a10_z2_p0,GLOBAL,3,40.0,10,225.0,2,0.5,0,P0,POSE_GENERATED,,0.00560508132220618,1.0379878956970419
contactopt_g_q03_a10_z3_p0,GLOBAL,3,40.0,10,225.0,3,0.7,0,P0,POSE_GENERATED,,0.00890916756760612,0.8738588257539931
contactopt_g_q03_a10_z4_p0,GLOBAL,3,40.0,10,225.0,4,0.9,0,P0,POSE_GENERATED,,0.00609671494021315,1.0383602939426466
contactopt_g_q03_a11_z0_p0,GLOBAL,3,40.0,11,247.5,0,0.1,0,P0,POSE_GENERATED,,0.009078087687110095,1.030589503677951
contactopt_g_q03_a11_z1_p0,GLOBAL,3,40.0,11,247.5,1,0.3,0,P0,POSE_GENERATED,,0.007733841566963163,1.057586116772778
contactopt_g_q03_a11_z2_p0,GLOBAL,3,40.0,11,247.5,2,0.5,0,P0,POSE_GENERATED,,0.007938941671419657,1.0383310158316013
contactopt_g_q03_a11_z3_p0,GLOBAL,3,40.0,11,247.5,3,0.7,0,P0,POSE_GENERATED,,0.00887620248844235,0.8696469103215296
contactopt_g_q03_a11_z4_p0,GLOBAL,3,40.0,11,247.5,4,0.9,0,P0,POSE_GENERATED,,0.006314849086901362,1.0381275889993837
contactopt_g_q03_a12_z0_p0,GLOBAL,3,40.0,12,270.0,0,0.1,0,P0,POSE_GENERATED,,0.009076084761941527,1.0310861767470372
contactopt_g_q03_a12_z1_p0,GLOBAL,3,40.0,12,270.0,1,0.3,0,P0,POSE_GENERATED,,0.007546687323971032,1.0589176726220084
contactopt_g_q03_a12_z2_p0,GLOBAL,3,40.0,12,270.0,2,0.5,0,P0,POSE_GENERATED,,0.00877041199117177,1.0390057853019257
contactopt_g_q03_a12_z3_p0,GLOBAL,3,40.0,12,270.0,3,0.7,0,P0,POSE_GENERATED,,0.008956922151105046,0.888907362812823
contactopt_g_q03_a12_z4_p0,GLOBAL,3,40.0,12,270.0,4,0.9,0,P0,POSE_GENERATED,,0.0054561267311844215,1.0395854873907413
contactopt_g_q03_a13_z0_p0,GLOBAL,3,40.0,13,292.5,0,0.1,0,P0,POSE_GENERATED,,0.008923985373940442,1.0436679962915458
contactopt_g_q03_a13_z1_p0,GLOBAL,3,40.0,13,292.5,1,0.3,0,P0,POSE_GENERATED,,0.00798775124208397,1.0583622022380488
contactopt_g_q03_a13_z2_p0,GLOBAL,3,40.0,13,292.5,2,0.5,0,P0,POSE_GENERATED,,0.008769797581636166,1.0380293449646787
contactopt_g_q03_a13_z3_p0,GLOBAL,3,40.0,13,292.5,3,0.7,0,P0,POSE_GENERATED,,0.008889441283887845,0.8865762029459475
contactopt_g_q03_a13_z4_p0,GLOBAL,3,40.0,13,292.5,4,0.9,0,P0,POSE_GENERATED,,0.006098772440367356,1.0382459090734977
contactopt_g_q03_a14_z0_p0,GLOBAL,3,40.0,14,315.0,0,0.1,0,P0,POSE_GENERATED,,0.009100065540014577,1.046774795517285
contactopt_g_q03_a14_z1_p0,GLOBAL,3,40.0,14,315.0,1,0.3,0,P0,POSE_GENERATED,,0.0074671121156282185,1.0502858262838142
contactopt_g_q03_a14_z2_p0,GLOBAL,3,40.0,14,315.0,2,0.5,0,P0,POSE_GENERATED,,0.00560508132220618,1.0379878956970419
contactopt_g_q03_a14_z3_p0,GLOBAL,3,40.0,14,315.0,3,0.7,0,P0,POSE_GENERATED,,0.008752175454333593,0.8864759460921163
contactopt_g_q03_a14_z4_p0,GLOBAL,3,40.0,14,315.0,4,0.9,0,P0,POSE_GENERATED,,0.006360496106468233,1.0405371429967223
contactopt_g_q03_a15_z0_p0,GLOBAL,3,40.0,15,337.5,0,0.1,0,P0,POSE_GENERATED,,0.009067544149426995,1.0516210654618738
contactopt_g_q03_a15_z1_p0,GLOBAL,3,40.0,15,,1,0.3,0,P0,SEED_GEOMETRY_REJECT,NO_USABLE_OBJECT_REGION_IN_TARGET_WINDOW,,
contactopt_g_q03_a15_z2_p0,GLOBAL,3,40.0,15,337.5,2,0.5,0,P0,POSE_GENERATED,,0.007864356983557861,1.0198965512603722
contactopt_g_q03_a15_z3_p0,GLOBAL,3,40.0,15,337.5,3,0.7,0,P0,POSE_GENERATED,,0.008781518679894995,0.8784049111119528
contactopt_g_q03_a15_z4_p0,GLOBAL,3,40.0,15,,4,0.9,0,P0,SEED_GEOMETRY_REJECT,POINT_NORMAL_ALIGNMENT_OPPOSED_NORMAL_FAILED,,
contactopt_g_q04_a00_z0_p0,GLOBAL,4,45.0,0,0.0,0,0.1,0,P0,POSE_GENERATED,,0.008775265294908878,1.0446302652405783
contactopt_g_q04_a00_z1_p0,GLOBAL,4,45.0,0,0.0,1,0.3,0,P0,POSE_GENERATED,,0.0070212472088536084,1.0139079184426056
contactopt_g_q04_a00_z2_p0,GLOBAL,4,45.0,0,0.0,2,0.5,0,P0,POSE_GENERATED,,0.007323567209096101,1.0125430356674587
contactopt_g_q04_a00_z3_p0,GLOBAL,4,45.0,0,0.0,3,0.7,0,P0,POSE_GENERATED,,0.008382622085008944,0.8752510280768796
contactopt_g_q04_a00_z4_p0,GLOBAL,4,45.0,0,0.0,4,0.9,0,P0,POSE_GENERATED,,0.005888096206869454,1.0312318361186277
contactopt_g_q04_a01_z0_p0,GLOBAL,4,45.0,1,22.5,0,0.1,0,P0,POSE_GENERATED,,0.008662299805487777,1.0447648327391987
contactopt_g_q04_a01_z1_p0,GLOBAL,4,45.0,1,,1,0.3,0,P0,SEED_GEOMETRY_REJECT,NO_USABLE_OBJECT_REGION_IN_TARGET_WINDOW,,
contactopt_g_q04_a01_z2_p0,GLOBAL,4,45.0,1,22.5,2,0.5,0,P0,POSE_GENERATED,,0.00835140938240901,1.031073135221972
contactopt_g_q04_a01_z3_p0,GLOBAL,4,45.0,1,22.5,3,0.7,0,P0,POSE_GENERATED,,0.008676979549812143,0.8625635464085647
contactopt_g_q04_a01_z4_p0,GLOBAL,4,45.0,1,22.5,4,0.9,0,P0,POSE_GENERATED,,0.005888096489920378,1.0312318233710196
contactopt_g_q04_a02_z0_p0,GLOBAL,4,45.0,2,45.0,0,0.1,0,P0,POSE_GENERATED,,0.008512889312737183,1.0352532202665496
contactopt_g_q04_a02_z1_p0,GLOBAL,4,45.0,2,45.0,1,0.3,0,P0,POSE_GENERATED,,0.007014083259773522,1.0095497529180182
contactopt_g_q04_a02_z2_p0,GLOBAL,4,45.0,2,45.0,2,0.5,0,P0,POSE_GENERATED,,0.005396820471724234,1.0308584070686144
contactopt_g_q04_a02_z3_p0,GLOBAL,4,45.0,2,45.0,3,0.7,0,P0,POSE_GENERATED,,0.008505497060833736,0.8751813987004876
contactopt_g_q04_a02_z4_p0,GLOBAL,4,45.0,2,45.0,4,0.9,0,P0,POSE_GENERATED,,0.006106285680752941,1.0309978088113303
contactopt_g_q04_a03_z0_p0,GLOBAL,4,45.0,3,67.5,0,0.1,0,P0,POSE_GENERATED,,0.008648047485835164,1.061293603093616
contactopt_g_q04_a03_z1_p0,GLOBAL,4,45.0,3,67.5,1,0.3,0,P0,POSE_GENERATED,,0.0071252397566377735,0.9977951067324479
contactopt_g_q04_a03_z2_p0,GLOBAL,4,45.0,3,67.5,2,0.5,0,P0,POSE_GENERATED,,0.007958720764703102,1.031500155434407
contactopt_g_q04_a03_z3_p0,GLOBAL,4,45.0,3,67.5,3,0.7,0,P0,POSE_GENERATED,,0.008536602717183038,0.8710177500029408
contactopt_g_q04_a03_z4_p0,GLOBAL,4,45.0,3,67.5,4,0.9,0,P0,POSE_GENERATED,,0.00588809580197838,1.0312318238809048
contactopt_g_q04_a04_z0_p0,GLOBAL,4,45.0,4,90.0,0,0.1,0,P0,POSE_GENERATED,,0.008673148436331442,1.2030349434810828
contactopt_g_q04_a04_z1_p0,GLOBAL,4,45.0,4,90.0,1,0.3,0,P0,POSE_GENERATED,,0.006912863449691776,0.995090115582794
contactopt_g_q04_a04_z2_p0,GLOBAL,4,45.0,4,90.0,2,0.5,0,P0,POSE_GENERATED,,0.006435045486344888,1.0342781696129757
contactopt_g_q04_a04_z3_p0,GLOBAL,4,45.0,4,90.0,3,0.7,0,P0,POSE_GENERATED,,0.008667987597623814,0.868441789440386
contactopt_g_q04_a04_z4_p0,GLOBAL,4,45.0,4,,4,0.9,0,P0,SEED_GEOMETRY_REJECT,POINT_NORMAL_ALIGNMENT_OPPOSED_NORMAL_FAILED,,
contactopt_g_q04_a05_z0_p0,GLOBAL,4,45.0,5,112.5,0,0.1,0,P0,POSE_GENERATED,,0.008630420781351601,0.8311908105383041
contactopt_g_q04_a05_z1_p0,GLOBAL,4,45.0,5,112.5,1,0.3,0,P0,POSE_GENERATED,,0.007154347921026166,1.0428157012715635
contactopt_g_q04_a05_z2_p0,GLOBAL,4,45.0,5,112.5,2,0.5,0,P0,POSE_GENERATED,,0.008351409382408997,1.0310731352219722
contactopt_g_q04_a05_z3_p0,GLOBAL,4,45.0,5,112.5,3,0.7,0,P0,POSE_GENERATED,,0.008525989226467471,0.875153022331524
contactopt_g_q04_a05_z4_p0,GLOBAL,4,45.0,5,112.5,4,0.9,0,P0,POSE_GENERATED,,0.005888096386618731,1.0312318255489317
contactopt_g_q04_a06_z0_p0,GLOBAL,4,45.0,6,135.0,0,0.1,0,P0,POSE_GENERATED,,0.008755664126637908,1.0835802935623875
contactopt_g_q04_a06_z1_p0,GLOBAL,4,45.0,6,135.0,1,0.3,0,P0,POSE_GENERATED,,0.006345821014407837,0.9897282922565495
contactopt_g_q04_a06_z2_p0,GLOBAL,4,45.0,6,135.0,2,0.5,0,P0,POSE_GENERATED,,0.005396820471724259,1.030858407068614
contactopt_g_q04_a06_z3_p0,GLOBAL,4,45.0,6,135.0,3,0.7,0,P0,POSE_GENERATED,,0.0084641714798769,0.8793607895063016
contactopt_g_q04_a06_z4_p0,GLOBAL,4,45.0,6,135.0,4,0.9,0,P0,POSE_GENERATED,,0.006127463220078746,1.0337316450525196
contactopt_g_q04_a07_z0_p0,GLOBAL,4,45.0,7,157.5,0,0.1,0,P0,POSE_GENERATED,,0.008602572285157496,1.015032068682994
contactopt_g_q04_a07_z1_p0,GLOBAL,4,45.0,7,157.5,1,0.3,0,P0,POSE_GENERATED,,0.007394598705504409,1.0494151738759874
contactopt_g_q04_a07_z2_p0,GLOBAL,4,45.0,7,157.5,2,0.5,0,P0,POSE_GENERATED,,0.007033509888666361,1.0116084901873685
contactopt_g_q04_a07_z3_p0,GLOBAL,4,45.0,7,157.5,3,0.7,0,P0,POSE_GENERATED,,0.008400160214716469,0.8712775721461161
contactopt_g_q04_a07_z4_p0,GLOBAL,4,45.0,7,,4,0.9,0,P0,SEED_GEOMETRY_REJECT,POINT_NORMAL_ALIGNMENT_OPPOSED_NORMAL_FAILED,,
contactopt_g_q04_a08_z0_p0,GLOBAL,4,45.0,8,180.0,0,0.1,0,P0,POSE_GENERATED,,0.008740248119014894,1.002992246809049
contactopt_g_q04_a08_z1_p0,GLOBAL,4,45.0,8,180.0,1,0.3,0,P0,POSE_GENERATED,,0.006140145987458259,0.9767731954501437
contactopt_g_q04_a08_z2_p0,GLOBAL,4,45.0,8,180.0,2,0.5,0,P0,POSE_GENERATED,,0.007528150840966321,1.0125504507547842
contactopt_g_q04_a08_z3_p0,GLOBAL,4,45.0,8,180.0,3,0.7,0,P0,POSE_GENERATED,,0.008374465233750789,0.8667862749901822
contactopt_g_q04_a08_z4_p0,GLOBAL,4,45.0,8,180.0,4,0.9,0,P0,POSE_GENERATED,,0.005675107184176249,1.0309973266655192
contactopt_g_q04_a09_z0_p0,GLOBAL,4,45.0,9,202.5,0,0.1,0,P0,POSE_GENERATED,,0.008697116911756127,1.0366194918833902
contactopt_g_q04_a09_z1_p0,GLOBAL,4,45.0,9,202.5,1,0.3,0,P0,POSE_GENERATED,,0.007426492150518695,1.0492782365848443
contactopt_g_q04_a09_z2_p0,GLOBAL,4,45.0,9,202.5,2,0.5,0,P0,POSE_GENERATED,,0.008561294738270622,1.030900545968829
contactopt_g_q04_a09_z3_p0,GLOBAL,4,45.0,9,202.5,3,0.7,0,P0,POSE_GENERATED,,0.00865809151445377,0.8665987817059428
contactopt_g_q04_a09_z4_p0,GLOBAL,4,45.0,9,202.5,4,0.9,0,P0,POSE_GENERATED,,0.005888096489920378,1.0312318233710196
contactopt_g_q04_a10_z0_p0,GLOBAL,4,45.0,10,225.0,0,0.1,0,P0,POSE_GENERATED,,0.008569349616443726,1.0355999674614256
contactopt_g_q04_a10_z1_p0,GLOBAL,4,45.0,10,225.0,1,0.3,0,P0,POSE_GENERATED,,0.007070527988983295,1.0531343762302754
contactopt_g_q04_a10_z2_p0,GLOBAL,4,45.0,10,225.0,2,0.5,0,P0,POSE_GENERATED,,0.005396820471724234,1.0308584070686144
contactopt_g_q04_a10_z3_p0,GLOBAL,4,45.0,10,225.0,3,0.7,0,P0,POSE_GENERATED,,0.008526952148692653,0.8667294589501451
contactopt_g_q04_a10_z4_p0,GLOBAL,4,45.0,10,225.0,4,0.9,0,P0,POSE_GENERATED,,0.005888096201451083,1.0312318350496403
contactopt_g_q04_a11_z0_p0,GLOBAL,4,45.0,11,247.5,0,0.1,0,P0,POSE_GENERATED,,0.00869679238812467,1.0234592875253887
contactopt_g_q04_a11_z1_p0,GLOBAL,4,45.0,11,247.5,1,0.3,0,P0,POSE_GENERATED,,0.007345063198183839,1.0504584593761461
contactopt_g_q04_a11_z2_p0,GLOBAL,4,45.0,11,247.5,2,0.5,0,P0,POSE_GENERATED,,0.007731659528712548,1.031201983948178
contactopt_g_q04_a11_z3_p0,GLOBAL,4,45.0,11,247.5,3,0.7,0,P0,POSE_GENERATED,,0.008494818119232457,0.8625148000132192
contactopt_g_q04_a11_z4_p0,GLOBAL,4,45.0,11,247.5,4,0.9,0,P0,POSE_GENERATED,,0.006106285342611166,1.030997801183051
contactopt_g_q04_a12_z0_p0,GLOBAL,4,45.0,12,270.0,0,0.1,0,P0,POSE_GENERATED,,0.008694851797585465,1.0239563075284306
contactopt_g_q04_a12_z1_p0,GLOBAL,4,45.0,12,270.0,1,0.3,0,P0,POSE_GENERATED,,0.0071600567447978256,1.0517835559568913
contactopt_g_q04_a12_z2_p0,GLOBAL,4,45.0,12,270.0,2,0.5,0,P0,POSE_GENERATED,,0.00856234152503419,1.0318752565276623
contactopt_g_q04_a12_z3_p0,GLOBAL,4,45.0,12,270.0,3,0.7,0,P0,POSE_GENERATED,,0.00862258047007978,0.8763995101677524
contactopt_g_q04_a12_z4_p0,GLOBAL,4,45.0,12,270.0,4,0.9,0,P0,POSE_GENERATED,,0.005888095720764259,1.031231827528968
contactopt_g_q04_a13_z0_p0,GLOBAL,4,45.0,13,292.5,0,0.1,0,P0,POSE_GENERATED,,0.008704727049163715,1.0373726262793124
contactopt_g_q04_a13_z1_p0,GLOBAL,4,45.0,13,292.5,1,0.3,0,P0,POSE_GENERATED,,0.007600040912145539,1.0512498312931462
contactopt_g_q04_a13_z2_p0,GLOBAL,4,45.0,13,292.5,2,0.5,0,P0,POSE_GENERATED,,0.008561294738270622,1.0309005459688292
contactopt_g_q04_a13_z3_p0,GLOBAL,4,45.0,13,292.5,3,0.7,0,P0,POSE_GENERATED,,0.008507282923375594,0.8794469053740047
contactopt_g_q04_a13_z4_p0,GLOBAL,4,45.0,13,292.5,4,0.9,0,P0,POSE_GENERATED,,0.0058904022269673185,1.0311135961029108
contactopt_g_q04_a14_z0_p0,GLOBAL,4,45.0,14,315.0,0,0.1,0,P0,POSE_GENERATED,,0.008718588789943815,1.0396457607103182
contactopt_g_q04_a14_z1_p0,GLOBAL,4,45.0,14,315.0,1,0.3,0,P0,POSE_GENERATED,,0.007084354802456337,1.0431751627205779
contactopt_g_q04_a14_z2_p0,GLOBAL,4,45.0,14,315.0,2,0.5,0,P0,POSE_GENERATED,,0.005396820471724259,1.030858407068614
contactopt_g_q04_a14_z3_p0,GLOBAL,4,45.0,14,315.0,3,0.7,0,P0,POSE_GENERATED,,0.008404781455298474,0.8663874467481693
contactopt_g_q04_a14_z4_p0,GLOBAL,4,45.0,14,315.0,4,0.9,0,P0,POSE_GENERATED,,0.00615464727802326,1.0334115015945036
contactopt_g_q04_a15_z0_p0,GLOBAL,4,45.0,15,337.5,0,0.1,0,P0,POSE_GENERATED,,0.008686183758709672,1.0444898822574638
contactopt_g_q04_a15_z1_p0,GLOBAL,4,45.0,15,,1,0.3,0,P0,SEED_GEOMETRY_REJECT,NO_USABLE_OBJECT_REGION_IN_TARGET_WINDOW,,
contactopt_g_q04_a15_z2_p0,GLOBAL,4,45.0,15,337.5,2,0.5,0,P0,POSE_GENERATED,,0.007471838872665968,1.0127540388769707
contactopt_g_q04_a15_z3_p0,GLOBAL,4,45.0,15,337.5,3,0.7,0,P0,POSE_GENERATED,,0.008400160214716469,0.8712775721461161
contactopt_g_q04_a15_z4_p0,GLOBAL,4,45.0,15,,4,0.9,0,P0,SEED_GEOMETRY_REJECT,POINT_NORMAL_ALIGNMENT_OPPOSED_NORMAL_FAILED,,
contactopt_g_q05_a00_z0_p0,GLOBAL,5,50.0,0,0.0,0,0.1,0,P0,POSE_GENERATED,,0.008422841059771409,1.0371220211810133
contactopt_g_q05_a00_z1_p0,GLOBAL,5,50.0,0,0.0,1,0.3,0,P0,POSE_GENERATED,,0.0066651487167385445,1.0063947000065867
contactopt_g_q05_a00_z2_p0,GLOBAL,5,50.0,0,0.0,2,0.5,0,P0,POSE_GENERATED,,0.007463139829285921,1.0047324486544016
contactopt_g_q05_a00_z3_p0,GLOBAL,5,50.0,0,0.0,3,0.7,0,P0,POSE_GENERATED,,0.008031129338878947,0.8677448499879237
contactopt_g_q05_a00_z4_p0,GLOBAL,5,50.0,0,0.0,4,0.9,0,P0,POSE_GENERATED,,0.005659762281173029,1.0237265718816733
contactopt_g_q05_a01_z0_p0,GLOBAL,5,50.0,1,22.5,0,0.1,0,P0,POSE_GENERATED,,0.008311116544003265,1.037255903008487
contactopt_g_q05_a01_z1_p0,GLOBAL,5,50.0,1,,1,0.3,0,P0,SEED_GEOMETRY_REJECT,NO_USABLE_OBJECT_REGION_IN_TARGET_WINDOW,,
contactopt_g_q05_a01_z2_p0,GLOBAL,5,50.0,1,22.5,2,0.5,0,P0,POSE_GENERATED,,0.008123410363089216,1.0235700418874305
contactopt_g_q05_a01_z3_p0,GLOBAL,5,50.0,1,22.5,3,0.7,0,P0,POSE_GENERATED,,0.008281490610148491,0.8562859619856328
contactopt_g_q05_a01_z4_p0,GLOBAL,5,50.0,1,22.5,4,0.9,0,P0,POSE_GENERATED,,0.00565976256423576,1.0237265589924411
contactopt_g_q05_a02_z0_p0,GLOBAL,5,50.0,2,45.0,0,0.1,0,P0,POSE_GENERATED,,0.008283333166431756,1.0521568056335728
contactopt_g_q05_a02_z1_p0,GLOBAL,5,50.0,2,45.0,1,0.3,0,P0,POSE_GENERATED,,0.0066581622850644725,1.0020358675030114
contactopt_g_q05_a02_z2_p0,GLOBAL,5,50.0,2,45.0,2,0.5,0,P0,POSE_GENERATED,,0.005168925318409709,1.0233523722290732
contactopt_g_q05_a02_z3_p0,GLOBAL,5,50.0,2,45.0,3,0.7,0,P0,POSE_GENERATED,,0.008153205954202505,0.8676741679781844
contactopt_g_q05_a02_z4_p0,GLOBAL,5,50.0,2,45.0,4,0.9,0,P0,POSE_GENERATED,,0.005878021587503861,1.0234911979135344
contactopt_g_q05_a03_z0_p0,GLOBAL,5,50.0,3,67.5,0,0.1,0,P0,POSE_GENERATED,,0.008297629179919136,1.0537917970257806
contactopt_g_q05_a03_z1_p0,GLOBAL,5,50.0,3,67.5,1,0.3,0,P0,POSE_GENERATED,,0.006950377813090783,1.0450010186003489
contactopt_g_q05_a03_z2_p0,GLOBAL,5,50.0,3,67.5,2,0.5,0,P0,POSE_GENERATED,,0.007732361854892126,1.023996581644168
contactopt_g_q05_a03_z3_p0,GLOBAL,5,50.0,3,67.5,3,0.7,0,P0,POSE_GENERATED,,0.008142700146458166,0.8550057806197827
contactopt_g_q05_a03_z4_p0,GLOBAL,5,50.0,3,,4,0.9,0,P0,SEED_GEOMETRY_REJECT,POINT_NORMAL_ALIGNMENT_OPPOSED_NORMAL_FAILED,,
contactopt_g_q05_a04_z0_p0,GLOBAL,5,50.0,4,90.0,0,0.1,0,P0,POSE_GENERATED,,0.008322806934783754,1.198667329611899
contactopt_g_q05_a04_z1_p0,GLOBAL,5,50.0,4,90.0,1,0.3,0,P0,POSE_GENERATED,,0.006977551885879364,0.9921827610972651
contactopt_g_q05_a04_z2_p0,GLOBAL,5,50.0,4,90.0,2,0.5,0,P0,POSE_GENERATED,,0.00608228872330475,1.023722560898029
contactopt_g_q05_a04_z3_p0,GLOBAL,5,50.0,4,90.0,3,0.7,0,P0,POSE_GENERATED,,0.008251183160255002,0.8729081737077614
contactopt_g_q05_a04_z4_p0,GLOBAL,5,50.0,4,,4,0.9,0,P0,SEED_GEOMETRY_REJECT,POINT_NORMAL_ALIGNMENT_OPPOSED_NORMAL_FAILED,,
contactopt_g_q05_a05_z0_p0,GLOBAL,5,50.0,5,112.5,0,0.1,0,P0,POSE_GENERATED,,0.008265344646365531,1.0537604944309211
contactopt_g_q05_a05_z1_p0,GLOBAL,5,50.0,5,112.5,1,0.3,0,P0,POSE_GENERATED,,0.006792168687969189,1.03531213623922
contactopt_g_q05_a05_z2_p0,GLOBAL,5,50.0,5,112.5,2,0.5,0,P0,POSE_GENERATED,,0.008123410363089216,1.023570041887431
contactopt_g_q05_a05_z3_p0,GLOBAL,5,50.0,5,112.5,3,0.7,0,P0,POSE_GENERATED,,0.00817322497086089,0.8676468371434848
contactopt_g_q05_a05_z4_p0,GLOBAL,5,50.0,5,112.5,4,0.9,0,P0,POSE_GENERATED,,0.00565976246092168,1.0237265611911524
contactopt_g_q05_a06_z0_p0,GLOBAL,5,50.0,6,135.0,0,0.1,0,P0,POSE_GENERATED,,0.008306192104155626,0.944721407146675
contactopt_g_q05_a06_z1_p0,GLOBAL,5,50.0,6,135.0,1,0.3,0,P0,POSE_GENERATED,,0.005982276034277152,0.9822315305378269
contactopt_g_q05_a06_z2_p0,GLOBAL,5,50.0,6,135.0,2,0.5,0,P0,POSE_GENERATED,,0.0051689253184097166,1.0233523722290734
contactopt_g_q05_a06_z3_p0,GLOBAL,5,50.0,6,135.0,3,0.7,0,P0,POSE_GENERATED,,0.008324315764514412,0.8673070159400592
contactopt_g_q05_a06_z4_p0,GLOBAL,5,50.0,6,135.0,4,0.9,0,P0,POSE_GENERATED,,0.006517561530068912,1.0244670247170806
contactopt_g_q05_a07_z0_p0,GLOBAL,5,50.0,7,157.5,0,0.1,0,P0,POSE_GENERATED,,0.008252230674595512,1.0075289887342136
contactopt_g_q05_a07_z1_p0,GLOBAL,5,50.0,7,157.5,1,0.3,0,P0,POSE_GENERATED,,0.0070329347409651055,1.0419291894831122
contactopt_g_q05_a07_z2_p0,GLOBAL,5,50.0,7,157.5,2,0.5,0,P0,POSE_GENERATED,,0.007732361854892126,1.0239965816441678
contactopt_g_q05_a07_z3_p0,GLOBAL,5,50.0,7,157.5,3,0.7,0,P0,POSE_GENERATED,,0.008048250233479904,0.8637734863538711
contactopt_g_q05_a07_z4_p0,GLOBAL,5,50.0,7,,4,0.9,0,P0,SEED_GEOMETRY_REJECT,POINT_NORMAL_ALIGNMENT_OPPOSED_NORMAL_FAILED,,
contactopt_g_q05_a08_z0_p0,GLOBAL,5,50.0,8,180.0,0,0.1,0,P0,POSE_GENERATED,,0.008455873883340364,1.12043339762197
contactopt_g_q05_a08_z1_p0,GLOBAL,5,50.0,8,180.0,1,0.3,0,P0,POSE_GENERATED,,0.005777731098110422,0.9692747630772964
contactopt_g_q05_a08_z2_p0,GLOBAL,5,50.0,8,180.0,2,0.5,0,P0,POSE_GENERATED,,0.0071561139952458774,1.0050342407254396
contactopt_g_q05_a08_z3_p0,GLOBAL,5,50.0,8,180.0,3,0.7,0,P0,POSE_GENERATED,,0.00802291017042552,0.8592803532279248
contactopt_g_q05_a08_z4_p0,GLOBAL,5,50.0,8,180.0,4,0.9,0,P0,POSE_GENERATED,,0.005446863192333652,1.0234907296251419
contactopt_g_q05_a09_z0_p0,GLOBAL,5,50.0,9,202.5,0,0.1,0,P0,POSE_GENERATED,,0.008345695970060681,1.0291120464620434
contactopt_g_q05_a09_z1_p0,GLOBAL,5,50.0,9,202.5,1,0.3,0,P0,POSE_GENERATED,,0.007065493373257929,1.0417955772401475
contactopt_g_q05_a09_z2_p0,GLOBAL,5,50.0,9,202.5,2,0.5,0,P0,POSE_GENERATED,,0.008333104924257456,1.0233952783459308
contactopt_g_q05_a09_z3_p0,GLOBAL,5,50.0,9,202.5,3,0.7,0,P0,POSE_GENERATED,,0.008269690827693453,0.8689029781814159
contactopt_g_q05_a09_z4_p0,GLOBAL,5,50.0,9,202.5,4,0.9,0,P0,POSE_GENERATED,,0.00565976256423576,1.0237265589924411
contactopt_g_q05_a10_z0_p0,GLOBAL,5,50.0,10,225.0,0,0.1,0,P0,POSE_GENERATED,,0.008355977267011299,1.0292487540128368
contactopt_g_q05_a10_z1_p0,GLOBAL,5,50.0,10,225.0,1,0.3,0,P0,POSE_GENERATED,,0.006712583989590261,1.04564013692081
contactopt_g_q05_a10_z2_p0,GLOBAL,5,50.0,10,225.0,2,0.5,0,P0,POSE_GENERATED,,0.005168925318409709,1.0233523722290732
contactopt_g_q05_a10_z3_p0,GLOBAL,5,50.0,10,225.0,3,0.7,0,P0,POSE_GENERATED,,0.008174114041137485,0.859223288870682
contactopt_g_q05_a10_z4_p0,GLOBAL,5,50.0,10,225.0,4,0.9,0,P0,POSE_GENERATED,,0.0056597622757490395,1.023726570798677
contactopt_g_q05_a11_z0_p0,GLOBAL,5,50.0,11,247.5,0,0.1,0,P0,POSE_GENERATED,,0.008331304405591369,1.0307831442974642
contactopt_g_q05_a11_z1_p0,GLOBAL,5,50.0,11,247.5,1,0.3,0,P0,POSE_GENERATED,,0.0067485483888869375,1.0463158545910063
contactopt_g_q05_a11_z2_p0,GLOBAL,5,50.0,11,247.5,2,0.5,0,P0,POSE_GENERATED,,0.007504922986495516,1.0236966193111852
contactopt_g_q05_a11_z3_p0,GLOBAL,5,50.0,11,247.5,3,0.7,0,P0,POSE_GENERATED,,0.008142700146458166,0.8550057806197827
contactopt_g_q05_a11_z4_p0,GLOBAL,5,50.0,11,,4,0.9,0,P0,SEED_GEOMETRY_REJECT,POINT_NORMAL_ALIGNMENT_OPPOSED_NORMAL_FAILED,,
contactopt_g_q05_a12_z0_p0,GLOBAL,5,50.0,12,270.0,0,0.1,0,P0,POSE_GENERATED,,0.008343532993228514,1.0164498539312017
contactopt_g_q05_a12_z1_p0,GLOBAL,5,50.0,12,270.0,1,0.3,0,P0,POSE_GENERATED,,0.006799327904187594,1.0442725676027085
contactopt_g_q05_a12_z2_p0,GLOBAL,5,50.0,12,270.0,2,0.5,0,P0,POSE_GENERATED,,0.008985120582171073,1.0259961098568224
contactopt_g_q05_a12_z3_p0,GLOBAL,5,50.0,12,270.0,3,0.7,0,P0,POSE_GENERATED,,0.008269690931935202,0.8689017339004007
contactopt_g_q05_a12_z4_p0,GLOBAL,5,50.0,12,270.0,4,0.9,0,P0,POSE_GENERATED,,0.005659761795065337,1.0237265631930415
contactopt_g_q05_a13_z0_p0,GLOBAL,5,50.0,13,292.5,0,0.1,0,P0,POSE_GENERATED,,0.008352975805606653,1.0298656849523378
contactopt_g_q05_a13_z1_p0,GLOBAL,5,50.0,13,292.5,1,0.3,0,P0,POSE_GENERATED,,0.0072379157379743025,1.0437614864355438
contactopt_g_q05_a13_z2_p0,GLOBAL,5,50.0,13,292.5,2,0.5,0,P0,POSE_GENERATED,,0.008333104924257461,1.023395278345931
contactopt_g_q05_a13_z3_p0,GLOBAL,5,50.0,13,292.5,3,0.7,0,P0,POSE_GENERATED,,0.008154509850711037,0.8719408047175559
contactopt_g_q05_a13_z4_p0,GLOBAL,5,50.0,13,292.5,4,0.9,0,P0,POSE_GENERATED,,0.005662356032599359,1.0236043229257308
contactopt_g_q05_a14_z0_p0,GLOBAL,5,50.0,14,315.0,0,0.1,0,P0,POSE_GENERATED,,0.008366493351729145,1.032139898776372
contactopt_g_q05_a14_z1_p0,GLOBAL,5,50.0,14,315.0,1,0.3,0,P0,POSE_GENERATED,,0.006726848130127312,1.0356894028386272
contactopt_g_q05_a14_z2_p0,GLOBAL,5,50.0,14,315.0,2,0.5,0,P0,POSE_GENERATED,,0.0051689253184097166,1.0233523722290734
contactopt_g_q05_a14_z3_p0,GLOBAL,5,50.0,14,315.0,3,0.7,0,P0,POSE_GENERATED,,0.008302211895570915,0.8674128992068493
contactopt_g_q05_a14_z4_p0,GLOBAL,5,50.0,14,315.0,4,0.9,0,P0,POSE_GENERATED,,0.006527389563956682,1.0242604126022914
contactopt_g_q05_a15_z0_p0,GLOBAL,5,50.0,15,337.5,0,0.1,0,P0,POSE_GENERATED,,0.008334438209541446,1.0369819556342674
contactopt_g_q05_a15_z1_p0,GLOBAL,5,50.0,15,,1,0.3,0,P0,SEED_GEOMETRY_REJECT,NO_USABLE_OBJECT_REGION_IN_TARGET_WINDOW,,
contactopt_g_q05_a15_z2_p0,GLOBAL,5,50.0,15,337.5,2,0.5,0,P0,POSE_GENERATED,,0.007103913491015,1.0052345155726405
contactopt_g_q05_a15_z3_p0,GLOBAL,5,50.0,15,337.5,3,0.7,0,P0,POSE_GENERATED,,0.008048250233479904,0.8637734863538711
contactopt_g_q05_a15_z4_p0,GLOBAL,5,50.0,15,,4,0.9,0,P0,SEED_GEOMETRY_REJECT,POINT_NORMAL_ALIGNMENT_OPPOSED_NORMAL_FAILED,,
contactopt_g_q06_a00_z0_p0,GLOBAL,6,55.0,0,0.0,0,0.1,0,P0,POSE_GENERATED,,0.008102815394160372,1.0293460715849407
contactopt_g_q06_a00_z1_p0,GLOBAL,6,55.0,0,0.0,1,0.3,0,P0,POSE_GENERATED,,0.006341720328753013,0.9986137530705129
contactopt_g_q06_a00_z2_p0,GLOBAL,6,55.0,0,0.0,2,0.5,0,P0,POSE_GENERATED,,0.007188986595114263,0.9969712694400801
contactopt_g_q06_a00_z3_p0,GLOBAL,6,55.0,0,0.0,3,0.7,0,P0,POSE_GENERATED,,0.007853036620743718,0.8555734481378464
contactopt_g_q06_a00_z4_p0,GLOBAL,6,55.0,0,0.0,4,0.9,0,P0,POSE_GENERATED,,0.0060717249942652905,1.015512548777609
contactopt_g_q06_a01_z0_p0,GLOBAL,6,55.0,1,22.5,0,0.1,0,P0,POSE_GENERATED,,0.007992452480676697,1.0294791733522244
contactopt_g_q06_a01_z1_p0,GLOBAL,6,55.0,1,,1,0.3,0,P0,SEED_GEOMETRY_REJECT,NO_USABLE_OBJECT_REGION_IN_TARGET_WINDOW,,
contactopt_g_q06_a01_z2_p0,GLOBAL,6,55.0,1,22.5,2,0.5,0,P0,POSE_GENERATED,,0.007877372361262203,1.015799665248561
contactopt_g_q06_a01_z3_p0,GLOBAL,6,55.0,1,22.5,3,0.7,0,P0,POSE_GENERATED,,0.00796514864682209,0.8521276568226213
contactopt_g_q06_a01_z4_p0,GLOBAL,6,55.0,1,22.5,4,0.9,0,P0,POSE_GENERATED,,0.005413324125235849,1.0159535249975336
contactopt_g_q06_a02_z0_p0,GLOBAL,6,55.0,2,45.0,0,0.1,0,P0,POSE_GENERATED,,0.007964745381226325,1.0443826529349796
contactopt_g_q06_a02_z1_p0,GLOBAL,6,55.0,2,45.0,1,0.3,0,P0,POSE_GENERATED,,0.006334994151699836,0.9942542114315336
contactopt_g_q06_a02_z2_p0,GLOBAL,6,55.0,2,45.0,2,0.5,0,P0,POSE_GENERATED,,0.004923020001075986,1.0155788290842085
contactopt_g_q06_a02_z3_p0,GLOBAL,6,55.0,2,45.0,3,0.7,0,P0,POSE_GENERATED,,0.007833702713878284,0.859899200052994
contactopt_g_q06_a02_z4_p0,GLOBAL,6,55.0,2,45.0,4,0.9,0,P0,POSE_GENERATED,,0.005631670048127346,1.015716821840604
contactopt_g_q06_a03_z0_p0,GLOBAL,6,55.0,3,67.5,0,0.1,0,P0,POSE_GENERATED,,0.007980248938693096,1.046022250141798
contactopt_g_q06_a03_z1_p0,GLOBAL,6,55.0,3,67.5,1,0.3,0,P0,POSE_GENERATED,,0.0067450644998141495,0.9794650058010752
contactopt_g_q06_a03_z2_p0,GLOBAL,6,55.0,3,67.5,2,0.5,0,P0,POSE_GENERATED,,0.0074882473212702794,1.0162258099123733
contactopt_g_q06_a03_z3_p0,GLOBAL,6,55.0,3,67.5,3,0.7,0,P0,POSE_GENERATED,,0.008013961959129763,0.8515062839342724
contactopt_g_q06_a03_z4_p0,GLOBAL,6,55.0,3,,4,0.9,0,P0,SEED_GEOMETRY_REJECT,POINT_NORMAL_ALIGNMENT_OPPOSED_NORMAL_FAILED,,
contactopt_g_q06_a04_z0_p0,GLOBAL,6,55.0,4,90.0,0,0.1,0,P0,POSE_GENERATED,,0.008034917084361265,1.1896365509233724
contactopt_g_q06_a04_z1_p0,GLOBAL,6,55.0,4,90.0,1,0.3,0,P0,POSE_GENERATED,,0.005695233912614205,0.9649916460217295
contactopt_g_q06_a04_z2_p0,GLOBAL,6,55.0,4,90.0,2,0.5,0,P0,POSE_GENERATED,,0.005837179066782675,1.0159536437819587
contactopt_g_q06_a04_z3_p0,GLOBAL,6,55.0,4,90.0,3,0.7,0,P0,POSE_GENERATED,,0.00793057026715299,0.86514243506176
contactopt_g_q06_a04_z4_p0,GLOBAL,6,55.0,4,,4,0.9,0,P0,SEED_GEOMETRY_REJECT,POINT_NORMAL_ALIGNMENT_OPPOSED_NORMAL_FAILED,,
contactopt_g_q06_a05_z0_p0,GLOBAL,6,55.0,5,112.5,0,0.1,0,P0,POSE_GENERATED,,0.008035330985053971,1.0440278992116447
contactopt_g_q06_a05_z1_p0,GLOBAL,6,55.0,5,112.5,1,0.3,0,P0,POSE_GENERATED,,0.006615775738063962,1.0301522530669271
contactopt_g_q06_a05_z2_p0,GLOBAL,6,55.0,5,112.5,2,0.5,0,P0,POSE_GENERATED,,0.007877372361262203,1.0157996652485617
contactopt_g_q06_a05_z3_p0,GLOBAL,6,55.0,5,112.5,3,0.7,0,P0,POSE_GENERATED,,0.007852922899022488,0.8598729015715975
contactopt_g_q06_a05_z4_p0,GLOBAL,6,55.0,5,112.5,4,0.9,0,P0,POSE_GENERATED,,0.006071725185825776,1.0155125482958915
contactopt_g_q06_a06_z0_p0,GLOBAL,6,55.0,6,135.0,0,0.1,0,P0,POSE_GENERATED,,0.008069410733267845,0.9350936626263864
contactopt_g_q06_a06_z1_p0,GLOBAL,6,55.0,6,135.0,1,0.3,0,P0,POSE_GENERATED,,0.005648344926756613,0.9744679468578192
contactopt_g_q06_a06_z2_p0,GLOBAL,6,55.0,6,135.0,2,0.5,0,P0,POSE_GENERATED,,0.0056328784560977525,1.016265142892908
contactopt_g_q06_a06_z3_p0,GLOBAL,6,55.0,6,135.0,3,0.7,0,P0,POSE_GENERATED,,0.008092309631885772,0.853464525223497
contactopt_g_q06_a06_z4_p0,GLOBAL,6,55.0,6,135.0,4,0.9,0,P0,POSE_GENERATED,,0.00627136740056408,1.0166982640867273
contactopt_g_q06_a07_z0_p0,GLOBAL,6,55.0,7,157.5,0,0.1,0,P0,POSE_GENERATED,,0.00804057067244671,1.0013999957090969
contactopt_g_q06_a07_z1_p0,GLOBAL,6,55.0,7,157.5,1,0.3,0,P0,POSE_GENERATED,,0.006699774602695351,1.034176170448949
contactopt_g_q06_a07_z2_p0,GLOBAL,6,55.0,7,157.5,2,0.5,0,P0,POSE_GENERATED,,0.007488247321270279,1.016225809912373
contactopt_g_q06_a07_z3_p0,GLOBAL,6,55.0,7,157.5,3,0.7,0,P0,POSE_GENERATED,,0.00772884258268618,0.8560016752660893
contactopt_g_q06_a07_z4_p0,GLOBAL,6,55.0,7,,4,0.9,0,P0,SEED_GEOMETRY_REJECT,POINT_NORMAL_ALIGNMENT_OPPOSED_NORMAL_FAILED,,
contactopt_g_q06_a08_z0_p0,GLOBAL,6,55.0,8,180.0,0,0.1,0,P0,POSE_GENERATED,,0.00806899141803882,0.9877067575538345
contactopt_g_q06_a08_z1_p0,GLOBAL,6,55.0,8,180.0,1,0.3,0,P0,POSE_GENERATED,,0.0054447437924525395,0.9615093724499547
contactopt_g_q06_a08_z2_p0,GLOBAL,6,55.0,8,180.0,2,0.5,0,P0,POSE_GENERATED,,0.00713888830149337,0.9983048020925988
contactopt_g_q06_a08_z3_p0,GLOBAL,6,55.0,8,180.0,3,0.7,0,P0,POSE_GENERATED,,0.007824370918705135,0.8555740264615876
contactopt_g_q06_a08_z4_p0,GLOBAL,6,55.0,8,180.0,4,0.9,0,P0,POSE_GENERATED,,0.005869600951771939,1.0155450849492191
contactopt_g_q06_a09_z0_p0,GLOBAL,6,55.0,9,202.5,0,0.1,0,P0,POSE_GENERATED,,0.007909183618953484,1.0085627143638392
contactopt_g_q06_a09_z1_p0,GLOBAL,6,55.0,9,202.5,1,0.3,0,P0,POSE_GENERATED,,0.00690288514499158,1.0360015369158682
contactopt_g_q06_a09_z2_p0,GLOBAL,6,55.0,9,202.5,2,0.5,0,P0,POSE_GENERATED,,0.008086841493664225,1.0156225675161605
contactopt_g_q06_a09_z3_p0,GLOBAL,6,55.0,9,202.5,3,0.7,0,P0,POSE_GENERATED,,0.007949108346053432,0.8611376370010471
contactopt_g_q06_a09_z4_p0,GLOBAL,6,55.0,9,202.5,4,0.9,0,P0,POSE_GENERATED,,0.005413324125235849,1.0159535249975336
contactopt_g_q06_a10_z0_p0,GLOBAL,6,55.0,10,225.0,0,0.1,0,P0,POSE_GENERATED,,0.00816680778874388,1.0193667295086513
contactopt_g_q06_a10_z1_p0,GLOBAL,6,55.0,10,225.0,1,0.3,0,P0,POSE_GENERATED,,0.006382675348356422,1.0378791158667144
contactopt_g_q06_a10_z2_p0,GLOBAL,6,55.0,10,225.0,2,0.5,0,P0,POSE_GENERATED,,0.004923020001075986,1.0155788290842085
contactopt_g_q06_a10_z3_p0,GLOBAL,6,55.0,10,225.0,3,0.7,0,P0,POSE_GENERATED,,0.00785371258362588,0.8514493688006894
contactopt_g_q06_a10_z4_p0,GLOBAL,6,55.0,10,225.0,4,0.9,0,P0,POSE_GENERATED,,0.005413323836712148,1.0159535369339914
contactopt_g_q06_a11_z0_p0,GLOBAL,6,55.0,11,247.5,0,0.1,0,P0,POSE_GENERATED,,0.00801940930811458,1.023032591546431
contactopt_g_q06_a11_z1_p0,GLOBAL,6,55.0,11,247.5,1,0.3,0,P0,POSE_GENERATED,,0.008090140607860162,1.0487645173082893
contactopt_g_q06_a11_z2_p0,GLOBAL,6,55.0,11,247.5,2,0.5,0,P0,POSE_GENERATED,,0.007260368359941512,1.0159239033991225
contactopt_g_q06_a11_z3_p0,GLOBAL,6,55.0,11,247.5,3,0.7,0,P0,POSE_GENERATED,,0.00802376003972184,0.8472935698279763
contactopt_g_q06_a11_z4_p0,GLOBAL,6,55.0,11,,4,0.9,0,P0,SEED_GEOMETRY_REJECT,POINT_NORMAL_ALIGNMENT_OPPOSED_NORMAL_FAILED,,
contactopt_g_q06_a12_z0_p0,GLOBAL,6,55.0,12,270.0,0,0.1,0,P0,POSE_GENERATED,,0.008025224350644872,1.0086758618099263
contactopt_g_q06_a12_z1_p0,GLOBAL,6,55.0,12,270.0,1,0.3,0,P0,POSE_GENERATED,,0.006620533524439091,1.035969096680555
contactopt_g_q06_a12_z2_p0,GLOBAL,6,55.0,12,270.0,2,0.5,0,P0,POSE_GENERATED,,0.008740309165080508,1.018227000430274
contactopt_g_q06_a12_z3_p0,GLOBAL,6,55.0,12,270.0,3,0.7,0,P0,POSE_GENERATED,,0.007949108450318773,0.8611363930075485
contactopt_g_q06_a12_z4_p0,GLOBAL,6,55.0,12,270.0,4,0.9,0,P0,POSE_GENERATED,,0.005413323356034896,1.015953529241608
contactopt_g_q06_a13_z0_p0,GLOBAL,6,55.0,13,292.5,0,0.1,0,P0,POSE_GENERATED,,0.008033950182500109,1.0220909741485436
contactopt_g_q06_a13_z1_p0,GLOBAL,6,55.0,13,292.5,1,0.3,0,P0,POSE_GENERATED,,0.006904090641422176,1.0360060337054267
contactopt_g_q06_a13_z2_p0,GLOBAL,6,55.0,13,292.5,2,0.5,0,P0,POSE_GENERATED,,0.008086841493664237,1.0156225675161605
contactopt_g_q06_a13_z3_p0,GLOBAL,6,55.0,13,292.5,3,0.7,0,P0,POSE_GENERATED,,0.007834182004166027,0.864166953187821
contactopt_g_q06_a13_z4_p0,GLOBAL,6,55.0,13,292.5,4,0.9,0,P0,POSE_GENERATED,,0.006059335124974633,1.015517055770364
contactopt_g_q06_a14_z0_p0,GLOBAL,6,55.0,14,315.0,0,0.1,0,P0,POSE_GENERATED,,0.008046812431299798,1.0243662534381712
contactopt_g_q06_a14_z1_p0,GLOBAL,6,55.0,14,315.0,1,0.3,0,P0,POSE_GENERATED,,0.0063971656365273645,1.0279373524839928
contactopt_g_q06_a14_z2_p0,GLOBAL,6,55.0,14,315.0,2,0.5,0,P0,POSE_GENERATED,,0.004923020001076004,1.0155788290842085
contactopt_g_q06_a14_z3_p0,GLOBAL,6,55.0,14,315.0,3,0.7,0,P0,POSE_GENERATED,,0.007955854438510797,0.8563660590796076
contactopt_g_q06_a14_z4_p0,GLOBAL,6,55.0,14,315.0,4,0.9,0,P0,POSE_GENERATED,,0.0062819277146969575,1.0164845278013224
contactopt_g_q06_a15_z0_p0,GLOBAL,6,55.0,15,337.5,0,0.1,0,P0,POSE_GENERATED,,0.00813639316780923,1.0420260172393396
contactopt_g_q06_a15_z1_p0,GLOBAL,6,55.0,15,,1,0.3,0,P0,SEED_GEOMETRY_REJECT,NO_USABLE_OBJECT_REGION_IN_TARGET_WINDOW,,
contactopt_g_q06_a15_z2_p0,GLOBAL,6,55.0,15,337.5,2,0.5,0,P0,POSE_GENERATED,,0.006763299097754797,0.9974472136625084
contactopt_g_q06_a15_z3_p0,GLOBAL,6,55.0,15,337.5,3,0.7,0,P0,POSE_GENERATED,,0.00772884258268618,0.8560016752660893
contactopt_g_q06_a15_z4_p0,GLOBAL,6,55.0,15,,4,0.9,0,P0,SEED_GEOMETRY_REJECT,POINT_NORMAL_ALIGNMENT_OPPOSED_NORMAL_FAILED,,
contactopt_g_q07_a00_z0_p0,GLOBAL,7,60.0,0,0.0,0,0.1,0,P0,POSE_GENERATED,,0.006973120326149238,0.7336665745214669
contactopt_g_q07_a00_z1_p0,GLOBAL,7,60.0,0,0.0,1,0.3,0,P0,POSE_GENERATED,,0.007449622987991007,0.7636316489288396
contactopt_g_q07_a00_z2_p0,GLOBAL,7,60.0,0,0.0,2,0.5,0,P0,POSE_GENERATED,,0.006189989792462228,0.5174601852529426
contactopt_g_q07_a00_z3_p0,GLOBAL,7,60.0,0,0.0,3,0.7,0,P0,POSE_GENERATED,,0.00687128010692239,0.5885238872617325
contactopt_g_q07_a00_z4_p0,GLOBAL,7,60.0,0,0.0,4,0.9,0,P0,POSE_GENERATED,,0.005328214373348614,0.8680159785999514
contactopt_g_q07_a01_z0_p0,GLOBAL,7,60.0,1,22.5,0,0.1,0,P0,POSE_GENERATED,,0.006803568569216597,0.8053190611426577
contactopt_g_q07_a01_z1_p0,GLOBAL,7,60.0,1,,1,0.3,0,P0,SEED_GEOMETRY_REJECT,NO_USABLE_OBJECT_REGION_IN_TARGET_WINDOW,,
contactopt_g_q07_a01_z2_p0,GLOBAL,7,60.0,1,22.5,2,0.5,0,P0,POSE_GENERATED,,0.004270794650863031,0.510916903421054
contactopt_g_q07_a01_z3_p0,GLOBAL,7,60.0,1,22.5,3,0.7,0,P0,POSE_GENERATED,,0.007028163921645314,0.5860538233530952
contactopt_g_q07_a01_z4_p0,GLOBAL,7,60.0,1,22.5,4,0.9,0,P0,POSE_GENERATED,,0.0051059226920252,0.8504356727686333
contactopt_g_q07_a02_z0_p0,GLOBAL,7,60.0,2,45.0,0,0.1,0,P0,POSE_GENERATED,,0.006743945243483384,0.7383887391893232
contactopt_g_q07_a02_z1_p0,GLOBAL,7,60.0,2,45.0,1,0.3,0,P0,POSE_GENERATED,,0.0074160879242484165,0.7683932750186849
contactopt_g_q07_a02_z2_p0,GLOBAL,7,60.0,2,45.0,2,0.5,0,P0,POSE_GENERATED,,0.0020737927926287813,0.5710277445698946
contactopt_g_q07_a02_z3_p0,GLOBAL,7,60.0,2,45.0,3,0.7,0,P0,POSE_GENERATED,,0.006877252158428809,0.5861554420616018
contactopt_g_q07_a02_z4_p0,GLOBAL,7,60.0,2,45.0,4,0.9,0,P0,POSE_GENERATED,,0.00524768265065342,0.847801313086094
contactopt_g_q07_a03_z0_p0,GLOBAL,7,60.0,3,67.5,0,0.1,0,P0,POSE_GENERATED,,0.0067480790527615206,0.7611624497668369
contactopt_g_q07_a03_z1_p0,GLOBAL,7,60.0,3,67.5,1,0.3,0,P0,POSE_GENERATED,,0.009658659488933173,0.7549662758951351
contactopt_g_q07_a03_z2_p0,GLOBAL,7,60.0,3,67.5,2,0.5,0,P0,POSE_GENERATED,,0.003279841073493251,0.513103383902499
contactopt_g_q07_a03_z3_p0,GLOBAL,7,60.0,3,67.5,3,0.7,0,P0,POSE_GENERATED,,0.00702932644771469,0.5943111546283575
contactopt_g_q07_a03_z4_p0,GLOBAL,7,60.0,3,67.5,4,0.9,0,P0,POSE_GENERATED,,0.005324513925075437,0.8649136487113043
contactopt_g_q07_a04_z0_p0,GLOBAL,7,60.0,4,90.0,0,0.1,0,P0,POSE_GENERATED,,0.007063167433314099,0.7467809681903861
contactopt_g_q07_a04_z1_p0,GLOBAL,7,60.0,4,90.0,1,0.3,0,P0,POSE_GENERATED,,0.00888084366280502,0.7353496890616917
contactopt_g_q07_a04_z2_p0,GLOBAL,7,60.0,4,90.0,2,0.5,0,P0,POSE_GENERATED,,0.0024000924923275953,0.5824361308424657
contactopt_g_q07_a04_z3_p0,GLOBAL,7,60.0,4,90.0,3,0.7,0,P0,POSE_GENERATED,,0.007028725476046222,0.5908889312513491
contactopt_g_q07_a04_z4_p0,GLOBAL,7,60.0,4,,4,0.9,0,P0,SEED_GEOMETRY_REJECT,POINT_NORMAL_ALIGNMENT_OPPOSED_NORMAL_FAILED,,
contactopt_g_q07_a05_z0_p0,GLOBAL,7,60.0,5,112.5,0,0.1,0,P0,POSE_GENERATED,,0.006583843018505693,0.7533917844839488
contactopt_g_q07_a05_z1_p0,GLOBAL,7,60.0,5,112.5,1,0.3,0,P0,POSE_GENERATED,,0.00951446886958502,0.7541236980863683
contactopt_g_q07_a05_z2_p0,GLOBAL,7,60.0,5,112.5,2,0.5,0,P0,POSE_GENERATED,,0.0038635264598340766,0.5160211883568762
contactopt_g_q07_a05_z3_p0,GLOBAL,7,60.0,5,112.5,3,0.7,0,P0,POSE_GENERATED,,0.007047769549828138,0.5953980674900053
contactopt_g_q07_a05_z4_p0,GLOBAL,7,60.0,5,,4,0.9,0,P0,SEED_GEOMETRY_REJECT,POINT_NORMAL_ALIGNMENT_OPPOSED_NORMAL_FAILED,,
contactopt_g_q07_a06_z0_p0,GLOBAL,7,60.0,6,135.0,0,0.1,0,P0,POSE_GENERATED,,0.007017480834623359,1.2326726740289877
contactopt_g_q07_a06_z1_p0,GLOBAL,7,60.0,6,135.0,1,0.3,0,P0,POSE_GENERATED,,0.008472628865467747,0.742900311879909
contactopt_g_q07_a06_z2_p0,GLOBAL,7,60.0,6,135.0,2,0.5,0,P0,POSE_GENERATED,,0.005969854082577697,0.5233385169902215
contactopt_g_q07_a06_z3_p0,GLOBAL,7,60.0,6,135.0,3,0.7,0,P0,POSE_GENERATED,,0.007049617411134291,0.5864560418496283
contactopt_g_q07_a06_z4_p0,GLOBAL,7,60.0,6,135.0,4,0.9,0,P0,POSE_GENERATED,,0.005324696985861977,0.8589408581228087
contactopt_g_q07_a07_z0_p0,GLOBAL,7,60.0,7,157.5,0,0.1,0,P0,POSE_GENERATED,,0.0067469848543683375,0.7699893089129212
contactopt_g_q07_a07_z1_p0,GLOBAL,7,60.0,7,157.5,1,0.3,0,P0,POSE_GENERATED,,0.009652803690112663,0.753435970189315
contactopt_g_q07_a07_z2_p0,GLOBAL,7,60.0,7,157.5,2,0.5,0,P0,POSE_GENERATED,,0.003951934397311117,0.539210042851384
contactopt_g_q07_a07_z3_p0,GLOBAL,7,60.0,7,157.5,3,0.7,0,P0,POSE_GENERATED,,0.0070319068507774495,0.5957277690941528
contactopt_g_q07_a07_z4_p0,GLOBAL,7,60.0,7,,4,0.9,0,P0,SEED_GEOMETRY_REJECT,POINT_NORMAL_ALIGNMENT_OPPOSED_NORMAL_FAILED,,
contactopt_g_q07_a08_z0_p0,GLOBAL,7,60.0,8,180.0,0,0.1,0,P0,POSE_GENERATED,,0.007200835479665813,0.8038286351426581
contactopt_g_q07_a08_z1_p0,GLOBAL,7,60.0,8,180.0,1,0.3,0,P0,POSE_GENERATED,,0.008281274012265048,0.742257392089775
contactopt_g_q07_a08_z2_p0,GLOBAL,7,60.0,8,180.0,2,0.5,0,P0,POSE_GENERATED,,0.006350864117415573,0.5178831366055345
contactopt_g_q07_a08_z3_p0,GLOBAL,7,60.0,8,180.0,3,0.7,0,P0,POSE_GENERATED,,0.006857258711668357,0.5849875283556136
contactopt_g_q07_a08_z4_p0,GLOBAL,7,60.0,8,180.0,4,0.9,0,P0,POSE_GENERATED,,0.0053344522507222224,0.8618027443755478
contactopt_g_q07_a09_z0_p0,GLOBAL,7,60.0,9,202.5,0,0.1,0,P0,POSE_GENERATED,,0.006818641361838822,0.8943326563022274
contactopt_g_q07_a09_z1_p0,GLOBAL,7,60.0,9,202.5,1,0.3,0,P0,POSE_GENERATED,,0.009766335565272634,0.751421307475446
contactopt_g_q07_a09_z2_p0,GLOBAL,7,60.0,9,202.5,2,0.5,0,P0,POSE_GENERATED,,0.003928574441985525,0.5188576534350473
contactopt_g_q07_a09_z3_p0,GLOBAL,7,60.0,9,202.5,3,0.7,0,P0,POSE_GENERATED,,0.007031071740333256,0.5849828340768811
contactopt_g_q07_a09_z4_p0,GLOBAL,7,60.0,9,202.5,4,0.9,0,P0,POSE_GENERATED,,0.0051059226920252,0.8504356727686333
contactopt_g_q07_a10_z0_p0,GLOBAL,7,60.0,10,225.0,0,0.1,0,P0,POSE_GENERATED,,0.00670560752011558,0.7504870792395809
contactopt_g_q07_a10_z1_p0,GLOBAL,7,60.0,10,225.0,1,0.3,0,P0,POSE_GENERATED,,0.009125512257025131,0.7755579893309548
contactopt_g_q07_a10_z2_p0,GLOBAL,7,60.0,10,225.0,2,0.5,0,P0,POSE_GENERATED,,0.004141163081522277,0.5257049892963035
contactopt_g_q07_a10_z3_p0,GLOBAL,7,60.0,10,225.0,3,0.7,0,P0,POSE_GENERATED,,0.007026944473941661,0.5938006638702115
contactopt_g_q07_a10_z4_p0,GLOBAL,7,60.0,10,225.0,4,0.9,0,P0,POSE_GENERATED,,0.00524768265065342,0.847801313086094
contactopt_g_q07_a11_z0_p0,GLOBAL,7,60.0,11,247.5,0,0.1,0,P0,POSE_GENERATED,,0.0067373575729398295,0.7747478934598931
contactopt_g_q07_a11_z1_p0,GLOBAL,7,60.0,11,247.5,1,0.3,0,P0,POSE_GENERATED,,0.009798981607678012,0.7509454081931918
contactopt_g_q07_a11_z2_p0,GLOBAL,7,60.0,11,247.5,2,0.5,0,P0,POSE_GENERATED,,0.003314660902984317,0.511100465559367
contactopt_g_q07_a11_z3_p0,GLOBAL,7,60.0,11,247.5,3,0.7,0,P0,POSE_GENERATED,,0.007026497220160358,0.5901009407147422
contactopt_g_q07_a11_z4_p0,GLOBAL,7,60.0,11,247.5,4,0.9,0,P0,POSE_GENERATED,,0.00532821394708208,0.8680158742897767
contactopt_g_q07_a12_z0_p0,GLOBAL,7,60.0,12,270.0,0,0.1,0,P0,POSE_GENERATED,,0.006812932008269146,0.7519688375866357
contactopt_g_q07_a12_z1_p0,GLOBAL,7,60.0,12,270.0,1,0.3,0,P0,POSE_GENERATED,,0.009566476214108693,0.7558857243241965
contactopt_g_q07_a12_z2_p0,GLOBAL,7,60.0,12,270.0,2,0.5,0,P0,POSE_GENERATED,,0.004029374042545114,0.51615359703768
contactopt_g_q07_a12_z3_p0,GLOBAL,7,60.0,12,270.0,3,0.7,0,P0,POSE_GENERATED,,0.007031071781624257,0.584982172667172
contactopt_g_q07_a12_z4_p0,GLOBAL,7,60.0,12,270.0,4,0.9,0,P0,POSE_GENERATED,,0.0051059224448930995,0.850435777820896
contactopt_g_q07_a13_z0_p0,GLOBAL,7,60.0,13,292.5,0,0.1,0,P0,POSE_GENERATED,,0.0069609592547818224,0.7531846685168901
contactopt_g_q07_a13_z1_p0,GLOBAL,7,60.0,13,292.5,1,0.3,0,P0,POSE_GENERATED,,0.010355618406111312,0.7433977290590363
contactopt_g_q07_a13_z2_p0,GLOBAL,7,60.0,13,292.5,2,0.5,0,P0,POSE_GENERATED,,0.003928574441985522,0.5188576534350477
contactopt_g_q07_a13_z3_p0,GLOBAL,7,60.0,13,292.5,3,0.7,0,P0,POSE_GENERATED,,0.007052662951487853,0.59378266150732
contactopt_g_q07_a13_z4_p0,GLOBAL,7,60.0,13,,4,0.9,0,P0,SEED_GEOMETRY_REJECT,POINT_NORMAL_ALIGNMENT_OPPOSED_NORMAL_FAILED,,
contactopt_g_q07_a14_z0_p0,GLOBAL,7,60.0,14,315.0,0,0.1,0,P0,POSE_GENERATED,,0.006645735413336421,0.7625664144711468
contactopt_g_q07_a14_z1_p0,GLOBAL,7,60.0,14,315.0,1,0.3,0,P0,POSE_GENERATED,,0.008034282329316198,0.7617168004214556
contactopt_g_q07_a14_z2_p0,GLOBAL,7,60.0,14,315.0,2,0.5,0,P0,POSE_GENERATED,,0.005970524103235525,0.5202860934685849
contactopt_g_q07_a14_z3_p0,GLOBAL,7,60.0,14,315.0,3,0.7,0,P0,POSE_GENERATED,,0.00705085221031523,0.5866085776374509
contactopt_g_q07_a14_z4_p0,GLOBAL,7,60.0,14,315.0,4,0.9,0,P0,POSE_GENERATED,,0.005324696985861977,0.8589408581228087
contactopt_g_q07_a15_z0_p0,GLOBAL,7,60.0,15,337.5,0,0.1,0,P0,POSE_GENERATED,,0.0069853020805464554,0.925147274398707
contactopt_g_q07_a15_z1_p0,GLOBAL,7,60.0,15,,1,0.3,0,P0,SEED_GEOMETRY_REJECT,NO_USABLE_OBJECT_REGION_IN_TARGET_WINDOW,,
contactopt_g_q07_a15_z2_p0,GLOBAL,7,60.0,15,337.5,2,0.5,0,P0,POSE_GENERATED,,0.004096514737279772,0.5204139526904014
contactopt_g_q07_a15_z3_p0,GLOBAL,7,60.0,15,337.5,3,0.7,0,P0,POSE_GENERATED,,0.007036058244375714,0.5999964150283231
contactopt_g_q07_a15_z4_p0,GLOBAL,7,60.0,15,,4,0.9,0,P0,SEED_GEOMETRY_REJECT,POINT_NORMAL_ALIGNMENT_OPPOSED_NORMAL_FAILED,,
contactopt_g_q08_a00_z0_p0,GLOBAL,8,65.0,0,0.0,0,0.1,0,P0,POSE_GENERATED,,0.000747555260162597,0.861941789520135
contactopt_g_q08_a00_z1_p0,GLOBAL,8,65.0,0,0.0,1,0.3,0,P0,POSE_GENERATED,,0.003435790170858112,0.8707957476318857
contactopt_g_q08_a00_z2_p0,GLOBAL,8,65.0,0,0.0,2,0.5,0,P0,POSE_GENERATED,,0.005975265253094967,0.4887938575012605
contactopt_g_q08_a00_z3_p0,GLOBAL,8,65.0,0,0.0,3,0.7,0,P0,POSE_GENERATED,,0.0012526478254096972,0.7119354019915561
contactopt_g_q08_a00_z4_p0,GLOBAL,8,65.0,0,,4,0.9,0,P0,SEED_GEOMETRY_REJECT,POINT_NORMAL_ALIGNMENT_OPPOSED_NORMAL_FAILED,,
contactopt_g_q08_a01_z0_p0,GLOBAL,8,65.0,1,22.5,0,0.1,0,P0,POSE_GENERATED,,0.000888585723605178,0.8605980238472145
contactopt_g_q08_a01_z1_p0,GLOBAL,8,65.0,1,,1,0.3,0,P0,SEED_GEOMETRY_REJECT,NO_USABLE_OBJECT_REGION_IN_TARGET_WINDOW,,
contactopt_g_q08_a01_z2_p0,GLOBAL,8,65.0,1,22.5,2,0.5,0,P0,POSE_GENERATED,,0.004030367282658305,0.497736260450329
contactopt_g_q08_a01_z3_p0,GLOBAL,8,65.0,1,22.5,3,0.7,0,P0,POSE_GENERATED,,0.00106864744505949,0.7333167773260504
contactopt_g_q08_a01_z4_p0,GLOBAL,8,65.0,1,22.5,4,0.9,0,P0,POSE_GENERATED,,0.005496384053773982,0.8660769694984304
contactopt_g_q08_a02_z0_p0,GLOBAL,8,65.0,2,45.0,0,0.1,0,P0,POSE_GENERATED,,0.001100356478560823,0.8509292306044125
contactopt_g_q08_a02_z1_p0,GLOBAL,8,65.0,2,45.0,1,0.3,0,P0,POSE_GENERATED,,0.0037939940520834462,0.884188628427346
contactopt_g_q08_a02_z2_p0,GLOBAL,8,65.0,2,45.0,2,0.5,0,P0,POSE_GENERATED,,0.0019131095608891585,0.5322738456811907
contactopt_g_q08_a02_z3_p0,GLOBAL,8,65.0,2,45.0,3,0.7,0,P0,POSE_GENERATED,,0.00145022434937216,0.7059907411893132
contactopt_g_q08_a02_z4_p0,GLOBAL,8,65.0,2,45.0,4,0.9,0,P0,POSE_GENERATED,,0.0052533430072561295,0.8556272174539036
contactopt_g_q08_a03_z0_p0,GLOBAL,8,65.0,3,67.5,0,0.1,0,P0,POSE_GENERATED,,0.0010291331336266584,0.8702362585989508
contactopt_g_q08_a03_z1_p0,GLOBAL,8,65.0,3,67.5,1,0.3,0,P0,POSE_GENERATED,,0.003361326714516254,0.8987085202108376
contactopt_g_q08_a03_z2_p0,GLOBAL,8,65.0,3,67.5,2,0.5,0,P0,POSE_GENERATED,,0.0031669751998613643,0.4895169515712218
contactopt_g_q08_a03_z3_p0,GLOBAL,8,65.0,3,67.5,3,0.7,0,P0,POSE_GENERATED,,0.0010011547558835864,0.7293527873640492
contactopt_g_q08_a03_z4_p0,GLOBAL,8,65.0,3,67.5,4,0.9,0,P0,POSE_GENERATED,,0.005044937386492681,0.8736257075487305
contactopt_g_q08_a04_z0_p0,GLOBAL,8,65.0,4,90.0,0,0.1,0,P0,POSE_GENERATED,,0.00096890621712761,0.8800088837153841
contactopt_g_q08_a04_z1_p0,GLOBAL,8,65.0,4,90.0,1,0.3,0,P0,POSE_GENERATED,,0.005428643475593997,0.8635253529010375
contactopt_g_q08_a04_z2_p0,GLOBAL,8,65.0,4,90.0,2,0.5,0,P0,POSE_GENERATED,,0.002226527778382561,0.5411846503360394
contactopt_g_q08_a04_z3_p0,GLOBAL,8,65.0,4,90.0,3,0.7,0,P0,POSE_GENERATED,,0.0010698662556952276,0.7320582213697584
contactopt_g_q08_a04_z4_p0,GLOBAL,8,65.0,4,,4,0.9,0,P0,SEED_GEOMETRY_REJECT,POINT_NORMAL_ALIGNMENT_OPPOSED_NORMAL_FAILED,,
contactopt_g_q08_a05_z0_p0,GLOBAL,8,65.0,5,112.5,0,0.1,0,P0,POSE_GENERATED,,0.0008369839217551894,0.8762559725594742
contactopt_g_q08_a05_z1_p0,GLOBAL,8,65.0,5,112.5,1,0.3,0,P0,POSE_GENERATED,,0.003478607628142111,0.8772161349152114
contactopt_g_q08_a05_z2_p0,GLOBAL,8,65.0,5,112.5,2,0.5,0,P0,POSE_GENERATED,,0.003625302874147614,0.49728653474715356
contactopt_g_q08_a05_z3_p0,GLOBAL,8,65.0,5,112.5,3,0.7,0,P0,POSE_GENERATED,,0.0013773987601873093,0.7109962021914146
contactopt_g_q08_a05_z4_p0,GLOBAL,8,65.0,5,,4,0.9,0,P0,SEED_GEOMETRY_REJECT,POINT_NORMAL_ALIGNMENT_OPPOSED_NORMAL_FAILED,,
contactopt_g_q08_a06_z0_p0,GLOBAL,8,65.0,6,135.0,0,0.1,0,P0,POSE_GENERATED,,0.0010259595947065007,0.8748803398744852
contactopt_g_q08_a06_z1_p0,GLOBAL,8,65.0,6,135.0,1,0.3,0,P0,POSE_GENERATED,,0.005036356887483316,0.8532061011784269
contactopt_g_q08_a06_z2_p0,GLOBAL,8,65.0,6,135.0,2,0.5,0,P0,POSE_GENERATED,,0.0057616746201827815,0.49275579953642884
contactopt_g_q08_a06_z3_p0,GLOBAL,8,65.0,6,135.0,3,0.7,0,P0,POSE_GENERATED,,0.0009190683830591292,0.7303655025481883
contactopt_g_q08_a06_z4_p0,GLOBAL,8,65.0,6,135.0,4,0.9,0,P0,POSE_GENERATED,,0.005453685944006377,0.8543174930152018
contactopt_g_q08_a07_z0_p0,GLOBAL,8,65.0,7,157.5,0,0.1,0,P0,POSE_GENERATED,,0.0010761592008724542,0.8698847440679764
contactopt_g_q08_a07_z1_p0,GLOBAL,8,65.0,7,157.5,1,0.3,0,P0,POSE_GENERATED,,0.00387600663790117,0.8762727599215526
contactopt_g_q08_a07_z2_p0,GLOBAL,8,65.0,7,157.5,2,0.5,0,P0,POSE_GENERATED,,0.0037401617188022743,0.5101247069468645
contactopt_g_q08_a07_z3_p0,GLOBAL,8,65.0,7,157.5,3,0.7,0,P0,POSE_GENERATED,,0.0012366092774321186,0.711956029872181
contactopt_g_q08_a07_z4_p0,GLOBAL,8,65.0,7,,4,0.9,0,P0,SEED_GEOMETRY_REJECT,POINT_NORMAL_ALIGNMENT_OPPOSED_NORMAL_FAILED,,
contactopt_g_q08_a08_z0_p0,GLOBAL,8,65.0,8,180.0,0,0.1,0,P0,POSE_GENERATED,,0.0006792754177864568,0.9299303532020762
contactopt_g_q08_a08_z1_p0,GLOBAL,8,65.0,8,180.0,1,0.3,0,P0,POSE_GENERATED,,0.004222265189877463,0.8905034060186321
contactopt_g_q08_a08_z2_p0,GLOBAL,8,65.0,8,180.0,2,0.5,0,P0,POSE_GENERATED,,0.006144497495181116,0.489140895555231
contactopt_g_q08_a08_z3_p0,GLOBAL,8,65.0,8,180.0,3,0.7,0,P0,POSE_GENERATED,,0.0012719009248832285,0.7056592208595824
contactopt_g_q08_a08_z4_p0,GLOBAL,8,65.0,8,180.0,4,0.9,0,P0,POSE_GENERATED,,0.005453685743408277,0.8629716236011863
contactopt_g_q08_a09_z0_p0,GLOBAL,8,65.0,9,202.5,0,0.1,0,P0,POSE_GENERATED,,0.0009805530513797285,1.0006066412908994
contactopt_g_q08_a09_z1_p0,GLOBAL,8,65.0,9,202.5,1,0.3,0,P0,POSE_GENERATED,,0.004019611432268185,0.8800733779674199
contactopt_g_q08_a09_z2_p0,GLOBAL,8,65.0,9,202.5,2,0.5,0,P0,POSE_GENERATED,,0.004097544837273854,0.49912050811819564
contactopt_g_q08_a09_z3_p0,GLOBAL,8,65.0,9,202.5,3,0.7,0,P0,POSE_GENERATED,,0.0010698660981156528,0.7320573610635492
contactopt_g_q08_a09_z4_p0,GLOBAL,8,65.0,9,202.5,4,0.9,0,P0,POSE_GENERATED,,0.005496384053773982,0.8660769694984304
contactopt_g_q08_a10_z0_p0,GLOBAL,8,65.0,10,225.0,0,0.1,0,P0,POSE_GENERATED,,0.001011939945024762,0.8613965411766302
contactopt_g_q08_a10_z1_p0,GLOBAL,8,65.0,10,225.0,1,0.3,0,P0,POSE_GENERATED,,0.004321077420766854,0.868804314471653
contactopt_g_q08_a10_z2_p0,GLOBAL,8,65.0,10,225.0,2,0.5,0,P0,POSE_GENERATED,,0.003926903836189844,0.5020754353909533
contactopt_g_q08_a10_z3_p0,GLOBAL,8,65.0,10,225.0,3,0.7,0,P0,POSE_GENERATED,,0.001380277489124515,0.7066665408801397
contactopt_g_q08_a10_z4_p0,GLOBAL,8,65.0,10,225.0,4,0.9,0,P0,POSE_GENERATED,,0.0052533430072561295,0.8556272174539036
contactopt_g_q08_a11_z0_p0,GLOBAL,8,65.0,11,247.5,0,0.1,0,P0,POSE_GENERATED,,0.0009702864581896688,0.8787177593906674
contactopt_g_q08_a11_z1_p0,GLOBAL,8,65.0,11,247.5,1,0.3,0,P0,POSE_GENERATED,,0.0038973458166707115,0.8891581886296299
contactopt_g_q08_a11_z2_p0,GLOBAL,8,65.0,11,247.5,2,0.5,0,P0,POSE_GENERATED,,0.003176939858809679,0.48824514836326677
contactopt_g_q08_a11_z3_p0,GLOBAL,8,65.0,11,247.5,3,0.7,0,P0,POSE_GENERATED,,0.0010103897404370307,0.7268602261484706
contactopt_g_q08_a11_z4_p0,GLOBAL,8,65.0,11,247.5,4,0.9,0,P0,POSE_GENERATED,,0.005044937386492681,0.8736257075487305
contactopt_g_q08_a12_z0_p0,GLOBAL,8,65.0,12,270.0,0,0.1,0,P0,POSE_GENERATED,,0.0010664807538351643,0.8854563230555647
contactopt_g_q08_a12_z1_p0,GLOBAL,8,65.0,12,270.0,1,0.3,0,P0,POSE_GENERATED,,0.004217667644189657,0.8894552255532265
contactopt_g_q08_a12_z2_p0,GLOBAL,8,65.0,12,270.0,2,0.5,0,P0,POSE_GENERATED,,0.003789228758288242,0.49715951737066993
contactopt_g_q08_a12_z3_p0,GLOBAL,8,65.0,12,270.0,3,0.7,0,P0,POSE_GENERATED,,0.0010559004343553512,0.7313477665499176
contactopt_g_q08_a12_z4_p0,GLOBAL,8,65.0,12,270.0,4,0.9,0,P0,POSE_GENERATED,,0.0054963836606854045,0.8660767921446114
contactopt_g_q08_a13_z0_p0,GLOBAL,8,65.0,13,292.5,0,0.1,0,P0,POSE_GENERATED,,0.0007796568602235831,0.9325559680189099
contactopt_g_q08_a13_z1_p0,GLOBAL,8,65.0,13,292.5,1,0.3,0,P0,POSE_GENERATED,,0.003968779574120331,0.8783416535040607
contactopt_g_q08_a13_z2_p0,GLOBAL,8,65.0,13,292.5,2,0.5,0,P0,POSE_GENERATED,,0.004097544837273852,0.49912050811819586
contactopt_g_q08_a13_z3_p0,GLOBAL,8,65.0,13,292.5,3,0.7,0,P0,POSE_GENERATED,,0.0013973169459163257,0.7137043843601618
contactopt_g_q08_a13_z4_p0,GLOBAL,8,65.0,13,,4,0.9,0,P0,SEED_GEOMETRY_REJECT,POINT_NORMAL_ALIGNMENT_OPPOSED_NORMAL_FAILED,,
contactopt_g_q08_a14_z0_p0,GLOBAL,8,65.0,14,315.0,0,0.1,0,P0,POSE_GENERATED,,0.0009382140022153489,1.013192720307003
contactopt_g_q08_a14_z1_p0,GLOBAL,8,65.0,14,315.0,1,0.3,0,P0,POSE_GENERATED,,0.0032794977588377766,0.8925930686061404
contactopt_g_q08_a14_z2_p0,GLOBAL,8,65.0,14,315.0,2,0.5,0,P0,POSE_GENERATED,,0.0057572863731245386,0.49097854967706867
contactopt_g_q08_a14_z3_p0,GLOBAL,8,65.0,14,315.0,3,0.7,0,P0,POSE_GENERATED,,0.0010698662108295977,0.7320568528632159
contactopt_g_q08_a14_z4_p0,GLOBAL,8,65.0,14,315.0,4,0.9,0,P0,POSE_GENERATED,,0.005453685944006377,0.8543174930152018
contactopt_g_q08_a15_z0_p0,GLOBAL,8,65.0,15,337.5,0,0.1,0,P0,POSE_GENERATED,,0.0008702062443485654,0.8577960053633453
contactopt_g_q08_a15_z1_p0,GLOBAL,8,65.0,15,,1,0.3,0,P0,SEED_GEOMETRY_REJECT,NO_USABLE_OBJECT_REGION_IN_TARGET_WINDOW,,
contactopt_g_q08_a15_z2_p0,GLOBAL,8,65.0,15,337.5,2,0.5,0,P0,POSE_GENERATED,,0.003881663710625845,0.499163735654139
contactopt_g_q08_a15_z3_p0,GLOBAL,8,65.0,15,337.5,3,0.7,0,P0,POSE_GENERATED,,0.0012892474383815304,0.7198775264414685
contactopt_g_q08_a15_z4_p0,GLOBAL,8,65.0,15,,4,0.9,0,P0,SEED_GEOMETRY_REJECT,POINT_NORMAL_ALIGNMENT_OPPOSED_NORMAL_FAILED,,
contactopt_g_q09_a00_z0_p0,GLOBAL,9,70.0,0,0.0,0,0.1,0,P0,POSE_GENERATED,,0.0008831475319981626,0.8913546590156722
contactopt_g_q09_a00_z1_p0,GLOBAL,9,70.0,0,0.0,1,0.3,0,P0,POSE_GENERATED,,0.0036946330837036223,0.8974853400361126
contactopt_g_q09_a00_z2_p0,GLOBAL,9,70.0,0,0.0,2,0.5,0,P0,POSE_GENERATED,,0.0030338706513860295,1.0159639486711307
contactopt_g_q09_a00_z3_p0,GLOBAL,9,70.0,0,0.0,3,0.7,0,P0,POSE_GENERATED,,0.0014600170412985445,0.7384113253439166
contactopt_g_q09_a00_z4_p0,GLOBAL,9,70.0,0,0.0,4,0.9,0,P0,POSE_GENERATED,,0.005199227587619799,0.8861691692059445
contactopt_g_q09_a01_z0_p0,GLOBAL,9,70.0,1,22.5,0,0.1,0,P0,POSE_GENERATED,,0.001039036830292084,0.8871408036371414
contactopt_g_q09_a01_z1_p0,GLOBAL,9,70.0,1,,1,0.3,0,P0,SEED_GEOMETRY_REJECT,NO_USABLE_OBJECT_REGION_IN_TARGET_WINDOW,,
contactopt_g_q09_a01_z2_p0,GLOBAL,9,70.0,1,22.5,2,0.5,0,P0,POSE_GENERATED,,0.0022852672608619797,1.0377616804819951
contactopt_g_q09_a01_z3_p0,GLOBAL,9,70.0,1,22.5,3,0.7,0,P0,POSE_GENERATED,,0.0009430792965658148,0.7685565201257399
contactopt_g_q09_a01_z4_p0,GLOBAL,9,70.0,1,22.5,4,0.9,0,P0,POSE_GENERATED,,0.005199227440394196,0.8861693294239916
contactopt_g_q09_a02_z0_p0,GLOBAL,9,70.0,2,45.0,0,0.1,0,P0,POSE_GENERATED,,0.0013079892075209783,0.8662832932922617
contactopt_g_q09_a02_z1_p0,GLOBAL,9,70.0,2,45.0,1,0.3,0,P0,POSE_GENERATED,,0.004170121616629478,0.8885162007611966
contactopt_g_q09_a02_z2_p0,GLOBAL,9,70.0,2,45.0,2,0.5,0,P0,POSE_GENERATED,,0.0057243088281089035,1.0204997627589012
contactopt_g_q09_a02_z3_p0,GLOBAL,9,70.0,2,45.0,3,0.7,0,P0,POSE_GENERATED,,0.001566688341604584,0.7397479892713565
contactopt_g_q09_a02_z4_p0,GLOBAL,9,70.0,2,45.0,4,0.9,0,P0,POSE_GENERATED,,0.005199227702508726,0.8861696151231055
contactopt_g_q09_a03_z0_p0,GLOBAL,9,70.0,3,67.5,0,0.1,0,P0,POSE_GENERATED,,0.0011441830268383345,0.8956668952039901
contactopt_g_q09_a03_z1_p0,GLOBAL,9,70.0,3,67.5,1,0.3,0,P0,POSE_GENERATED,,0.0036438115846676535,0.8967294132984668
contactopt_g_q09_a03_z2_p0,GLOBAL,9,70.0,3,67.5,2,0.5,0,P0,POSE_GENERATED,,0.00315055288443329,1.037752309139898
contactopt_g_q09_a03_z3_p0,GLOBAL,9,70.0,3,67.5,3,0.7,0,P0,POSE_GENERATED,,0.0012067077004111247,0.7320070605322204
contactopt_g_q09_a03_z4_p0,GLOBAL,9,70.0,3,,4,0.9,0,P0,SEED_GEOMETRY_REJECT,POINT_NORMAL_ALIGNMENT_OPPOSED_NORMAL_FAILED,,
contactopt_g_q09_a04_z0_p0,GLOBAL,9,70.0,4,90.0,0,0.1,0,P0,POSE_GENERATED,,0.001021426608711432,0.9037681246366627
contactopt_g_q09_a04_z1_p0,GLOBAL,9,70.0,4,90.0,1,0.3,0,P0,POSE_GENERATED,,0.004976748856486462,0.9526590912897105
contactopt_g_q09_a04_z2_p0,GLOBAL,9,70.0,4,90.0,2,0.5,0,P0,POSE_GENERATED,,0.004911492794756306,0.9653765234734919
contactopt_g_q09_a04_z3_p0,GLOBAL,9,70.0,4,90.0,3,0.7,0,P0,POSE_GENERATED,,0.0009688859052517237,0.7647788172720333
contactopt_g_q09_a04_z4_p0,GLOBAL,9,70.0,4,,4,0.9,0,P0,SEED_GEOMETRY_REJECT,POINT_NORMAL_ALIGNMENT_OPPOSED_NORMAL_FAILED,,
contactopt_g_q09_a05_z0_p0,GLOBAL,9,70.0,5,112.5,0,0.1,0,P0,POSE_GENERATED,,0.0011053025112794522,0.8995408603437371
contactopt_g_q09_a05_z1_p0,GLOBAL,9,70.0,5,112.5,1,0.3,0,P0,POSE_GENERATED,,0.0036796722293671673,0.8967043109170502
contactopt_g_q09_a05_z2_p0,GLOBAL,9,70.0,5,112.5,2,0.5,0,P0,POSE_GENERATED,,0.0022852672608619827,1.0377616804819954
contactopt_g_q09_a05_z3_p0,GLOBAL,9,70.0,5,112.5,3,0.7,0,P0,POSE_GENERATED,,0.0012515756098677013,0.746950237742193
contactopt_g_q09_a05_z4_p0,GLOBAL,9,70.0,5,112.5,4,0.9,0,P0,POSE_GENERATED,,0.005199227193013113,0.8861693875835379
contactopt_g_q09_a06_z0_p0,GLOBAL,9,70.0,6,135.0,0,0.1,0,P0,POSE_GENERATED,,0.001168086896011963,0.8961633209415538
contactopt_g_q09_a06_z1_p0,GLOBAL,9,70.0,6,135.0,1,0.3,0,P0,POSE_GENERATED,,0.0032736990424068707,0.9736811294619044
contactopt_g_q09_a06_z2_p0,GLOBAL,9,70.0,6,135.0,2,0.5,0,P0,POSE_GENERATED,,0.004115741070814919,1.0975393477004087
contactopt_g_q09_a06_z3_p0,GLOBAL,9,70.0,6,135.0,3,0.7,0,P0,POSE_GENERATED,,0.0009854934514619254,0.7819739003714605
contactopt_g_q09_a06_z4_p0,GLOBAL,9,70.0,6,,4,0.9,0,P0,SEED_GEOMETRY_REJECT,POINT_NORMAL_ALIGNMENT_OPPOSED_NORMAL_FAILED,,
contactopt_g_q09_a07_z0_p0,GLOBAL,9,70.0,7,157.5,0,0.1,0,P0,POSE_GENERATED,,0.0011091003201772747,0.8941786817295208
contactopt_g_q09_a07_z1_p0,GLOBAL,9,70.0,7,157.5,1,0.3,0,P0,POSE_GENERATED,,0.003084714477395472,0.9128315726275252
contactopt_g_q09_a07_z2_p0,GLOBAL,9,70.0,7,157.5,2,0.5,0,P0,POSE_GENERATED,,0.0031505528844332927,1.037752309139898
contactopt_g_q09_a07_z3_p0,GLOBAL,9,70.0,7,157.5,3,0.7,0,P0,POSE_GENERATED,,0.0012701644783588667,0.741086349351646
contactopt_g_q09_a07_z4_p0,GLOBAL,9,70.0,7,,4,0.9,0,P0,SEED_GEOMETRY_REJECT,POINT_NORMAL_ALIGNMENT_OPPOSED_NORMAL_FAILED,,
contactopt_g_q09_a08_z0_p0,GLOBAL,9,70.0,8,180.0,0,0.1,0,P0,POSE_GENERATED,,0.0007476639607875712,0.9430757649648412
contactopt_g_q09_a08_z1_p0,GLOBAL,9,70.0,8,180.0,1,0.3,0,P0,POSE_GENERATED,,0.004370389479551252,0.8995982068816846
contactopt_g_q09_a08_z2_p0,GLOBAL,9,70.0,8,180.0,2,0.5,0,P0,POSE_GENERATED,,0.002946726516084824,1.0182238508822183
contactopt_g_q09_a08_z3_p0,GLOBAL,9,70.0,8,180.0,3,0.7,0,P0,POSE_GENERATED,,0.0014669654541003717,0.7347953110817738
contactopt_g_q09_a08_z4_p0,GLOBAL,9,70.0,8,,4,0.9,0,P0,SEED_GEOMETRY_REJECT,POINT_NORMAL_ALIGNMENT_OPPOSED_NORMAL_FAILED,,
contactopt_g_q09_a09_z0_p0,GLOBAL,9,70.0,9,202.5,0,0.1,0,P0,POSE_GENERATED,,0.0011311421887351294,1.0124831913292003
contactopt_g_q09_a09_z1_p0,GLOBAL,9,70.0,9,202.5,1,0.3,0,P0,POSE_GENERATED,,0.004169550284262096,0.9166454113381316
contactopt_g_q09_a09_z2_p0,GLOBAL,9,70.0,9,202.5,2,0.5,0,P0,POSE_GENERATED,,0.002869456004055688,1.0177900744644635
contactopt_g_q09_a09_z3_p0,GLOBAL,9,70.0,9,202.5,3,0.7,0,P0,POSE_GENERATED,,0.0009654647904501507,0.7665281571880949
contactopt_g_q09_a09_z4_p0,GLOBAL,9,70.0,9,,4,0.9,0,P0,SEED_GEOMETRY_REJECT,POINT_NORMAL_ALIGNMENT_OPPOSED_NORMAL_FAILED,,
contactopt_g_q09_a10_z0_p0,GLOBAL,9,70.0,10,225.0,0,0.1,0,P0,POSE_GENERATED,,0.0011404201868213217,0.8836141423583176
contactopt_g_q09_a10_z1_p0,GLOBAL,9,70.0,10,225.0,1,0.3,0,P0,POSE_GENERATED,,0.004017679674004473,0.8850648925139892
contactopt_g_q09_a10_z2_p0,GLOBAL,9,70.0,10,225.0,2,0.5,0,P0,POSE_GENERATED,,0.005777324014610587,1.026572411545538
contactopt_g_q09_a10_z3_p0,GLOBAL,9,70.0,10,225.0,3,0.7,0,P0,POSE_GENERATED,,0.0014167303948639102,0.7464241911871254
contactopt_g_q09_a10_z4_p0,GLOBAL,9,70.0,10,225.0,4,0.9,0,P0,POSE_GENERATED,,0.005199227702508726,0.8861696151231055
contactopt_g_q09_a11_z0_p0,GLOBAL,9,70.0,11,247.5,0,0.1,0,P0,POSE_GENERATED,,0.0011459031417812664,0.9024520765927151
contactopt_g_q09_a11_z1_p0,GLOBAL,9,70.0,11,247.5,1,0.3,0,P0,POSE_GENERATED,,0.004073871339304061,0.8889799013199029
contactopt_g_q09_a11_z2_p0,GLOBAL,9,70.0,11,247.5,2,0.5,0,P0,POSE_GENERATED,,0.0030640131713614172,1.0089108959591004
contactopt_g_q09_a11_z3_p0,GLOBAL,9,70.0,11,247.5,3,0.7,0,P0,POSE_GENERATED,,0.0012258151522113482,0.7412790933593575
contactopt_g_q09_a11_z4_p0,GLOBAL,9,70.0,11,,4,0.9,0,P0,SEED_GEOMETRY_REJECT,POINT_NORMAL_ALIGNMENT_OPPOSED_NORMAL_FAILED,,
contactopt_g_q09_a12_z0_p0,GLOBAL,9,70.0,12,270.0,0,0.1,0,P0,POSE_GENERATED,,0.0011995138773755931,0.9089345974047798
contactopt_g_q09_a12_z1_p0,GLOBAL,9,70.0,12,270.0,1,0.3,0,P0,POSE_GENERATED,,0.0043650237780150005,0.8986071749143185
contactopt_g_q09_a12_z2_p0,GLOBAL,9,70.0,12,270.0,2,0.5,0,P0,POSE_GENERATED,,0.005433089811171992,1.1310929774608818
contactopt_g_q09_a12_z3_p0,GLOBAL,9,70.0,12,270.0,3,0.7,0,P0,POSE_GENERATED,,0.0009688859052517237,0.7647788172720333
contactopt_g_q09_a12_z4_p0,GLOBAL,9,70.0,12,,4,0.9,0,P0,SEED_GEOMETRY_REJECT,POINT_NORMAL_ALIGNMENT_OPPOSED_NORMAL_FAILED,,
contactopt_g_q09_a13_z0_p0,GLOBAL,9,70.0,13,292.5,0,0.1,0,P0,POSE_GENERATED,,0.0010384882092149812,0.8748406218094287
contactopt_g_q09_a13_z1_p0,GLOBAL,9,70.0,13,292.5,1,0.3,0,P0,POSE_GENERATED,,0.003984894083465516,0.9135402626710776
contactopt_g_q09_a13_z2_p0,GLOBAL,9,70.0,13,292.5,2,0.5,0,P0,POSE_GENERATED,,0.0020407698153159007,1.0327248103771831
contactopt_g_q09_a13_z3_p0,GLOBAL,9,70.0,13,292.5,3,0.7,0,P0,POSE_GENERATED,,0.0012516910256233724,0.7341006708142781
contactopt_g_q09_a13_z4_p0,GLOBAL,9,70.0,13,292.5,4,0.9,0,P0,POSE_GENERATED,,0.005156061560148882,0.8816270210879964
contactopt_g_q09_a14_z0_p0,GLOBAL,9,70.0,14,315.0,0,0.1,0,P0,POSE_GENERATED,,0.0010565202527640827,1.0257383337803736
contactopt_g_q09_a14_z1_p0,GLOBAL,9,70.0,14,315.0,1,0.3,0,P0,POSE_GENERATED,,0.003979416272217395,0.9107299150498077
contactopt_g_q09_a14_z2_p0,GLOBAL,9,70.0,14,315.0,2,0.5,0,P0,POSE_GENERATED,,0.0030702225734775563,1.0061202200144583
contactopt_g_q09_a14_z3_p0,GLOBAL,9,70.0,14,315.0,3,0.7,0,P0,POSE_GENERATED,,0.00119377355488182,0.7708593359495791
contactopt_g_q09_a14_z4_p0,GLOBAL,9,70.0,14,,4,0.9,0,P0,SEED_GEOMETRY_REJECT,POINT_NORMAL_ALIGNMENT_OPPOSED_NORMAL_FAILED,,
contactopt_g_q09_a15_z0_p0,GLOBAL,9,70.0,15,337.5,0,0.1,0,P0,POSE_GENERATED,,0.0011075111874862531,0.8855995196341645
contactopt_g_q09_a15_z1_p0,GLOBAL,9,70.0,15,,1,0.3,0,P0,SEED_GEOMETRY_REJECT,NO_USABLE_OBJECT_REGION_IN_TARGET_WINDOW,,
contactopt_g_q09_a15_z2_p0,GLOBAL,9,70.0,15,337.5,2,0.5,0,P0,POSE_GENERATED,,0.0025643219246461804,1.0406408671979386
contactopt_g_q09_a15_z3_p0,GLOBAL,9,70.0,15,337.5,3,0.7,0,P0,POSE_GENERATED,,0.0013536199460254304,0.7485236236910405
contactopt_g_q09_a15_z4_p0,GLOBAL,9,70.0,15,,4,0.9,0,P0,SEED_GEOMETRY_REJECT,POINT_NORMAL_ALIGNMENT_OPPOSED_NORMAL_FAILED,,
contactopt_g_q10_a00_z0_p0,GLOBAL,10,75.0,0,0.0,0,0.1,0,P0,POSE_GENERATED,,0.0010709986425884858,0.9402069843631539
contactopt_g_q10_a00_z1_p0,GLOBAL,10,75.0,0,0.0,1,0.3,0,P0,POSE_GENERATED,,0.004291810058596412,1.0790342731419467
contactopt_g_q10_a00_z2_p0,GLOBAL,10,75.0,0,0.0,2,0.5,0,P0,POSE_GENERATED,,0.0033263602766078326,1.0474103422456973
contactopt_g_q10_a00_z3_p0,GLOBAL,10,75.0,0,0.0,3,0.7,0,P0,POSE_GENERATED,,0.0013729042832465994,0.7968395531924262
contactopt_g_q10_a00_z4_p0,GLOBAL,10,75.0,0,,4,0.9,0,P0,SEED_GEOMETRY_REJECT,POINT_NORMAL_ALIGNMENT_OPPOSED_NORMAL_FAILED,,
contactopt_g_q10_a01_z0_p0,GLOBAL,10,75.0,1,22.5,0,0.1,0,P0,POSE_GENERATED,,0.0013495211237409435,0.9097620318619054
contactopt_g_q10_a01_z1_p0,GLOBAL,10,75.0,1,,1,0.3,0,P0,SEED_GEOMETRY_REJECT,NO_USABLE_OBJECT_REGION_IN_TARGET_WINDOW,,
contactopt_g_q10_a01_z2_p0,GLOBAL,10,75.0,1,22.5,2,0.5,0,P0,POSE_GENERATED,,0.0023150071602285644,1.0958005252084888
contactopt_g_q10_a01_z3_p0,GLOBAL,10,75.0,1,22.5,3,0.7,0,P0,POSE_GENERATED,,0.0010697270907122712,0.8159786614744065
contactopt_g_q10_a01_z4_p0,GLOBAL,10,75.0,1,22.5,4,0.9,0,P0,POSE_GENERATED,,0.0037820578210109724,1.0636930459827356
contactopt_g_q10_a02_z0_p0,GLOBAL,10,75.0,2,45.0,0,0.1,0,P0,POSE_GENERATED,,0.0012788075983088398,0.9121760149638334
contactopt_g_q10_a02_z1_p0,GLOBAL,10,75.0,2,45.0,1,0.3,0,P0,POSE_GENERATED,,0.004735676028808312,1.04930234843322
contactopt_g_q10_a02_z2_p0,GLOBAL,10,75.0,2,45.0,2,0.5,0,P0,POSE_GENERATED,,0.006543688930787281,1.0383183776741212
contactopt_g_q10_a02_z3_p0,GLOBAL,10,75.0,2,45.0,3,0.7,0,P0,POSE_GENERATED,,0.001603606072968703,0.7965324049036059
contactopt_g_q10_a02_z4_p0,GLOBAL,10,75.0,2,,4,0.9,0,P0,SEED_GEOMETRY_REJECT,POINT_NORMAL_ALIGNMENT_OPPOSED_NORMAL_FAILED,,
contactopt_g_q10_a03_z0_p0,GLOBAL,10,75.0,3,67.5,0,0.1,0,P0,POSE_GENERATED,,0.0011976913954685408,0.9227571586177323
contactopt_g_q10_a03_z1_p0,GLOBAL,10,75.0,3,67.5,1,0.3,0,P0,POSE_GENERATED,,0.006608979989521798,1.1379442841723666
contactopt_g_q10_a03_z2_p0,GLOBAL,10,75.0,3,67.5,2,0.5,0,P0,POSE_GENERATED,,0.002840918165280655,1.0766831704994506
contactopt_g_q10_a03_z3_p0,GLOBAL,10,75.0,3,67.5,3,0.7,0,P0,POSE_GENERATED,,0.0012443266452483604,0.7894039290492987
contactopt_g_q10_a03_z4_p0,GLOBAL,10,75.0,3,67.5,4,0.9,0,P0,POSE_GENERATED,,0.0031900397161964103,1.0834682619761267
contactopt_g_q10_a04_z0_p0,GLOBAL,10,75.0,4,90.0,0,0.1,0,P0,POSE_GENERATED,,0.0008662991021589117,0.9438821705637706
contactopt_g_q10_a04_z1_p0,GLOBAL,10,75.0,4,90.0,1,0.3,0,P0,POSE_GENERATED,,0.004292033169869346,1.0874018481541716
contactopt_g_q10_a04_z2_p0,GLOBAL,10,75.0,4,90.0,2,0.5,0,P0,POSE_GENERATED,,0.003357485654453671,1.0313991947482932
contactopt_g_q10_a04_z3_p0,GLOBAL,10,75.0,4,90.0,3,0.7,0,P0,POSE_GENERATED,,0.001061410188708919,0.8229805509856113
contactopt_g_q10_a04_z4_p0,GLOBAL,10,75.0,4,,4,0.9,0,P0,SEED_GEOMETRY_REJECT,POINT_NORMAL_ALIGNMENT_OPPOSED_NORMAL_FAILED,,
contactopt_g_q10_a05_z0_p0,GLOBAL,10,75.0,5,112.5,0,0.1,0,P0,POSE_GENERATED,,0.0010271881998587143,0.9411786132760731
contactopt_g_q10_a05_z1_p0,GLOBAL,10,75.0,5,112.5,1,0.3,0,P0,POSE_GENERATED,,0.006736523666355969,1.1447422860150689
contactopt_g_q10_a05_z2_p0,GLOBAL,10,75.0,5,112.5,2,0.5,0,P0,POSE_GENERATED,,0.0023150071602285587,1.0958005252084886
contactopt_g_q10_a05_z3_p0,GLOBAL,10,75.0,5,112.5,3,0.7,0,P0,POSE_GENERATED,,0.001387705468870063,0.8023766386458997
contactopt_g_q10_a05_z4_p0,GLOBAL,10,75.0,5,,4,0.9,0,P0,SEED_GEOMETRY_REJECT,POINT_NORMAL_ALIGNMENT_OPPOSED_NORMAL_FAILED,,
contactopt_g_q10_a06_z0_p0,GLOBAL,10,75.0,6,135.0,0,0.1,0,P0,POSE_GENERATED,,0.0012572357962287019,0.936072213597255
contactopt_g_q10_a06_z1_p0,GLOBAL,10,75.0,6,135.0,1,0.3,0,P0,POSE_GENERATED,,0.004148627231755107,1.0799424363885717
contactopt_g_q10_a06_z2_p0,GLOBAL,10,75.0,6,135.0,2,0.5,0,P0,POSE_GENERATED,,0.003607094974542335,1.0360020942170776
contactopt_g_q10_a06_z3_p0,GLOBAL,10,75.0,6,135.0,3,0.7,0,P0,POSE_GENERATED,,0.001260290650974652,0.7839156894711189
contactopt_g_q10_a06_z4_p0,GLOBAL,10,75.0,6,135.0,4,0.9,0,P0,POSE_GENERATED,,0.0033330123478179175,1.0891964875380808
contactopt_g_q10_a07_z0_p0,GLOBAL,10,75.0,7,157.5,0,0.1,0,P0,POSE_GENERATED,,0.0013591508292621055,0.9316068253197344
contactopt_g_q10_a07_z1_p0,GLOBAL,10,75.0,7,157.5,1,0.3,0,P0,POSE_GENERATED,,0.007760769045158944,1.092239586794199
contactopt_g_q10_a07_z2_p0,GLOBAL,10,75.0,7,157.5,2,0.5,0,P0,POSE_GENERATED,,0.0036196026408428896,1.0366766135630656
contactopt_g_q10_a07_z3_p0,GLOBAL,10,75.0,7,157.5,3,0.7,0,P0,POSE_GENERATED,,0.0014504938281239609,0.8129478041513989
contactopt_g_q10_a07_z4_p0,GLOBAL,10,75.0,7,,4,0.9,0,P0,SEED_GEOMETRY_REJECT,POINT_NORMAL_ALIGNMENT_OPPOSED_NORMAL_FAILED,,
contactopt_g_q10_a08_z0_p0,GLOBAL,10,75.0,8,180.0,0,0.1,0,P0,POSE_GENERATED,,0.0007534006608769722,0.9835513254176932
contactopt_g_q10_a08_z1_p0,GLOBAL,10,75.0,8,180.0,1,0.3,0,P0,POSE_GENERATED,,0.004956694162482742,1.0764127946149034
contactopt_g_q10_a08_z2_p0,GLOBAL,10,75.0,8,180.0,2,0.5,0,P0,POSE_GENERATED,,0.0033787166819137186,1.0496885447449438
contactopt_g_q10_a08_z3_p0,GLOBAL,10,75.0,8,180.0,3,0.7,0,P0,POSE_GENERATED,,0.0013978538013154173,0.7895508017880564
contactopt_g_q10_a08_z4_p0,GLOBAL,10,75.0,8,180.0,4,0.9,0,P0,POSE_GENERATED,,0.0034812632835520166,1.0834603476695641
contactopt_g_q10_a09_z0_p0,GLOBAL,10,75.0,9,202.5,0,0.1,0,P0,POSE_GENERATED,,0.001219679408123002,1.0407561120212392
contactopt_g_q10_a09_z1_p0,GLOBAL,10,75.0,9,202.5,1,0.3,0,P0,POSE_GENERATED,,0.005733488529106096,1.103576468185598
contactopt_g_q10_a09_z2_p0,GLOBAL,10,75.0,9,202.5,2,0.5,0,P0,POSE_GENERATED,,0.0017803143591634957,1.0958094635595585
contactopt_g_q10_a09_z3_p0,GLOBAL,10,75.0,9,202.5,3,0.7,0,P0,POSE_GENERATED,,0.0010611988367065825,0.8265677136655556
contactopt_g_q10_a09_z4_p0,GLOBAL,10,75.0,9,202.5,4,0.9,0,P0,POSE_GENERATED,,0.0037820578210109724,1.0636930459827356
contactopt_g_q10_a10_z0_p0,GLOBAL,10,75.0,10,225.0,0,0.1,0,P0,POSE_GENERATED,,0.001229672149596801,0.9193563879246145
contactopt_g_q10_a10_z1_p0,GLOBAL,10,75.0,10,225.0,1,0.3,0,P0,POSE_GENERATED,,0.004439190962826209,1.0468976215305965
contactopt_g_q10_a10_z2_p0,GLOBAL,10,75.0,10,225.0,2,0.5,0,P0,POSE_GENERATED,,0.006665653201442047,1.058837182579366
contactopt_g_q10_a10_z3_p0,GLOBAL,10,75.0,10,225.0,3,0.7,0,P0,POSE_GENERATED,,0.0013867557051071523,0.8059793276031877
contactopt_g_q10_a10_z4_p0,GLOBAL,10,75.0,10,,4,0.9,0,P0,SEED_GEOMETRY_REJECT,POINT_NORMAL_ALIGNMENT_OPPOSED_NORMAL_FAILED,,
contactopt_g_q10_a11_z0_p0,GLOBAL,10,75.0,11,247.5,0,0.1,0,P0,POSE_GENERATED,,0.001245395181029777,0.9490402628334407
contactopt_g_q10_a11_z1_p0,GLOBAL,10,75.0,11,247.5,1,0.3,0,P0,POSE_GENERATED,,0.006110972685589871,1.0849377942691405
contactopt_g_q10_a11_z2_p0,GLOBAL,10,75.0,11,247.5,2,0.5,0,P0,POSE_GENERATED,,0.0036196026408428887,1.036676613563065
contactopt_g_q10_a11_z3_p0,GLOBAL,10,75.0,11,247.5,3,0.7,0,P0,POSE_GENERATED,,0.0012443266452483604,0.7894039290492987
contactopt_g_q10_a11_z4_p0,GLOBAL,10,75.0,11,247.5,4,0.9,0,P0,POSE_GENERATED,,0.0031900397161964103,1.0834682619761267
contactopt_g_q10_a12_z0_p0,GLOBAL,10,75.0,12,270.0,0,0.1,0,P0,POSE_GENERATED,,0.0013326024346203738,0.9552874273034543
contactopt_g_q10_a12_z1_p0,GLOBAL,10,75.0,12,270.0,1,0.3,0,P0,POSE_GENERATED,,0.004148398348248429,1.077486155196214
contactopt_g_q10_a12_z2_p0,GLOBAL,10,75.0,12,270.0,2,0.5,0,P0,POSE_GENERATED,,0.005645333045322748,1.1712727762148805
contactopt_g_q10_a12_z3_p0,GLOBAL,10,75.0,12,270.0,3,0.7,0,P0,POSE_GENERATED,,0.001061410188708919,0.8229805509856113
contactopt_g_q10_a12_z4_p0,GLOBAL,10,75.0,12,270.0,4,0.9,0,P0,POSE_GENERATED,,0.0036491943946207884,1.0664015731930643
contactopt_g_q10_a13_z0_p0,GLOBAL,10,75.0,13,292.5,0,0.1,0,P0,POSE_GENERATED,,0.0010066498679276816,0.9191113089110682
contactopt_g_q10_a13_z1_p0,GLOBAL,10,75.0,13,292.5,1,0.3,0,P0,POSE_GENERATED,,0.007706579844093713,1.0651124291587157
contactopt_g_q10_a13_z2_p0,GLOBAL,10,75.0,13,292.5,2,0.5,0,P0,POSE_GENERATED,,0.0017803143591634957,1.0958094635595585
contactopt_g_q10_a13_z3_p0,GLOBAL,10,75.0,13,292.5,3,0.7,0,P0,POSE_GENERATED,,0.0013975599395859661,0.8041431670459394
contactopt_g_q10_a13_z4_p0,GLOBAL,10,75.0,13,292.5,4,0.9,0,P0,POSE_GENERATED,,0.0033330125957966505,1.0891961507472763
contactopt_g_q10_a14_z0_p0,GLOBAL,10,75.0,14,315.0,0,0.1,0,P0,POSE_GENERATED,,0.0010587084957673417,1.0404629406405765
contactopt_g_q10_a14_z1_p0,GLOBAL,10,75.0,14,315.0,1,0.3,0,P0,POSE_GENERATED,,0.004009740492283484,1.0783608504590994
contactopt_g_q10_a14_z2_p0,GLOBAL,10,75.0,14,315.0,2,0.5,0,P0,POSE_GENERATED,,0.0036195203548978704,1.0339312666073475
contactopt_g_q10_a14_z3_p0,GLOBAL,10,75.0,14,315.0,3,0.7,0,P0,POSE_GENERATED,,0.0013885399997612122,0.7877652825219661
contactopt_g_q10_a14_z4_p0,GLOBAL,10,75.0,14,315.0,4,0.9,0,P0,POSE_GENERATED,,0.0033377236923210706,1.080723930000214
contactopt_g_q10_a15_z0_p0,GLOBAL,10,75.0,15,337.5,0,0.1,0,P0,POSE_GENERATED,,0.0010641220622933233,0.9161006552198458
contactopt_g_q10_a15_z1_p0,GLOBAL,10,75.0,15,,1,0.3,0,P0,SEED_GEOMETRY_REJECT,NO_USABLE_OBJECT_REGION_IN_TARGET_WINDOW,,
contactopt_g_q10_a15_z2_p0,GLOBAL,10,75.0,15,337.5,2,0.5,0,P0,POSE_GENERATED,,0.003135494836790144,1.0702058648867163
contactopt_g_q10_a15_z3_p0,GLOBAL,10,75.0,15,337.5,3,0.7,0,P0,POSE_GENERATED,,0.0013495690199322834,0.7982091245073576
contactopt_g_q10_a15_z4_p0,GLOBAL,10,75.0,15,,4,0.9,0,P0,SEED_GEOMETRY_REJECT,POINT_NORMAL_ALIGNMENT_OPPOSED_NORMAL_FAILED,,
contactopt_g_q11_a00_z0_p0,GLOBAL,11,82.5,0,0.0,0,0.1,0,P0,POSE_GENERATED,,0.009621661936407188,1.1418629313287936
contactopt_g_q11_a00_z1_p0,GLOBAL,11,82.5,0,0.0,1,0.3,0,P0,POSE_GENERATED,,0.006385845123505154,1.1413600792321252
contactopt_g_q11_a00_z2_p0,GLOBAL,11,82.5,0,0.0,2,0.5,0,P0,POSE_GENERATED,,0.004467521496713268,1.104888786258353
contactopt_g_q11_a00_z3_p0,GLOBAL,11,82.5,0,0.0,3,0.7,0,P0,POSE_GENERATED,,0.00947146928282708,1.0314502819812552
contactopt_g_q11_a00_z4_p0,GLOBAL,11,82.5,0,0.0,4,0.9,0,P0,POSE_GENERATED,,0.004313185936043374,1.1937266578503973
contactopt_g_q11_a01_z0_p0,GLOBAL,11,82.5,1,22.5,0,0.1,0,P0,POSE_GENERATED,,0.00962166163610261,1.1418673692030081
contactopt_g_q11_a01_z1_p0,GLOBAL,11,82.5,1,,1,0.3,0,P0,SEED_GEOMETRY_REJECT,NO_USABLE_OBJECT_REGION_IN_TARGET_WINDOW,,
contactopt_g_q11_a01_z2_p0,GLOBAL,11,82.5,1,22.5,2,0.5,0,P0,POSE_GENERATED,,0.003028927792339374,1.1539453842250398
contactopt_g_q11_a01_z3_p0,GLOBAL,11,82.5,1,22.5,3,0.7,0,P0,POSE_GENERATED,,0.009261938741527484,1.0602661745049602
contactopt_g_q11_a01_z4_p0,GLOBAL,11,82.5,1,22.5,4,0.9,0,P0,POSE_GENERATED,,0.004585252490265324,1.1312073908277451
contactopt_g_q11_a02_z0_p0,GLOBAL,11,82.5,2,45.0,0,0.1,0,P0,POSE_GENERATED,,0.009733995127688022,1.1591915187598836
contactopt_g_q11_a02_z1_p0,GLOBAL,11,82.5,2,45.0,1,0.3,0,P0,POSE_GENERATED,,0.005687184266218861,1.1334453234192658
contactopt_g_q11_a02_z2_p0,GLOBAL,11,82.5,2,45.0,2,0.5,0,P0,POSE_GENERATED,,0.007935106463063005,1.0943473665929881
contactopt_g_q11_a02_z3_p0,GLOBAL,11,82.5,2,45.0,3,0.7,0,P0,POSE_GENERATED,,0.009605151358072012,1.034315691916683
contactopt_g_q11_a02_z4_p0,GLOBAL,11,82.5,2,45.0,4,0.9,0,P0,POSE_GENERATED,,0.004732741021192,1.1373113738009717
contactopt_g_q11_a03_z0_p0,GLOBAL,11,82.5,3,67.5,0,0.1,0,P0,POSE_GENERATED,,0.00951011253169156,1.1494729193839197
contactopt_g_q11_a03_z1_p0,GLOBAL,11,82.5,3,67.5,1,0.3,0,P0,POSE_GENERATED,,0.007985466027510935,1.1977848589961857
contactopt_g_q11_a03_z2_p0,GLOBAL,11,82.5,3,67.5,2,0.5,0,P0,POSE_GENERATED,,0.0028188950956058883,1.1508122103142882
contactopt_g_q11_a03_z3_p0,GLOBAL,11,82.5,3,67.5,3,0.7,0,P0,POSE_GENERATED,,0.009145770220395609,1.0788183224999737
contactopt_g_q11_a03_z4_p0,GLOBAL,11,82.5,3,67.5,4,0.9,0,P0,POSE_GENERATED,,0.00431275914913388,1.1651784220544328
contactopt_g_q11_a04_z0_p0,GLOBAL,11,82.5,4,90.0,0,0.1,0,P0,POSE_GENERATED,,0.009412633853746528,1.1824412862054672
contactopt_g_q11_a04_z1_p0,GLOBAL,11,82.5,4,90.0,1,0.3,0,P0,POSE_GENERATED,,0.00528265813850233,1.1752429670793725
contactopt_g_q11_a04_z2_p0,GLOBAL,11,82.5,4,90.0,2,0.5,0,P0,POSE_GENERATED,,0.004048408258216172,1.0834854000739218
contactopt_g_q11_a04_z3_p0,GLOBAL,11,82.5,4,90.0,3,0.7,0,P0,POSE_GENERATED,,0.009115305835213873,1.0764753709187351
contactopt_g_q11_a04_z4_p0,GLOBAL,11,82.5,4,,4,0.9,0,P0,SEED_GEOMETRY_REJECT,POINT_NORMAL_ALIGNMENT_OPPOSED_NORMAL_FAILED,,
contactopt_g_q11_a05_z0_p0,GLOBAL,11,82.5,5,112.5,0,0.1,0,P0,POSE_GENERATED,,0.00961918895403514,1.153853728773017
contactopt_g_q11_a05_z1_p0,GLOBAL,11,82.5,5,112.5,1,0.3,0,P0,POSE_GENERATED,,0.00811456604471133,1.2052147846485697
contactopt_g_q11_a05_z2_p0,GLOBAL,11,82.5,5,112.5,2,0.5,0,P0,POSE_GENERATED,,0.0030289277923393836,1.1539453842250398
contactopt_g_q11_a05_z3_p0,GLOBAL,11,82.5,5,112.5,3,0.7,0,P0,POSE_GENERATED,,0.009374606699744771,1.0236264134512454
contactopt_g_q11_a05_z4_p0,GLOBAL,11,82.5,5,112.5,4,0.9,0,P0,POSE_GENERATED,,0.004732740775085148,1.1373110739277905
contactopt_g_q11_a06_z0_p0,GLOBAL,11,82.5,6,135.0,0,0.1,0,P0,POSE_GENERATED,,0.00959943740709028,1.1547412448259902
contactopt_g_q11_a06_z1_p0,GLOBAL,11,82.5,6,135.0,1,0.3,0,P0,POSE_GENERATED,,0.005544248085210505,1.1361629543212968
contactopt_g_q11_a06_z2_p0,GLOBAL,11,82.5,6,135.0,2,0.5,0,P0,POSE_GENERATED,,0.004280872260099297,1.0880486955213786
contactopt_g_q11_a06_z3_p0,GLOBAL,11,82.5,6,135.0,3,0.7,0,P0,POSE_GENERATED,,0.009129542364907563,1.0753859373773602
contactopt_g_q11_a06_z4_p0,GLOBAL,11,82.5,6,,4,0.9,0,P0,SEED_GEOMETRY_REJECT,POINT_NORMAL_ALIGNMENT_OPPOSED_NORMAL_FAILED,,
contactopt_g_q11_a07_z0_p0,GLOBAL,11,82.5,7,157.5,0,0.1,0,P0,POSE_GENERATED,,0.00961445540154571,1.1662771545822128
contactopt_g_q11_a07_z1_p0,GLOBAL,11,82.5,7,157.5,1,0.3,0,P0,POSE_GENERATED,,0.008847584742199469,1.1977437563544877
contactopt_g_q11_a07_z2_p0,GLOBAL,11,82.5,7,157.5,2,0.5,0,P0,POSE_GENERATED,,0.0028141162954493353,1.1598576692813143
contactopt_g_q11_a07_z3_p0,GLOBAL,11,82.5,7,157.5,3,0.7,0,P0,POSE_GENERATED,,0.009471468830960339,1.043213239818265
contactopt_g_q11_a07_z4_p0,GLOBAL,11,82.5,7,,4,0.9,0,P0,SEED_GEOMETRY_REJECT,POINT_NORMAL_ALIGNMENT_OPPOSED_NORMAL_FAILED,,
contactopt_g_q11_a08_z0_p0,GLOBAL,11,82.5,8,180.0,0,0.1,0,P0,POSE_GENERATED,,0.009498917693539423,1.1931158514019566
contactopt_g_q11_a08_z1_p0,GLOBAL,11,82.5,8,180.0,1,0.3,0,P0,POSE_GENERATED,,0.005548057048964448,1.1322452074430207
contactopt_g_q11_a08_z2_p0,GLOBAL,11,82.5,8,180.0,2,0.5,0,P0,POSE_GENERATED,,0.004710931985425757,1.1071769300545202
contactopt_g_q11_a08_z3_p0,GLOBAL,11,82.5,8,180.0,3,0.7,0,P0,POSE_GENERATED,,0.009456556123141339,1.0279934175010683
contactopt_g_q11_a08_z4_p0,GLOBAL,11,82.5,8,,4,0.9,0,P0,SEED_GEOMETRY_REJECT,POINT_NORMAL_ALIGNMENT_OPPOSED_NORMAL_FAILED,,
contactopt_g_q11_a09_z0_p0,GLOBAL,11,82.5,9,202.5,0,0.1,0,P0,POSE_GENERATED,,0.009655643890872439,1.239833758424404
contactopt_g_q11_a09_z1_p0,GLOBAL,11,82.5,9,202.5,1,0.3,0,P0,POSE_GENERATED,,0.007118082867545814,1.1672936209467877
contactopt_g_q11_a09_z2_p0,GLOBAL,11,82.5,9,202.5,2,0.5,0,P0,POSE_GENERATED,,0.0026710813448312504,1.1539504351801533
contactopt_g_q11_a09_z3_p0,GLOBAL,11,82.5,9,202.5,3,0.7,0,P0,POSE_GENERATED,,0.009253607125778026,1.0561285844022579
contactopt_g_q11_a09_z4_p0,GLOBAL,11,82.5,9,202.5,4,0.9,0,P0,POSE_GENERATED,,0.0047327411435251635,1.137311561239879
contactopt_g_q11_a10_z0_p0,GLOBAL,11,82.5,10,225.0,0,0.1,0,P0,POSE_GENERATED,,0.009542017487520487,1.1649657002165892
contactopt_g_q11_a10_z1_p0,GLOBAL,11,82.5,10,225.0,1,0.3,0,P0,POSE_GENERATED,,0.005405229296349747,1.1383528546022024
contactopt_g_q11_a10_z2_p0,GLOBAL,11,82.5,10,225.0,2,0.5,0,P0,POSE_GENERATED,,0.004280872260099294,1.0880486955213788
contactopt_g_q11_a10_z3_p0,GLOBAL,11,82.5,10,225.0,3,0.7,0,P0,POSE_GENERATED,,0.009484012053809525,1.0356264688409795
contactopt_g_q11_a10_z4_p0,GLOBAL,11,82.5,10,225.0,4,0.9,0,P0,POSE_GENERATED,,0.0047286324972436525,1.146696473165721
contactopt_g_q11_a11_z0_p0,GLOBAL,11,82.5,11,247.5,0,0.1,0,P0,POSE_GENERATED,,0.009549975115522706,1.1841844657662581
contactopt_g_q11_a11_z1_p0,GLOBAL,11,82.5,11,247.5,1,0.3,0,P0,POSE_GENERATED,,0.00670351721762445,1.1788295234298707
contactopt_g_q11_a11_z2_p0,GLOBAL,11,82.5,11,247.5,2,0.5,0,P0,POSE_GENERATED,,0.002814116295449323,1.1598576692813143
contactopt_g_q11_a11_z3_p0,GLOBAL,11,82.5,11,247.5,3,0.7,0,P0,POSE_GENERATED,,0.009125113221866005,1.0822348920258078
contactopt_g_q11_a11_z4_p0,GLOBAL,11,82.5,11,247.5,4,0.9,0,P0,POSE_GENERATED,,0.00431275914913388,1.1651784220544328
contactopt_g_q11_a12_z0_p0,GLOBAL,11,82.5,12,270.0,0,0.1,0,P0,POSE_GENERATED,,0.009788874831308124,1.2682646552007422
contactopt_g_q11_a12_z1_p0,GLOBAL,11,82.5,12,270.0,1,0.3,0,P0,POSE_GENERATED,,0.006057259811127627,1.1847992763254547
contactopt_g_q11_a12_z2_p0,GLOBAL,11,82.5,12,270.0,2,0.5,0,P0,POSE_GENERATED,,0.0020672521297055773,1.2672863026279448
contactopt_g_q11_a12_z3_p0,GLOBAL,11,82.5,12,270.0,3,0.7,0,P0,POSE_GENERATED,,0.00913730229146582,1.0625439020622949
contactopt_g_q11_a12_z4_p0,GLOBAL,11,82.5,12,270.0,4,0.9,0,P0,POSE_GENERATED,,0.004585396050927029,1.1405671954774608
contactopt_g_q11_a13_z0_p0,GLOBAL,11,82.5,13,292.5,0,0.1,0,P0,POSE_GENERATED,,0.009520175341102484,1.2410526823020174
contactopt_g_q11_a13_z1_p0,GLOBAL,11,82.5,13,292.5,1,0.3,0,P0,POSE_GENERATED,,0.00841806082825071,1.1909078709471643
contactopt_g_q11_a13_z2_p0,GLOBAL,11,82.5,13,292.5,2,0.5,0,P0,POSE_GENERATED,,0.002671081344831266,1.153950435180153
contactopt_g_q11_a13_z3_p0,GLOBAL,11,82.5,13,292.5,3,0.7,0,P0,POSE_GENERATED,,0.00933960054250021,1.0236594448741667
contactopt_g_q11_a13_z4_p0,GLOBAL,11,82.5,13,,4,0.9,0,P0,SEED_GEOMETRY_REJECT,POINT_NORMAL_ALIGNMENT_OPPOSED_NORMAL_FAILED,,
contactopt_g_q11_a14_z0_p0,GLOBAL,11,82.5,14,315.0,0,0.1,0,P0,POSE_GENERATED,,0.009538679024658608,1.1275814671635866
contactopt_g_q11_a14_z1_p0,GLOBAL,11,82.5,14,315.0,1,0.3,0,P0,POSE_GENERATED,,0.005943237218150793,1.158447456453321
contactopt_g_q11_a14_z2_p0,GLOBAL,11,82.5,14,315.0,2,0.5,0,P0,POSE_GENERATED,,0.004324501182939146,1.0865469443727915
contactopt_g_q11_a14_z3_p0,GLOBAL,11,82.5,14,315.0,3,0.7,0,P0,POSE_GENERATED,,0.009245232228098768,1.0689458589118777
contactopt_g_q11_a14_z4_p0,GLOBAL,11,82.5,14,,4,0.9,0,P0,SEED_GEOMETRY_REJECT,POINT_NORMAL_ALIGNMENT_OPPOSED_NORMAL_FAILED,,
contactopt_g_q11_a15_z0_p0,GLOBAL,11,82.5,15,337.5,0,0.1,0,P0,POSE_GENERATED,,0.009500014788830828,1.1540044693532148
contactopt_g_q11_a15_z1_p0,GLOBAL,11,82.5,15,,1,0.3,0,P0,SEED_GEOMETRY_REJECT,NO_USABLE_OBJECT_REGION_IN_TARGET_WINDOW,,
contactopt_g_q11_a15_z2_p0,GLOBAL,11,82.5,15,337.5,2,0.5,0,P0,POSE_GENERATED,,0.002547924502239504,1.1880624519261973
contactopt_g_q11_a15_z3_p0,GLOBAL,11,82.5,15,337.5,3,0.7,0,P0,POSE_GENERATED,,0.009492142783592398,1.039862732501907
contactopt_g_q11_a15_z4_p0,GLOBAL,11,82.5,15,,4,0.9,0,P0,SEED_GEOMETRY_REJECT,POINT_NORMAL_ALIGNMENT_OPPOSED_NORMAL_FAILED,,
contactopt_g_q12_a00_z0_p0,GLOBAL,12,90.0,0,0.0,0,0.1,0,P0,POSE_GENERATED,,0.010728986072818617,1.2277998235184626
contactopt_g_q12_a00_z1_p0,GLOBAL,12,90.0,0,0.0,1,0.3,0,P0,POSE_GENERATED,,0.01896074059621386,1.3099358170726858
contactopt_g_q12_a00_z2_p0,GLOBAL,12,90.0,0,0.0,2,0.5,0,P0,POSE_GENERATED,,0.014357967649383768,1.3378885802337022
contactopt_g_q12_a00_z3_p0,GLOBAL,12,90.0,0,0.0,3,0.7,0,P0,POSE_GENERATED,,0.010651931599690545,1.1400733528575042
contactopt_g_q12_a00_z4_p0,GLOBAL,12,90.0,0,0.0,4,0.9,0,P0,POSE_GENERATED,,0.014440530933629844,1.34868700045776
contactopt_g_q12_a01_z0_p0,GLOBAL,12,90.0,1,22.5,0,0.1,0,P0,POSE_GENERATED,,0.010833031765666539,1.240096445000276
contactopt_g_q12_a01_z1_p0,GLOBAL,12,90.0,1,,1,0.3,0,P0,SEED_GEOMETRY_REJECT,NO_USABLE_OBJECT_REGION_IN_TARGET_WINDOW,,
contactopt_g_q12_a01_z2_p0,GLOBAL,12,90.0,1,22.5,2,0.5,0,P0,POSE_GENERATED,,0.01217913380535891,1.4009026980136563
contactopt_g_q12_a01_z3_p0,GLOBAL,12,90.0,1,22.5,3,0.7,0,P0,POSE_GENERATED,,0.010542021775275585,1.1569884167531268
contactopt_g_q12_a01_z4_p0,GLOBAL,12,90.0,1,22.5,4,0.9,0,P0,POSE_GENERATED,,0.014800896107269661,1.3296634952571085
contactopt_g_q12_a02_z0_p0,GLOBAL,12,90.0,2,45.0,0,0.1,0,P0,POSE_GENERATED,,0.010773686179438153,1.235537741172995
contactopt_g_q12_a02_z1_p0,GLOBAL,12,90.0,2,45.0,1,0.3,0,P0,POSE_GENERATED,,0.0170236882447135,1.3940507556790633
contactopt_g_q12_a02_z2_p0,GLOBAL,12,90.0,2,45.0,2,0.5,0,P0,POSE_GENERATED,,0.013849064177890592,1.2862811314753089
contactopt_g_q12_a02_z3_p0,GLOBAL,12,90.0,2,45.0,3,0.7,0,P0,POSE_GENERATED,,0.0106722329934149,1.1563067362985662
contactopt_g_q12_a02_z4_p0,GLOBAL,12,90.0,2,45.0,4,0.9,0,P0,POSE_GENERATED,,0.014329256173767261,1.34233604605948
contactopt_g_q12_a03_z0_p0,GLOBAL,12,90.0,3,67.5,0,0.1,0,P0,POSE_GENERATED,,0.01093175267421271,1.2286987992161398
contactopt_g_q12_a03_z1_p0,GLOBAL,12,90.0,3,67.5,1,0.3,0,P0,POSE_GENERATED,,0.016283010535392974,1.3419728878583452
contactopt_g_q12_a03_z2_p0,GLOBAL,12,90.0,3,67.5,2,0.5,0,P0,POSE_GENERATED,,0.012393136455415787,1.3781727083483797
contactopt_g_q12_a03_z3_p0,GLOBAL,12,90.0,3,67.5,3,0.7,0,P0,POSE_GENERATED,,0.010446763611366327,1.1368488551917213
contactopt_g_q12_a03_z4_p0,GLOBAL,12,90.0,3,67.5,4,0.9,0,P0,POSE_GENERATED,,0.014440530768069632,1.348687365892151
contactopt_g_q12_a04_z0_p0,GLOBAL,12,90.0,4,90.0,0,0.1,0,P0,POSE_GENERATED,,0.010728448656365916,1.2610979177722614
contactopt_g_q12_a04_z1_p0,GLOBAL,12,90.0,4,90.0,1,0.3,0,P0,POSE_GENERATED,,0.016847513910272623,1.4544082451094995
contactopt_g_q12_a04_z2_p0,GLOBAL,12,90.0,4,90.0,2,0.5,0,P0,POSE_GENERATED,,0.013269221149569667,1.3103053031522875
contactopt_g_q12_a04_z3_p0,GLOBAL,12,90.0,4,90.0,3,0.7,0,P0,POSE_GENERATED,,0.01031498598865643,1.1729173545853386
contactopt_g_q12_a04_z4_p0,GLOBAL,12,90.0,4,,4,0.9,0,P0,SEED_GEOMETRY_REJECT,POINT_NORMAL_ALIGNMENT_OPPOSED_NORMAL_FAILED,,
contactopt_g_q12_a05_z0_p0,GLOBAL,12,90.0,5,112.5,0,0.1,0,P0,POSE_GENERATED,,0.010832557056306704,1.2487368167509372
contactopt_g_q12_a05_z1_p0,GLOBAL,12,90.0,5,112.5,1,0.3,0,P0,POSE_GENERATED,,0.016178579398317593,1.3404691633981
contactopt_g_q12_a05_z2_p0,GLOBAL,12,90.0,5,112.5,2,0.5,0,P0,POSE_GENERATED,,0.012179133805358953,1.4009026980136563
contactopt_g_q12_a05_z3_p0,GLOBAL,12,90.0,5,112.5,3,0.7,0,P0,POSE_GENERATED,,0.010564363260841,1.155731029673988
contactopt_g_q12_a05_z4_p0,GLOBAL,12,90.0,5,112.5,4,0.9,0,P0,POSE_GENERATED,,0.014440530243940484,1.3486872706377686
contactopt_g_q12_a06_z0_p0,GLOBAL,12,90.0,6,135.0,0,0.1,0,P0,POSE_GENERATED,,0.010770058525269166,1.2630012041588357
contactopt_g_q12_a06_z1_p0,GLOBAL,12,90.0,6,135.0,1,0.3,0,P0,POSE_GENERATED,,0.01823061266123084,1.3454786984016338
contactopt_g_q12_a06_z2_p0,GLOBAL,12,90.0,6,135.0,2,0.5,0,P0,POSE_GENERATED,,0.013849064177890608,1.286281131475309
contactopt_g_q12_a06_z3_p0,GLOBAL,12,90.0,6,135.0,3,0.7,0,P0,POSE_GENERATED,,0.010426392504847769,1.13560870113666
contactopt_g_q12_a06_z4_p0,GLOBAL,12,90.0,6,135.0,4,0.9,0,P0,POSE_GENERATED,,0.014440530499102483,1.3486877748583601
contactopt_g_q12_a07_z0_p0,GLOBAL,12,90.0,7,157.5,0,0.1,0,P0,POSE_GENERATED,,0.010924431752197565,1.2212877309631265
contactopt_g_q12_a07_z1_p0,GLOBAL,12,90.0,7,157.5,1,0.3,0,P0,POSE_GENERATED,,0.01620163403561052,1.3396429166203205
contactopt_g_q12_a07_z2_p0,GLOBAL,12,90.0,7,157.5,2,0.5,0,P0,POSE_GENERATED,,0.012496589240893474,1.3842830584818244
contactopt_g_q12_a07_z3_p0,GLOBAL,12,90.0,7,157.5,3,0.7,0,P0,POSE_GENERATED,,0.010549330983144868,1.1694025282079448
contactopt_g_q12_a07_z4_p0,GLOBAL,12,90.0,7,,4,0.9,0,P0,SEED_GEOMETRY_REJECT,POINT_NORMAL_ALIGNMENT_OPPOSED_NORMAL_FAILED,,
contactopt_g_q12_a08_z0_p0,GLOBAL,12,90.0,8,180.0,0,0.1,0,P0,POSE_GENERATED,,0.010636667117483976,1.28052513352234
contactopt_g_q12_a08_z1_p0,GLOBAL,12,90.0,8,180.0,1,0.3,0,P0,POSE_GENERATED,,0.016534916009581017,1.2980290908770606
contactopt_g_q12_a08_z2_p0,GLOBAL,12,90.0,8,180.0,2,0.5,0,P0,POSE_GENERATED,,0.014346636876150069,1.3259406882368105
contactopt_g_q12_a08_z3_p0,GLOBAL,12,90.0,8,180.0,3,0.7,0,P0,POSE_GENERATED,,0.010672146069041847,1.1324352546546939
contactopt_g_q12_a08_z4_p0,GLOBAL,12,90.0,8,180.0,4,0.9,0,P0,POSE_GENERATED,,0.014556292497901463,1.3423341910962303
contactopt_g_q12_a09_z0_p0,GLOBAL,12,90.0,9,202.5,0,0.1,0,P0,POSE_GENERATED,,0.010761029994064166,1.3227427025703835
contactopt_g_q12_a09_z1_p0,GLOBAL,12,90.0,9,202.5,1,0.3,0,P0,POSE_GENERATED,,0.016113434262295827,1.3329841501216673
contactopt_g_q12_a09_z2_p0,GLOBAL,12,90.0,9,202.5,2,0.5,0,P0,POSE_GENERATED,,0.012068409338144946,1.4070434756800687
contactopt_g_q12_a09_z3_p0,GLOBAL,12,90.0,9,202.5,3,0.7,0,P0,POSE_GENERATED,,0.01054809901923857,1.1395846295740744
contactopt_g_q12_a09_z4_p0,GLOBAL,12,90.0,9,202.5,4,0.9,0,P0,POSE_GENERATED,,0.014800896107269661,1.3296634952571085
contactopt_g_q12_a10_z0_p0,GLOBAL,12,90.0,10,225.0,0,0.1,0,P0,POSE_GENERATED,,0.010963033726959417,1.2050730421727973
contactopt_g_q12_a10_z1_p0,GLOBAL,12,90.0,10,225.0,1,0.3,0,P0,POSE_GENERATED,,0.01641998710911401,1.3036860049547072
contactopt_g_q12_a10_z2_p0,GLOBAL,12,90.0,10,225.0,2,0.5,0,P0,POSE_GENERATED,,0.013849064177890592,1.2862811314753089
contactopt_g_q12_a10_z3_p0,GLOBAL,12,90.0,10,225.0,3,0.7,0,P0,POSE_GENERATED,,0.010570020068761924,1.1662304880537817
contactopt_g_q12_a10_z4_p0,GLOBAL,12,90.0,10,225.0,4,0.9,0,P0,POSE_GENERATED,,0.014329256173767261,1.34233604605948
contactopt_g_q12_a11_z0_p0,GLOBAL,12,90.0,11,247.5,0,0.1,0,P0,POSE_GENERATED,,0.010660077856390416,1.2805654579981651
contactopt_g_q12_a11_z1_p0,GLOBAL,12,90.0,11,247.5,1,0.3,0,P0,POSE_GENERATED,,0.01609076035033585,1.3450549965259218
contactopt_g_q12_a11_z2_p0,GLOBAL,12,90.0,11,247.5,2,0.5,0,P0,POSE_GENERATED,,0.014641341460242856,1.2778034318117173
contactopt_g_q12_a11_z3_p0,GLOBAL,12,90.0,11,247.5,3,0.7,0,P0,POSE_GENERATED,,0.01054927971004307,1.1380439312082202
contactopt_g_q12_a11_z4_p0,GLOBAL,12,90.0,11,247.5,4,0.9,0,P0,POSE_GENERATED,,0.014329250515815241,1.331488468727013
contactopt_g_q12_a12_z0_p0,GLOBAL,12,90.0,12,270.0,0,0.1,0,P0,POSE_GENERATED,,0.010885625690550262,1.3617891734710108
contactopt_g_q12_a12_z1_p0,GLOBAL,12,90.0,12,270.0,1,0.3,0,P0,POSE_GENERATED,,0.016293694071764283,1.337400732974311
contactopt_g_q12_a12_z2_p0,GLOBAL,12,90.0,12,270.0,2,0.5,0,P0,POSE_GENERATED,,0.011806343883244254,1.4445775759589807
contactopt_g_q12_a12_z3_p0,GLOBAL,12,90.0,12,270.0,3,0.7,0,P0,POSE_GENERATED,,0.010335351220383423,1.1800819181447488
contactopt_g_q12_a12_z4_p0,GLOBAL,12,90.0,12,270.0,4,0.9,0,P0,POSE_GENERATED,,0.014443799657350187,1.3378304297661985
contactopt_g_q12_a13_z0_p0,GLOBAL,12,90.0,13,292.5,0,0.1,0,P0,POSE_GENERATED,,0.010822075290349085,1.2299779220523945
contactopt_g_q12_a13_z1_p0,GLOBAL,12,90.0,13,292.5,1,0.3,0,P0,POSE_GENERATED,,0.01584211347732656,1.3600533227354976
contactopt_g_q12_a13_z2_p0,GLOBAL,12,90.0,13,292.5,2,0.5,0,P0,POSE_GENERATED,,0.012068409338144948,1.4070434756800687
contactopt_g_q12_a13_z3_p0,GLOBAL,12,90.0,13,292.5,3,0.7,0,P0,POSE_GENERATED,,0.010536448884259256,1.1595172661433306
contactopt_g_q12_a13_z4_p0,GLOBAL,12,90.0,13,292.5,4,0.9,0,P0,POSE_GENERATED,,0.014440530243940484,1.3486872706377686
contactopt_g_q12_a14_z0_p0,GLOBAL,12,90.0,14,315.0,0,0.1,0,P0,POSE_GENERATED,,0.010766952289509689,1.284533321245818
contactopt_g_q12_a14_z1_p0,GLOBAL,12,90.0,14,315.0,1,0.3,0,P0,POSE_GENERATED,,0.01820097747212669,1.343378645104217
contactopt_g_q12_a14_z2_p0,GLOBAL,12,90.0,14,315.0,2,0.5,0,P0,POSE_GENERATED,,0.01381084043333986,1.2656343430535946
contactopt_g_q12_a14_z3_p0,GLOBAL,12,90.0,14,315.0,3,0.7,0,P0,POSE_GENERATED,,0.010663672539154364,1.1329706699507978
contactopt_g_q12_a14_z4_p0,GLOBAL,12,90.0,14,315.0,4,0.9,0,P0,POSE_GENERATED,,0.014329255257946349,1.3423366866130555
contactopt_g_q12_a15_z0_p0,GLOBAL,12,90.0,15,337.5,0,0.1,0,P0,POSE_GENERATED,,0.010616266589592275,1.2529930937318294
contactopt_g_q12_a15_z1_p0,GLOBAL,12,90.0,15,,1,0.3,0,P0,SEED_GEOMETRY_REJECT,NO_USABLE_OBJECT_REGION_IN_TARGET_WINDOW,,
contactopt_g_q12_a15_z2_p0,GLOBAL,12,90.0,15,337.5,2,0.5,0,P0,POSE_GENERATED,,0.012164898954235176,1.3904148880452505
contactopt_g_q12_a15_z3_p0,GLOBAL,12,90.0,15,337.5,3,0.7,0,P0,POSE_GENERATED,,0.010570020421203795,1.1662295517236723
contactopt_g_q12_a15_z4_p0,GLOBAL,12,90.0,15,,4,0.9,0,P0,SEED_GEOMETRY_REJECT,POINT_NORMAL_ALIGNMENT_OPPOSED_NORMAL_FAILED,,
contactopt_d_q00_k00_z0_p0,DENSE,0,45.0,0,347.0,0,0.2,0,P1,POSE_GENERATED,,0.005067814803066778,0.7902604663691581
contactopt_d_q00_k01_z0_p0,DENSE,0,45.0,1,166.0,0,0.2,0,P1,POSE_GENERATED,,0.005135373023628594,0.7520637355374709
contactopt_d_q00_k02_z0_p0,DENSE,0,45.0,2,204.0,0,0.2,0,P1,POSE_GENERATED,,0.005204690787088146,0.7600013374920505
contactopt_d_q00_k03_z0_p0,DENSE,0,45.0,3,232.0,0,0.2,0,P1,POSE_GENERATED,,0.005136053042046081,0.7500401811110827
contactopt_d_q00_k04_z0_p0,DENSE,0,45.0,4,281.0,0,0.2,0,P1,POSE_GENERATED,,0.0049933879161063,0.7809362670363904
contactopt_d_q00_k05_z0_p0,DENSE,0,45.0,5,17.0,0,0.2,0,P1,POSE_GENERATED,,0.005184893035741148,0.7760137100202704
contactopt_d_q00_k06_z0_p0,DENSE,0,45.0,6,52.0,0,0.2,0,P1,POSE_GENERATED,,0.005232165555611699,0.7523570189700705
contactopt_d_q00_k07_z0_p0,DENSE,0,45.0,7,108.0,0,0.2,0,P1,POSE_GENERATED,,0.005136053344013663,0.750040335056536
contactopt_d_q00_k00_z0_p1,DENSE,0,45.0,0,347.0,0,0.2,1,P2,POSE_GENERATED,,0.010651032308749218,1.4892899221431797
contactopt_d_q00_k01_z0_p1,DENSE,0,45.0,1,167.0,0,0.2,1,P2,POSE_GENERATED,,0.01030285886247768,1.454372071503569
contactopt_d_q00_k02_z0_p1,DENSE,0,45.0,2,211.0,0,0.2,1,P2,POSE_GENERATED,,0.010697430219800701,1.4657224945308132
contactopt_d_q00_k03_z0_p1,DENSE,0,45.0,3,281.0,0,0.2,1,P2,POSE_GENERATED,,0.010578322419942433,1.4679515411569468
contactopt_d_q00_k04_z0_p1,DENSE,0,45.0,4,,0,0.2,1,P2,SEED_GEOMETRY_REJECT,POINT_NORMAL_ALIGNMENT_OPPOSED_NORMAL_FAILED,,
contactopt_d_q00_k05_z0_p1,DENSE,0,45.0,5,307.0,0,0.2,1,P2,POSE_GENERATED,,0.010642143799824104,1.4864264018451068
contactopt_d_q00_k06_z0_p1,DENSE,0,45.0,6,239.0,0,0.2,1,P2,POSE_GENERATED,,0.010578322783006782,1.4679516265372006
contactopt_d_q00_k07_z0_p1,DENSE,0,45.0,7,,0,0.2,1,P2,SEED_GEOMETRY_REJECT,POINT_NORMAL_ALIGNMENT_OPPOSED_NORMAL_FAILED,,
contactopt_d_q00_k00_z1_p0,DENSE,0,45.0,0,,1,0.4,0,P1,SEED_GEOMETRY_REJECT,INSUFFICIENT_25_DEG_FEATURE_DIRECTIONS,,
contactopt_d_q00_k01_z1_p0,DENSE,0,45.0,1,,1,0.4,0,P1,SEED_GEOMETRY_REJECT,INSUFFICIENT_25_DEG_FEATURE_DIRECTIONS,,
contactopt_d_q00_k02_z1_p0,DENSE,0,45.0,2,,1,0.4,0,P1,SEED_GEOMETRY_REJECT,INSUFFICIENT_25_DEG_FEATURE_DIRECTIONS,,
contactopt_d_q00_k03_z1_p0,DENSE,0,45.0,3,,1,0.4,0,P1,SEED_GEOMETRY_REJECT,INSUFFICIENT_25_DEG_FEATURE_DIRECTIONS,,
contactopt_d_q00_k04_z1_p0,DENSE,0,45.0,4,,1,0.4,0,P1,SEED_GEOMETRY_REJECT,INSUFFICIENT_25_DEG_FEATURE_DIRECTIONS,,
contactopt_d_q00_k05_z1_p0,DENSE,0,45.0,5,,1,0.4,0,P1,SEED_GEOMETRY_REJECT,INSUFFICIENT_25_DEG_FEATURE_DIRECTIONS,,
contactopt_d_q00_k06_z1_p0,DENSE,0,45.0,6,,1,0.4,0,P1,SEED_GEOMETRY_REJECT,INSUFFICIENT_25_DEG_FEATURE_DIRECTIONS,,
contactopt_d_q00_k07_z1_p0,DENSE,0,45.0,7,,1,0.4,0,P1,SEED_GEOMETRY_REJECT,INSUFFICIENT_25_DEG_FEATURE_DIRECTIONS,,
contactopt_d_q00_k00_z1_p1,DENSE,0,45.0,0,,1,0.4,1,P2,SEED_GEOMETRY_REJECT,INSUFFICIENT_25_DEG_FEATURE_DIRECTIONS,,
contactopt_d_q00_k01_z1_p1,DENSE,0,45.0,1,,1,0.4,1,P2,SEED_GEOMETRY_REJECT,INSUFFICIENT_25_DEG_FEATURE_DIRECTIONS,,
contactopt_d_q00_k02_z1_p1,DENSE,0,45.0,2,,1,0.4,1,P2,SEED_GEOMETRY_REJECT,INSUFFICIENT_25_DEG_FEATURE_DIRECTIONS,,
contactopt_d_q00_k03_z1_p1,DENSE,0,45.0,3,,1,0.4,1,P2,SEED_GEOMETRY_REJECT,INSUFFICIENT_25_DEG_FEATURE_DIRECTIONS,,
contactopt_d_q00_k04_z1_p1,DENSE,0,45.0,4,,1,0.4,1,P2,SEED_GEOMETRY_REJECT,INSUFFICIENT_25_DEG_FEATURE_DIRECTIONS,,
contactopt_d_q00_k05_z1_p1,DENSE,0,45.0,5,,1,0.4,1,P2,SEED_GEOMETRY_REJECT,INSUFFICIENT_25_DEG_FEATURE_DIRECTIONS,,
contactopt_d_q00_k06_z1_p1,DENSE,0,45.0,6,,1,0.4,1,P2,SEED_GEOMETRY_REJECT,INSUFFICIENT_25_DEG_FEATURE_DIRECTIONS,,
contactopt_d_q00_k07_z1_p1,DENSE,0,45.0,7,,1,0.4,1,P2,SEED_GEOMETRY_REJECT,INSUFFICIENT_25_DEG_FEATURE_DIRECTIONS,,
contactopt_d_q00_k00_z2_p0,DENSE,0,45.0,0,15.0,2,0.6,0,P1,POSE_GENERATED,,0.005114653570507449,1.0682509134455214
contactopt_d_q00_k01_z2_p0,DENSE,0,45.0,1,51.0,2,0.6,0,P1,POSE_GENERATED,,0.0051146532617098615,1.06824991651697
contactopt_d_q00_k02_z2_p0,DENSE,0,45.0,2,87.0,2,0.6,0,P1,POSE_GENERATED,,0.005247226234859335,1.0684010917337106
contactopt_d_q00_k03_z2_p0,DENSE,0,45.0,3,123.0,2,0.6,0,P1,POSE_GENERATED,,0.005203545720071073,1.0682710500901744
contactopt_d_q00_k04_z2_p0,DENSE,0,45.0,4,159.0,2,0.6,0,P1,POSE_GENERATED,,0.005178519532835759,1.068516743938535
contactopt_d_q00_k05_z2_p0,DENSE,0,45.0,5,205.0,2,0.6,0,P1,POSE_GENERATED,,0.005247226176385651,1.0684003166169644
contactopt_d_q00_k06_z2_p0,DENSE,0,45.0,6,241.0,2,0.6,0,P1,POSE_GENERATED,,0.005048975869972137,1.0683269601850656
contactopt_d_q00_k07_z2_p0,DENSE,0,45.0,7,267.0,2,0.6,0,P1,POSE_GENERATED,,0.005178519111505655,1.0685199428466452
contactopt_d_q00_k00_z2_p1,DENSE,0,45.0,0,,2,0.6,1,P2,SEED_GEOMETRY_REJECT,POINT_NORMAL_ALIGNMENT_OPPOSED_NORMAL_FAILED,,
contactopt_d_q00_k01_z2_p1,DENSE,0,45.0,1,,2,0.6,1,P2,SEED_GEOMETRY_REJECT,POINT_NORMAL_ALIGNMENT_OPPOSED_NORMAL_FAILED,,
contactopt_d_q00_k02_z2_p1,DENSE,0,45.0,2,,2,0.6,1,P2,SEED_GEOMETRY_REJECT,POINT_NORMAL_ALIGNMENT_OPPOSED_NORMAL_FAILED,,
contactopt_d_q00_k03_z2_p1,DENSE,0,45.0,3,,2,0.6,1,P2,SEED_GEOMETRY_REJECT,POINT_NORMAL_ALIGNMENT_OPPOSED_NORMAL_FAILED,,
contactopt_d_q00_k04_z2_p1,DENSE,0,45.0,4,,2,0.6,1,P2,SEED_GEOMETRY_REJECT,POINT_NORMAL_ALIGNMENT_OPPOSED_NORMAL_FAILED,,
contactopt_d_q00_k05_z2_p1,DENSE,0,45.0,5,,2,0.6,1,P2,SEED_GEOMETRY_REJECT,POINT_NORMAL_ALIGNMENT_OPPOSED_NORMAL_FAILED,,
contactopt_d_q00_k06_z2_p1,DENSE,0,45.0,6,,2,0.6,1,P2,SEED_GEOMETRY_REJECT,POINT_NORMAL_ALIGNMENT_OPPOSED_NORMAL_FAILED,,
contactopt_d_q00_k07_z2_p1,DENSE,0,45.0,7,,2,0.6,1,P2,SEED_GEOMETRY_REJECT,POINT_NORMAL_ALIGNMENT_OPPOSED_NORMAL_FAILED,,
contactopt_d_q00_k00_z3_p0,DENSE,0,45.0,0,126.0,3,0.8,0,P1,POSE_GENERATED,,0.008131627031264542,0.5783627109817226
contactopt_d_q00_k01_z3_p0,DENSE,0,45.0,1,306.0,3,0.8,0,P1,POSE_GENERATED,,0.008131627031264542,0.5783627109817226
contactopt_d_q00_k02_z3_p0,DENSE,0,45.0,2,,3,0.8,0,P1,SEED_GEOMETRY_REJECT,INSUFFICIENT_25_DEG_FEATURE_DIRECTIONS,,
contactopt_d_q00_k03_z3_p0,DENSE,0,45.0,3,,3,0.8,0,P1,SEED_GEOMETRY_REJECT,INSUFFICIENT_25_DEG_FEATURE_DIRECTIONS,,
contactopt_d_q00_k04_z3_p0,DENSE,0,45.0,4,,3,0.8,0,P1,SEED_GEOMETRY_REJECT,INSUFFICIENT_25_DEG_FEATURE_DIRECTIONS,,
contactopt_d_q00_k05_z3_p0,DENSE,0,45.0,5,,3,0.8,0,P1,SEED_GEOMETRY_REJECT,INSUFFICIENT_25_DEG_FEATURE_DIRECTIONS,,
contactopt_d_q00_k06_z3_p0,DENSE,0,45.0,6,,3,0.8,0,P1,SEED_GEOMETRY_REJECT,INSUFFICIENT_25_DEG_FEATURE_DIRECTIONS,,
contactopt_d_q00_k07_z3_p0,DENSE,0,45.0,7,,3,0.8,0,P1,SEED_GEOMETRY_REJECT,INSUFFICIENT_25_DEG_FEATURE_DIRECTIONS,,
contactopt_d_q00_k00_z3_p1,DENSE,0,45.0,0,127.0,3,0.8,1,P2,POSE_GENERATED,,0.00696922762755288,1.3011724203427262
contactopt_d_q00_k01_z3_p1,DENSE,0,45.0,1,307.0,3,0.8,1,P2,POSE_GENERATED,,0.00696922762755288,1.3011724203427262
contactopt_d_q00_k02_z3_p1,DENSE,0,45.0,2,,3,0.8,1,P2,SEED_GEOMETRY_REJECT,INSUFFICIENT_25_DEG_FEATURE_DIRECTIONS,,
contactopt_d_q00_k03_z3_p1,DENSE,0,45.0,3,,3,0.8,1,P2,SEED_GEOMETRY_REJECT,INSUFFICIENT_25_DEG_FEATURE_DIRECTIONS,,
contactopt_d_q00_k04_z3_p1,DENSE,0,45.0,4,,3,0.8,1,P2,SEED_GEOMETRY_REJECT,INSUFFICIENT_25_DEG_FEATURE_DIRECTIONS,,
contactopt_d_q00_k05_z3_p1,DENSE,0,45.0,5,,3,0.8,1,P2,SEED_GEOMETRY_REJECT,INSUFFICIENT_25_DEG_FEATURE_DIRECTIONS,,
contactopt_d_q00_k06_z3_p1,DENSE,0,45.0,6,,3,0.8,1,P2,SEED_GEOMETRY_REJECT,INSUFFICIENT_25_DEG_FEATURE_DIRECTIONS,,
contactopt_d_q00_k07_z3_p1,DENSE,0,45.0,7,,3,0.8,1,P2,SEED_GEOMETRY_REJECT,INSUFFICIENT_25_DEG_FEATURE_DIRECTIONS,,
contactopt_d_q01_k00_z0_p0,DENSE,1,50.0,0,346.0,0,0.2,0,P1,POSE_GENERATED,,0.004501921123149387,0.7841133061319167
contactopt_d_q01_k01_z0_p0,DENSE,1,50.0,1,164.0,0,0.2,0,P1,POSE_GENERATED,,0.00419784086406113,0.690259744999076
contactopt_d_q01_k02_z0_p0,DENSE,1,50.0,2,16.0,0,0.2,0,P1,POSE_GENERATED,,0.004480711813908381,0.7235137839936978
contactopt_d_q01_k03_z0_p0,DENSE,1,50.0,3,50.0,0,0.2,0,P1,POSE_GENERATED,,0.004643719499506205,0.707797269008752
contactopt_d_q01_k04_z0_p0,DENSE,1,50.0,4,106.0,0,0.2,0,P1,POSE_GENERATED,,0.004316452805110454,0.7966874265131444
contactopt_d_q01_k05_z0_p0,DENSE,1,50.0,5,134.0,0,0.2,0,P1,POSE_GENERATED,,0.0046447000963868,0.7011518721927308
contactopt_d_q01_k06_z0_p0,DENSE,1,50.0,6,258.0,0,0.2,0,P1,POSE_GENERATED,,0.004578096052880334,0.7130878862032504
contactopt_d_q01_k07_z0_p0,DENSE,1,50.0,7,306.0,0,0.2,0,P1,POSE_GENERATED,,0.00433056969913643,0.7062957137833329
contactopt_d_q01_k00_z0_p1,DENSE,1,50.0,0,347.0,0,0.2,1,P2,POSE_GENERATED,,0.01047814165429206,1.4828396856326445
contactopt_d_q01_k01_z0_p1,DENSE,1,50.0,1,167.0,0,0.2,1,P2,POSE_GENERATED,,0.01018347469654737,1.4497782830034511
contactopt_d_q01_k02_z0_p1,DENSE,1,50.0,2,211.0,0,0.2,1,P2,POSE_GENERATED,,0.010524422569437699,1.4592731167515398
contactopt_d_q01_k03_z0_p1,DENSE,1,50.0,3,281.0,0,0.2,1,P2,POSE_GENERATED,,0.010405615887356542,1.4615002641859391
contactopt_d_q01_k04_z0_p1,DENSE,1,50.0,4,,0,0.2,1,P2,SEED_GEOMETRY_REJECT,POINT_NORMAL_ALIGNMENT_OPPOSED_NORMAL_FAILED,,
contactopt_d_q01_k05_z0_p1,DENSE,1,50.0,5,307.0,0,0.2,1,P2,POSE_GENERATED,,0.010244765619945114,1.469525872213241
contactopt_d_q01_k06_z0_p1,DENSE,1,50.0,6,239.0,0,0.2,1,P2,POSE_GENERATED,,0.01040561625086417,1.4615003495806989
contactopt_d_q01_k07_z0_p1,DENSE,1,50.0,7,64.0,0,0.2,1,P2,POSE_GENERATED,,0.010373497516828973,1.481837875227131
contactopt_d_q01_k00_z1_p0,DENSE,1,50.0,0,,1,0.4,0,P1,SEED_GEOMETRY_REJECT,INSUFFICIENT_25_DEG_FEATURE_DIRECTIONS,,
contactopt_d_q01_k01_z1_p0,DENSE,1,50.0,1,,1,0.4,0,P1,SEED_GEOMETRY_REJECT,INSUFFICIENT_25_DEG_FEATURE_DIRECTIONS,,
contactopt_d_q01_k02_z1_p0,DENSE,1,50.0,2,,1,0.4,0,P1,SEED_GEOMETRY_REJECT,INSUFFICIENT_25_DEG_FEATURE_DIRECTIONS,,
contactopt_d_q01_k03_z1_p0,DENSE,1,50.0,3,,1,0.4,0,P1,SEED_GEOMETRY_REJECT,INSUFFICIENT_25_DEG_FEATURE_DIRECTIONS,,
contactopt_d_q01_k04_z1_p0,DENSE,1,50.0,4,,1,0.4,0,P1,SEED_GEOMETRY_REJECT,INSUFFICIENT_25_DEG_FEATURE_DIRECTIONS,,
contactopt_d_q01_k05_z1_p0,DENSE,1,50.0,5,,1,0.4,0,P1,SEED_GEOMETRY_REJECT,INSUFFICIENT_25_DEG_FEATURE_DIRECTIONS,,
contactopt_d_q01_k06_z1_p0,DENSE,1,50.0,6,,1,0.4,0,P1,SEED_GEOMETRY_REJECT,INSUFFICIENT_25_DEG_FEATURE_DIRECTIONS,,
contactopt_d_q01_k07_z1_p0,DENSE,1,50.0,7,,1,0.4,0,P1,SEED_GEOMETRY_REJECT,INSUFFICIENT_25_DEG_FEATURE_DIRECTIONS,,
contactopt_d_q01_k00_z1_p1,DENSE,1,50.0,0,,1,0.4,1,P2,SEED_GEOMETRY_REJECT,INSUFFICIENT_25_DEG_FEATURE_DIRECTIONS,,
contactopt_d_q01_k01_z1_p1,DENSE,1,50.0,1,,1,0.4,1,P2,SEED_GEOMETRY_REJECT,INSUFFICIENT_25_DEG_FEATURE_DIRECTIONS,,
contactopt_d_q01_k02_z1_p1,DENSE,1,50.0,2,,1,0.4,1,P2,SEED_GEOMETRY_REJECT,INSUFFICIENT_25_DEG_FEATURE_DIRECTIONS,,
contactopt_d_q01_k03_z1_p1,DENSE,1,50.0,3,,1,0.4,1,P2,SEED_GEOMETRY_REJECT,INSUFFICIENT_25_DEG_FEATURE_DIRECTIONS,,
contactopt_d_q01_k04_z1_p1,DENSE,1,50.0,4,,1,0.4,1,P2,SEED_GEOMETRY_REJECT,INSUFFICIENT_25_DEG_FEATURE_DIRECTIONS,,
contactopt_d_q01_k05_z1_p1,DENSE,1,50.0,5,,1,0.4,1,P2,SEED_GEOMETRY_REJECT,INSUFFICIENT_25_DEG_FEATURE_DIRECTIONS,,
contactopt_d_q01_k06_z1_p1,DENSE,1,50.0,6,,1,0.4,1,P2,SEED_GEOMETRY_REJECT,INSUFFICIENT_25_DEG_FEATURE_DIRECTIONS,,
contactopt_d_q01_k07_z1_p1,DENSE,1,50.0,7,,1,0.4,1,P2,SEED_GEOMETRY_REJECT,INSUFFICIENT_25_DEG_FEATURE_DIRECTIONS,,
contactopt_d_q01_k00_z2_p0,DENSE,1,50.0,0,14.0,2,0.6,0,P1,POSE_GENERATED,,0.004409912027934465,1.0637976468860892
contactopt_d_q01_k01_z2_p0,DENSE,1,50.0,1,50.0,2,0.6,0,P1,POSE_GENERATED,,0.0044099117154724485,1.0637966499614135
contactopt_d_q01_k02_z2_p0,DENSE,1,50.0,2,86.0,2,0.6,0,P1,POSE_GENERATED,,0.004540125859868481,1.0639513306097772
contactopt_d_q01_k03_z2_p0,DENSE,1,50.0,3,122.0,2,0.6,0,P1,POSE_GENERATED,,0.004493545770922116,1.0638198616245624
contactopt_d_q01_k04_z2_p0,DENSE,1,50.0,4,158.0,2,0.6,0,P1,POSE_GENERATED,,0.004469971492618851,1.0640582175162048
contactopt_d_q01_k05_z2_p0,DENSE,1,50.0,5,204.0,2,0.6,0,P1,POSE_GENERATED,,0.0045401258059506715,1.063950555523587
contactopt_d_q01_k06_z2_p0,DENSE,1,50.0,6,240.0,2,0.6,0,P1,POSE_GENERATED,,0.004494100215134941,1.068075843090095
contactopt_d_q01_k07_z2_p0,DENSE,1,50.0,7,266.0,2,0.6,0,P1,POSE_GENERATED,,0.004469971073067484,1.0640614166018054
contactopt_d_q01_k00_z2_p1,DENSE,1,50.0,0,,2,0.6,1,P2,SEED_GEOMETRY_REJECT,POINT_NORMAL_ALIGNMENT_OPPOSED_NORMAL_FAILED,,
contactopt_d_q01_k01_z2_p1,DENSE,1,50.0,1,,2,0.6,1,P2,SEED_GEOMETRY_REJECT,POINT_NORMAL_ALIGNMENT_OPPOSED_NORMAL_FAILED,,
contactopt_d_q01_k02_z2_p1,DENSE,1,50.0,2,,2,0.6,1,P2,SEED_GEOMETRY_REJECT,POINT_NORMAL_ALIGNMENT_OPPOSED_NORMAL_FAILED,,
contactopt_d_q01_k03_z2_p1,DENSE,1,50.0,3,,2,0.6,1,P2,SEED_GEOMETRY_REJECT,POINT_NORMAL_ALIGNMENT_OPPOSED_NORMAL_FAILED,,
contactopt_d_q01_k04_z2_p1,DENSE,1,50.0,4,,2,0.6,1,P2,SEED_GEOMETRY_REJECT,POINT_NORMAL_ALIGNMENT_OPPOSED_NORMAL_FAILED,,
contactopt_d_q01_k05_z2_p1,DENSE,1,50.0,5,,2,0.6,1,P2,SEED_GEOMETRY_REJECT,POINT_NORMAL_ALIGNMENT_OPPOSED_NORMAL_FAILED,,
contactopt_d_q01_k06_z2_p1,DENSE,1,50.0,6,,2,0.6,1,P2,SEED_GEOMETRY_REJECT,POINT_NORMAL_ALIGNMENT_OPPOSED_NORMAL_FAILED,,
contactopt_d_q01_k07_z2_p1,DENSE,1,50.0,7,,2,0.6,1,P2,SEED_GEOMETRY_REJECT,POINT_NORMAL_ALIGNMENT_OPPOSED_NORMAL_FAILED,,
contactopt_d_q01_k00_z3_p0,DENSE,1,50.0,0,42.0,3,0.8,0,P1,POSE_GENERATED,,0.0014875932073216086,0.9493245795499117
contactopt_d_q01_k01_z3_p0,DENSE,1,50.0,1,222.0,3,0.8,0,P1,POSE_GENERATED,,0.0014875935453667515,0.9493245651814776
contactopt_d_q01_k02_z3_p0,DENSE,1,50.0,2,,3,0.8,0,P1,SEED_GEOMETRY_REJECT,INSUFFICIENT_25_DEG_FEATURE_DIRECTIONS,,
contactopt_d_q01_k03_z3_p0,DENSE,1,50.0,3,,3,0.8,0,P1,SEED_GEOMETRY_REJECT,INSUFFICIENT_25_DEG_FEATURE_DIRECTIONS,,
contactopt_d_q01_k04_z3_p0,DENSE,1,50.0,4,,3,0.8,0,P1,SEED_GEOMETRY_REJECT,INSUFFICIENT_25_DEG_FEATURE_DIRECTIONS,,
contactopt_d_q01_k05_z3_p0,DENSE,1,50.0,5,,3,0.8,0,P1,SEED_GEOMETRY_REJECT,INSUFFICIENT_25_DEG_FEATURE_DIRECTIONS,,
contactopt_d_q01_k06_z3_p0,DENSE,1,50.0,6,,3,0.8,0,P1,SEED_GEOMETRY_REJECT,INSUFFICIENT_25_DEG_FEATURE_DIRECTIONS,,
contactopt_d_q01_k07_z3_p0,DENSE,1,50.0,7,,3,0.8,0,P1,SEED_GEOMETRY_REJECT,INSUFFICIENT_25_DEG_FEATURE_DIRECTIONS,,
contactopt_d_q01_k00_z3_p1,DENSE,1,50.0,0,127.0,3,0.8,1,P2,POSE_GENERATED,,0.006796536765081136,1.2338057148931425
contactopt_d_q01_k01_z3_p1,DENSE,1,50.0,1,307.0,3,0.8,1,P2,POSE_GENERATED,,0.006796536765081136,1.2338057148931425
contactopt_d_q01_k02_z3_p1,DENSE,1,50.0,2,,3,0.8,1,P2,SEED_GEOMETRY_REJECT,INSUFFICIENT_25_DEG_FEATURE_DIRECTIONS,,
contactopt_d_q01_k03_z3_p1,DENSE,1,50.0,3,,3,0.8,1,P2,SEED_GEOMETRY_REJECT,INSUFFICIENT_25_DEG_FEATURE_DIRECTIONS,,
contactopt_d_q01_k04_z3_p1,DENSE,1,50.0,4,,3,0.8,1,P2,SEED_GEOMETRY_REJECT,INSUFFICIENT_25_DEG_FEATURE_DIRECTIONS,,
contactopt_d_q01_k05_z3_p1,DENSE,1,50.0,5,,3,0.8,1,P2,SEED_GEOMETRY_REJECT,INSUFFICIENT_25_DEG_FEATURE_DIRECTIONS,,
contactopt_d_q01_k06_z3_p1,DENSE,1,50.0,6,,3,0.8,1,P2,SEED_GEOMETRY_REJECT,INSUFFICIENT_25_DEG_FEATURE_DIRECTIONS,,
contactopt_d_q01_k07_z3_p1,DENSE,1,50.0,7,,3,0.8,1,P2,SEED_GEOMETRY_REJECT,INSUFFICIENT_25_DEG_FEATURE_DIRECTIONS,,
contactopt_d_q02_k00_z0_p0,DENSE,2,55.0,0,218.0,0,0.2,0,P1,POSE_GENERATED,,0.005039818874876781,0.7016597394550816
contactopt_d_q02_k01_z0_p0,DENSE,2,55.0,1,334.0,0,0.2,0,P1,POSE_GENERATED,,0.0050334462998177934,0.6863685500043752
contactopt_d_q02_k02_z0_p0,DENSE,2,55.0,2,88.0,0,0.2,0,P1,POSE_GENERATED,,0.005073084481641503,0.7021047992422621
contactopt_d_q02_k03_z0_p0,DENSE,2,55.0,3,152.0,0,0.2,0,P1,POSE_GENERATED,,0.004915137515989251,0.6921384561345485
contactopt_d_q02_k04_z0_p0,DENSE,2,55.0,4,268.0,0,0.2,0,P1,POSE_GENERATED,,0.005089511568550052,0.6978728187057509
contactopt_d_q02_k05_z0_p0,DENSE,2,55.0,5,38.0,0,0.2,0,P1,POSE_GENERATED,,0.00480550297521724,0.6893593383276809
contactopt_d_q02_k06_z0_p0,DENSE,2,55.0,6,184.0,0,0.2,0,P1,POSE_GENERATED,,0.005039818608337381,0.7016597391849586
contactopt_d_q02_k07_z0_p0,DENSE,2,55.0,7,2.0,0,0.2,0,P1,POSE_GENERATED,,0.004984332749564537,0.6950386033502284
contactopt_d_q02_k00_z0_p1,DENSE,2,55.0,0,347.0,0,0.2,1,P2,POSE_GENERATED,,0.010321755131683463,1.4760036208464278
contactopt_d_q02_k01_z0_p1,DENSE,2,55.0,1,166.0,0,0.2,1,P2,POSE_GENERATED,,0.010323491901707227,1.4513116331781604
contactopt_d_q02_k02_z0_p1,DENSE,2,55.0,2,204.0,0,0.2,1,P2,POSE_GENERATED,,0.010324271670663056,1.453222764068705
contactopt_d_q02_k03_z0_p1,DENSE,2,55.0,3,232.0,0,0.2,1,P2,POSE_GENERATED,,0.01032427144251075,1.4532227722326982
contactopt_d_q02_k04_z0_p1,DENSE,2,55.0,4,281.0,0,0.2,1,P2,POSE_GENERATED,,0.010249422667423774,1.4546630782629237
contactopt_d_q02_k05_z0_p1,DENSE,2,55.0,5,17.0,0,0.2,1,P2,POSE_GENERATED,,0.010266338053586814,1.4355532884197515
contactopt_d_q02_k06_z0_p1,DENSE,2,55.0,6,52.0,0,0.2,1,P2,POSE_GENERATED,,0.01032177321396763,1.472092658069015
contactopt_d_q02_k07_z0_p1,DENSE,2,55.0,7,108.0,0,0.2,1,P2,POSE_GENERATED,,0.010200397496559358,1.4482640093912424
contactopt_d_q02_k00_z1_p0,DENSE,2,55.0,0,,1,0.4,0,P1,SEED_GEOMETRY_REJECT,INSUFFICIENT_25_DEG_FEATURE_DIRECTIONS,,
contactopt_d_q02_k01_z1_p0,DENSE,2,55.0,1,,1,0.4,0,P1,SEED_GEOMETRY_REJECT,INSUFFICIENT_25_DEG_FEATURE_DIRECTIONS,,
contactopt_d_q02_k02_z1_p0,DENSE,2,55.0,2,,1,0.4,0,P1,SEED_GEOMETRY_REJECT,INSUFFICIENT_25_DEG_FEATURE_DIRECTIONS,,
contactopt_d_q02_k03_z1_p0,DENSE,2,55.0,3,,1,0.4,0,P1,SEED_GEOMETRY_REJECT,INSUFFICIENT_25_DEG_FEATURE_DIRECTIONS,,
contactopt_d_q02_k04_z1_p0,DENSE,2,55.0,4,,1,0.4,0,P1,SEED_GEOMETRY_REJECT,INSUFFICIENT_25_DEG_FEATURE_DIRECTIONS,,
contactopt_d_q02_k05_z1_p0,DENSE,2,55.0,5,,1,0.4,0,P1,SEED_GEOMETRY_REJECT,INSUFFICIENT_25_DEG_FEATURE_DIRECTIONS,,
contactopt_d_q02_k06_z1_p0,DENSE,2,55.0,6,,1,0.4,0,P1,SEED_GEOMETRY_REJECT,INSUFFICIENT_25_DEG_FEATURE_DIRECTIONS,,
contactopt_d_q02_k07_z1_p0,DENSE,2,55.0,7,,1,0.4,0,P1,SEED_GEOMETRY_REJECT,INSUFFICIENT_25_DEG_FEATURE_DIRECTIONS,,
contactopt_d_q02_k00_z1_p1,DENSE,2,55.0,0,,1,0.4,1,P2,SEED_GEOMETRY_REJECT,INSUFFICIENT_25_DEG_FEATURE_DIRECTIONS,,
contactopt_d_q02_k01_z1_p1,DENSE,2,55.0,1,,1,0.4,1,P2,SEED_GEOMETRY_REJECT,INSUFFICIENT_25_DEG_FEATURE_DIRECTIONS,,
contactopt_d_q02_k02_z1_p1,DENSE,2,55.0,2,,1,0.4,1,P2,SEED_GEOMETRY_REJECT,INSUFFICIENT_25_DEG_FEATURE_DIRECTIONS,,
contactopt_d_q02_k03_z1_p1,DENSE,2,55.0,3,,1,0.4,1,P2,SEED_GEOMETRY_REJECT,INSUFFICIENT_25_DEG_FEATURE_DIRECTIONS,,
contactopt_d_q02_k04_z1_p1,DENSE,2,55.0,4,,1,0.4,1,P2,SEED_GEOMETRY_REJECT,INSUFFICIENT_25_DEG_FEATURE_DIRECTIONS,,
contactopt_d_q02_k05_z1_p1,DENSE,2,55.0,5,,1,0.4,1,P2,SEED_GEOMETRY_REJECT,INSUFFICIENT_25_DEG_FEATURE_DIRECTIONS,,
contactopt_d_q02_k06_z1_p1,DENSE,2,55.0,6,,1,0.4,1,P2,SEED_GEOMETRY_REJECT,INSUFFICIENT_25_DEG_FEATURE_DIRECTIONS,,
contactopt_d_q02_k07_z1_p1,DENSE,2,55.0,7,,1,0.4,1,P2,SEED_GEOMETRY_REJECT,INSUFFICIENT_25_DEG_FEATURE_DIRECTIONS,,
contactopt_d_q02_k00_z2_p0,DENSE,2,55.0,0,8.0,2,0.6,0,P1,POSE_GENERATED,,0.005349658357276538,1.0562569930231784
contactopt_d_q02_k01_z2_p0,DENSE,2,55.0,1,116.0,2,0.6,0,P1,POSE_GENERATED,,0.005349658141079196,1.0562578329672767
contactopt_d_q02_k02_z2_p0,DENSE,2,55.0,2,152.0,2,0.6,0,P1,POSE_GENERATED,,0.0053451241712412076,1.0560607357049934
contactopt_d_q02_k03_z2_p0,DENSE,2,55.0,3,188.0,2,0.6,0,P1,POSE_GENERATED,,0.005303988570556134,1.0564756450960802
contactopt_d_q02_k04_z2_p0,DENSE,2,55.0,4,224.0,2,0.6,0,P1,POSE_GENERATED,,0.005151422131084863,1.05695320274885
contactopt_d_q02_k05_z2_p0,DENSE,2,55.0,5,296.0,2,0.6,0,P1,POSE_GENERATED,,0.0053039886623816096,1.0564748093727059
contactopt_d_q02_k06_z2_p0,DENSE,2,55.0,6,332.0,2,0.6,0,P1,POSE_GENERATED,,0.0053451241712412076,1.0560607357049934
contactopt_d_q02_k07_z2_p0,DENSE,2,55.0,7,34.0,2,0.6,0,P1,POSE_GENERATED,,0.005151421987477891,1.0569530717142828
contactopt_d_q02_k00_z2_p1,DENSE,2,55.0,0,,2,0.6,1,P2,SEED_GEOMETRY_REJECT,POINT_NORMAL_ALIGNMENT_OPPOSED_NORMAL_FAILED,,
contactopt_d_q02_k01_z2_p1,DENSE,2,55.0,1,,2,0.6,1,P2,SEED_GEOMETRY_REJECT,POINT_NORMAL_ALIGNMENT_OPPOSED_NORMAL_FAILED,,
contactopt_d_q02_k02_z2_p1,DENSE,2,55.0,2,,2,0.6,1,P2,SEED_GEOMETRY_REJECT,POINT_NORMAL_ALIGNMENT_OPPOSED_NORMAL_FAILED,,
contactopt_d_q02_k03_z2_p1,DENSE,2,55.0,3,,2,0.6,1,P2,SEED_GEOMETRY_REJECT,POINT_NORMAL_ALIGNMENT_OPPOSED_NORMAL_FAILED,,
contactopt_d_q02_k04_z2_p1,DENSE,2,55.0,4,,2,0.6,1,P2,SEED_GEOMETRY_REJECT,POINT_NORMAL_ALIGNMENT_OPPOSED_NORMAL_FAILED,,
contactopt_d_q02_k05_z2_p1,DENSE,2,55.0,5,,2,0.6,1,P2,SEED_GEOMETRY_REJECT,POINT_NORMAL_ALIGNMENT_OPPOSED_NORMAL_FAILED,,
contactopt_d_q02_k06_z2_p1,DENSE,2,55.0,6,,2,0.6,1,P2,SEED_GEOMETRY_REJECT,POINT_NORMAL_ALIGNMENT_OPPOSED_NORMAL_FAILED,,
contactopt_d_q02_k07_z2_p1,DENSE,2,55.0,7,,2,0.6,1,P2,SEED_GEOMETRY_REJECT,POINT_NORMAL_ALIGNMENT_OPPOSED_NORMAL_FAILED,,
contactopt_d_q02_k00_z3_p0,DENSE,2,55.0,0,,3,0.8,0,P1,SEED_GEOMETRY_REJECT,INSUFFICIENT_25_DEG_FEATURE_DIRECTIONS,,
contactopt_d_q02_k01_z3_p0,DENSE,2,55.0,1,,3,0.8,0,P1,SEED_GEOMETRY_REJECT,INSUFFICIENT_25_DEG_FEATURE_DIRECTIONS,,
contactopt_d_q02_k02_z3_p0,DENSE,2,55.0,2,,3,0.8,0,P1,SEED_GEOMETRY_REJECT,INSUFFICIENT_25_DEG_FEATURE_DIRECTIONS,,
contactopt_d_q02_k03_z3_p0,DENSE,2,55.0,3,,3,0.8,0,P1,SEED_GEOMETRY_REJECT,INSUFFICIENT_25_DEG_FEATURE_DIRECTIONS,,
contactopt_d_q02_k04_z3_p0,DENSE,2,55.0,4,,3,0.8,0,P1,SEED_GEOMETRY_REJECT,INSUFFICIENT_25_DEG_FEATURE_DIRECTIONS,,
contactopt_d_q02_k05_z3_p0,DENSE,2,55.0,5,,3,0.8,0,P1,SEED_GEOMETRY_REJECT,INSUFFICIENT_25_DEG_FEATURE_DIRECTIONS,,
contactopt_d_q02_k06_z3_p0,DENSE,2,55.0,6,,3,0.8,0,P1,SEED_GEOMETRY_REJECT,INSUFFICIENT_25_DEG_FEATURE_DIRECTIONS,,
contactopt_d_q02_k07_z3_p0,DENSE,2,55.0,7,,3,0.8,0,P1,SEED_GEOMETRY_REJECT,INSUFFICIENT_25_DEG_FEATURE_DIRECTIONS,,
contactopt_d_q02_k00_z3_p1,DENSE,2,55.0,0,126.0,3,0.8,1,P2,POSE_GENERATED,,0.006679713788895935,0.8398689257111892
contactopt_d_q02_k01_z3_p1,DENSE,2,55.0,1,306.0,3,0.8,1,P2,POSE_GENERATED,,0.006679713788895935,0.8398689257111892
contactopt_d_q02_k02_z3_p1,DENSE,2,55.0,2,,3,0.8,1,P2,SEED_GEOMETRY_REJECT,INSUFFICIENT_25_DEG_FEATURE_DIRECTIONS,,
contactopt_d_q02_k03_z3_p1,DENSE,2,55.0,3,,3,0.8,1,P2,SEED_GEOMETRY_REJECT,INSUFFICIENT_25_DEG_FEATURE_DIRECTIONS,,
contactopt_d_q02_k04_z3_p1,DENSE,2,55.0,4,,3,0.8,1,P2,SEED_GEOMETRY_REJECT,INSUFFICIENT_25_DEG_FEATURE_DIRECTIONS,,
contactopt_d_q02_k05_z3_p1,DENSE,2,55.0,5,,3,0.8,1,P2,SEED_GEOMETRY_REJECT,INSUFFICIENT_25_DEG_FEATURE_DIRECTIONS,,
contactopt_d_q02_k06_z3_p1,DENSE,2,55.0,6,,3,0.8,1,P2,SEED_GEOMETRY_REJECT,INSUFFICIENT_25_DEG_FEATURE_DIRECTIONS,,
contactopt_d_q02_k07_z3_p1,DENSE,2,55.0,7,,3,0.8,1,P2,SEED_GEOMETRY_REJECT,INSUFFICIENT_25_DEG_FEATURE_DIRECTIONS,,
contactopt_d_q03_k00_z0_p0,DENSE,3,60.0,0,333.0,0,0.2,0,P1,POSE_GENERATED,,0.004789926212336299,0.6655566099374298
contactopt_d_q03_k01_z0_p0,DENSE,3,60.0,1,152.0,0,0.2,0,P1,POSE_GENERATED,,0.004688296885426352,0.676999309407965
contactopt_d_q03_k02_z0_p0,DENSE,3,60.0,2,24.0,0,0.2,0,P1,POSE_GENERATED,,0.004781807852029135,0.6825313975946284
contactopt_d_q03_k03_z0_p0,DENSE,3,60.0,3,183.0,0,0.2,0,P1,POSE_GENERATED,,0.004851312320042686,0.6885856112499384
contactopt_d_q03_k04_z0_p0,DENSE,3,60.0,4,225.0,0,0.2,0,P1,POSE_GENERATED,,0.004469178995140013,0.6588510697781128
contactopt_d_q03_k05_z0_p0,DENSE,3,60.0,5,66.0,0,0.2,0,P1,POSE_GENERATED,,0.004785328144555397,0.6863599737317031
contactopt_d_q03_k06_z0_p0,DENSE,3,60.0,6,108.0,0,0.2,0,P1,POSE_GENERATED,,0.0048033716752919385,0.6859177717967797
contactopt_d_q03_k07_z0_p0,DENSE,3,60.0,7,260.0,0,0.2,0,P1,POSE_GENERATED,,0.004792867783238549,0.6745094130598702
contactopt_d_q03_k00_z0_p1,DENSE,3,60.0,0,66.0,0,0.2,1,P2,POSE_GENERATED,,0.007907240654593795,1.2119166875858696
contactopt_d_q03_k01_z0_p1,DENSE,3,60.0,1,10.0,0,0.2,1,P2,POSE_GENERATED,,0.008020093222239708,1.2544765604387305
contactopt_d_q03_k02_z0_p1,DENSE,3,60.0,2,106.0,0,0.2,1,P2,POSE_GENERATED,,0.007807544704001263,1.2243404659772588
contactopt_d_q03_k03_z0_p1,DENSE,3,60.0,3,134.0,0,0.2,1,P2,POSE_GENERATED,,0.0079712242666149,1.213801172386894
contactopt_d_q03_k04_z0_p1,DENSE,3,60.0,4,258.0,0,0.2,1,P2,POSE_GENERATED,,0.007811366967896133,1.2476756050574809
contactopt_d_q03_k05_z0_p1,DENSE,3,60.0,5,314.0,0,0.2,1,P2,POSE_GENERATED,,0.00792520987396988,1.2375554306923664
contactopt_d_q03_k06_z0_p1,DENSE,3,60.0,6,162.0,0,0.2,1,P2,POSE_GENERATED,,0.00789065222837321,1.220581188629413
contactopt_d_q03_k07_z0_p1,DENSE,3,60.0,7,342.0,0,0.2,1,P2,POSE_GENERATED,,0.008020092695379098,1.2544765545405736
contactopt_d_q03_k00_z1_p0,DENSE,3,60.0,0,,1,0.4,0,P1,SEED_GEOMETRY_REJECT,INSUFFICIENT_25_DEG_FEATURE_DIRECTIONS,,
contactopt_d_q03_k01_z1_p0,DENSE,3,60.0,1,,1,0.4,0,P1,SEED_GEOMETRY_REJECT,INSUFFICIENT_25_DEG_FEATURE_DIRECTIONS,,
contactopt_d_q03_k02_z1_p0,DENSE,3,60.0,2,,1,0.4,0,P1,SEED_GEOMETRY_REJECT,INSUFFICIENT_25_DEG_FEATURE_DIRECTIONS,,
contactopt_d_q03_k03_z1_p0,DENSE,3,60.0,3,,1,0.4,0,P1,SEED_GEOMETRY_REJECT,INSUFFICIENT_25_DEG_FEATURE_DIRECTIONS,,
contactopt_d_q03_k04_z1_p0,DENSE,3,60.0,4,,1,0.4,0,P1,SEED_GEOMETRY_REJECT,INSUFFICIENT_25_DEG_FEATURE_DIRECTIONS,,
contactopt_d_q03_k05_z1_p0,DENSE,3,60.0,5,,1,0.4,0,P1,SEED_GEOMETRY_REJECT,INSUFFICIENT_25_DEG_FEATURE_DIRECTIONS,,
contactopt_d_q03_k06_z1_p0,DENSE,3,60.0,6,,1,0.4,0,P1,SEED_GEOMETRY_REJECT,INSUFFICIENT_25_DEG_FEATURE_DIRECTIONS,,
contactopt_d_q03_k07_z1_p0,DENSE,3,60.0,7,,1,0.4,0,P1,SEED_GEOMETRY_REJECT,INSUFFICIENT_25_DEG_FEATURE_DIRECTIONS,,
contactopt_d_q03_k00_z1_p1,DENSE,3,60.0,0,,1,0.4,1,P2,SEED_GEOMETRY_REJECT,INSUFFICIENT_25_DEG_FEATURE_DIRECTIONS,,
contactopt_d_q03_k01_z1_p1,DENSE,3,60.0,1,,1,0.4,1,P2,SEED_GEOMETRY_REJECT,INSUFFICIENT_25_DEG_FEATURE_DIRECTIONS,,
contactopt_d_q03_k02_z1_p1,DENSE,3,60.0,2,,1,0.4,1,P2,SEED_GEOMETRY_REJECT,INSUFFICIENT_25_DEG_FEATURE_DIRECTIONS,,
contactopt_d_q03_k03_z1_p1,DENSE,3,60.0,3,,1,0.4,1,P2,SEED_GEOMETRY_REJECT,INSUFFICIENT_25_DEG_FEATURE_DIRECTIONS,,
contactopt_d_q03_k04_z1_p1,DENSE,3,60.0,4,,1,0.4,1,P2,SEED_GEOMETRY_REJECT,INSUFFICIENT_25_DEG_FEATURE_DIRECTIONS,,
contactopt_d_q03_k05_z1_p1,DENSE,3,60.0,5,,1,0.4,1,P2,SEED_GEOMETRY_REJECT,INSUFFICIENT_25_DEG_FEATURE_DIRECTIONS,,
contactopt_d_q03_k06_z1_p1,DENSE,3,60.0,6,,1,0.4,1,P2,SEED_GEOMETRY_REJECT,INSUFFICIENT_25_DEG_FEATURE_DIRECTIONS,,
contactopt_d_q03_k07_z1_p1,DENSE,3,60.0,7,,1,0.4,1,P2,SEED_GEOMETRY_REJECT,INSUFFICIENT_25_DEG_FEATURE_DIRECTIONS,,
contactopt_d_q03_k00_z2_p0,DENSE,3,60.0,0,8.0,2,0.6,0,P1,POSE_GENERATED,,0.004948526662348733,1.034531701812267
contactopt_d_q03_k01_z2_p0,DENSE,3,60.0,1,116.0,2,0.6,0,P1,POSE_GENERATED,,0.004948526414821601,1.0345325490765866
contactopt_d_q03_k02_z2_p0,DENSE,3,60.0,2,152.0,2,0.6,0,P1,POSE_GENERATED,,0.0048015630260580915,1.0349233537229054
contactopt_d_q03_k03_z2_p0,DENSE,3,60.0,3,188.0,2,0.6,0,P1,POSE_GENERATED,,0.0049217910796162155,1.0376710867598855
contactopt_d_q03_k04_z2_p0,DENSE,3,60.0,4,224.0,2,0.6,0,P1,POSE_GENERATED,,0.004756614427256633,1.0315573144744887
contactopt_d_q03_k05_z2_p0,DENSE,3,60.0,5,296.0,2,0.6,0,P1,POSE_GENERATED,,0.004903536951088122,1.0317353400046774
contactopt_d_q03_k06_z2_p0,DENSE,3,60.0,6,332.0,2,0.6,0,P1,POSE_GENERATED,,0.0048015630260580915,1.0349233537229054
contactopt_d_q03_k07_z2_p0,DENSE,3,60.0,7,34.0,2,0.6,0,P1,POSE_GENERATED,,0.004775812736720127,1.0373995675178944
contactopt_d_q03_k00_z2_p1,DENSE,3,60.0,0,,2,0.6,1,P2,SEED_GEOMETRY_REJECT,POINT_NORMAL_ALIGNMENT_OPPOSED_NORMAL_FAILED,,
contactopt_d_q03_k01_z2_p1,DENSE,3,60.0,1,,2,0.6,1,P2,SEED_GEOMETRY_REJECT,POINT_NORMAL_ALIGNMENT_OPPOSED_NORMAL_FAILED,,
contactopt_d_q03_k02_z2_p1,DENSE,3,60.0,2,,2,0.6,1,P2,SEED_GEOMETRY_REJECT,POINT_NORMAL_ALIGNMENT_OPPOSED_NORMAL_FAILED,,
contactopt_d_q03_k03_z2_p1,DENSE,3,60.0,3,,2,0.6,1,P2,SEED_GEOMETRY_REJECT,POINT_NORMAL_ALIGNMENT_OPPOSED_NORMAL_FAILED,,
contactopt_d_q03_k04_z2_p1,DENSE,3,60.0,4,,2,0.6,1,P2,SEED_GEOMETRY_REJECT,POINT_NORMAL_ALIGNMENT_OPPOSED_NORMAL_FAILED,,
contactopt_d_q03_k05_z2_p1,DENSE,3,60.0,5,,2,0.6,1,P2,SEED_GEOMETRY_REJECT,POINT_NORMAL_ALIGNMENT_OPPOSED_NORMAL_FAILED,,
contactopt_d_q03_k06_z2_p1,DENSE,3,60.0,6,,2,0.6,1,P2,SEED_GEOMETRY_REJECT,POINT_NORMAL_ALIGNMENT_OPPOSED_NORMAL_FAILED,,
contactopt_d_q03_k07_z2_p1,DENSE,3,60.0,7,,2,0.6,1,P2,SEED_GEOMETRY_REJECT,POINT_NORMAL_ALIGNMENT_OPPOSED_NORMAL_FAILED,,
contactopt_d_q03_k00_z3_p0,DENSE,3,60.0,0,,3,0.8,0,P1,SEED_GEOMETRY_REJECT,INSUFFICIENT_25_DEG_FEATURE_DIRECTIONS,,
contactopt_d_q03_k01_z3_p0,DENSE,3,60.0,1,,3,0.8,0,P1,SEED_GEOMETRY_REJECT,INSUFFICIENT_25_DEG_FEATURE_DIRECTIONS,,
contactopt_d_q03_k02_z3_p0,DENSE,3,60.0,2,,3,0.8,0,P1,SEED_GEOMETRY_REJECT,INSUFFICIENT_25_DEG_FEATURE_DIRECTIONS,,
contactopt_d_q03_k03_z3_p0,DENSE,3,60.0,3,,3,0.8,0,P1,SEED_GEOMETRY_REJECT,INSUFFICIENT_25_DEG_FEATURE_DIRECTIONS,,
contactopt_d_q03_k04_z3_p0,DENSE,3,60.0,4,,3,0.8,0,P1,SEED_GEOMETRY_REJECT,INSUFFICIENT_25_DEG_FEATURE_DIRECTIONS,,
contactopt_d_q03_k05_z3_p0,DENSE,3,60.0,5,,3,0.8,0,P1,SEED_GEOMETRY_REJECT,INSUFFICIENT_25_DEG_FEATURE_DIRECTIONS,,
contactopt_d_q03_k06_z3_p0,DENSE,3,60.0,6,,3,0.8,0,P1,SEED_GEOMETRY_REJECT,INSUFFICIENT_25_DEG_FEATURE_DIRECTIONS,,
contactopt_d_q03_k07_z3_p0,DENSE,3,60.0,7,,3,0.8,0,P1,SEED_GEOMETRY_REJECT,INSUFFICIENT_25_DEG_FEATURE_DIRECTIONS,,
contactopt_d_q03_k00_z3_p1,DENSE,3,60.0,0,172.0,3,0.8,1,P2,POSE_GENERATED,,0.011406383006417062,1.5378061815529422
contactopt_d_q03_k01_z3_p1,DENSE,3,60.0,1,352.0,3,0.8,1,P2,POSE_GENERATED,,0.011406940648586201,1.5380711390962565
contactopt_d_q03_k02_z3_p1,DENSE,3,60.0,2,131.0,3,0.8,1,P2,POSE_GENERATED,,0.011466292345984268,0.6124812444831318
contactopt_d_q03_k03_z3_p1,DENSE,3,60.0,3,311.0,3,0.8,1,P2,POSE_GENERATED,,0.011466292345984268,0.6124812444831318
contactopt_d_q03_k04_z3_p1,DENSE,3,60.0,4,,3,0.8,1,P2,SEED_GEOMETRY_REJECT,INSUFFICIENT_25_DEG_FEATURE_DIRECTIONS,,
contactopt_d_q03_k05_z3_p1,DENSE,3,60.0,5,,3,0.8,1,P2,SEED_GEOMETRY_REJECT,INSUFFICIENT_25_DEG_FEATURE_DIRECTIONS,,
contactopt_d_q03_k06_z3_p1,DENSE,3,60.0,6,,3,0.8,1,P2,SEED_GEOMETRY_REJECT,INSUFFICIENT_25_DEG_FEATURE_DIRECTIONS,,
contactopt_d_q03_k07_z3_p1,DENSE,3,60.0,7,,3,0.8,1,P2,SEED_GEOMETRY_REJECT,INSUFFICIENT_25_DEG_FEATURE_DIRECTIONS,,
contactopt_d_q04_k00_z0_p0,DENSE,4,65.0,0,332.0,0,0.2,0,P1,POSE_GENERATED,,0.004568781939297717,0.6835111116077522
contactopt_d_q04_k01_z0_p0,DENSE,4,65.0,1,150.0,0,0.2,0,P1,POSE_GENERATED,,0.0047042722506600064,0.683398641441656
contactopt_d_q04_k02_z0_p0,DENSE,4,65.0,2,2.0,0,0.2,0,P1,POSE_GENERATED,,0.004561220166787355,0.6805401120129042
contactopt_d_q04_k03_z0_p0,DENSE,4,65.0,3,64.0,0,0.2,0,P1,POSE_GENERATED,,0.0046378159054318345,0.6888122247290449
contactopt_d_q04_k04_z0_p0,DENSE,4,65.0,4,106.0,0,0.2,0,P1,POSE_GENERATED,,0.00442102020632152,0.7896273756338893
contactopt_d_q04_k05_z0_p0,DENSE,4,65.0,5,258.0,0,0.2,0,P1,POSE_GENERATED,,0.004561241379252476,0.6927174075370434
contactopt_d_q04_k06_z0_p0,DENSE,4,65.0,6,306.0,0,0.2,0,P1,POSE_GENERATED,,0.004599583202030788,0.6684273758436124
contactopt_d_q04_k07_z0_p0,DENSE,4,65.0,7,30.0,0,0.2,0,P1,POSE_GENERATED,,0.004542319020700853,0.6805657921384767
contactopt_d_q04_k00_z0_p1,DENSE,4,65.0,0,347.0,0,0.2,1,P2,POSE_GENERATED,,0.007468826981390152,1.2046931256683526
contactopt_d_q04_k01_z0_p1,DENSE,4,65.0,1,167.0,0,0.2,1,P2,POSE_GENERATED,,0.007507374968496436,1.169699236718457
contactopt_d_q04_k02_z0_p1,DENSE,4,65.0,2,211.0,0,0.2,1,P2,POSE_GENERATED,,0.0075321550308910835,1.1811647904338194
contactopt_d_q04_k03_z0_p1,DENSE,4,65.0,3,281.0,0,0.2,1,P2,POSE_GENERATED,,0.007369496000340732,1.1833106048931288
contactopt_d_q04_k04_z0_p1,DENSE,4,65.0,4,17.0,0,0.2,1,P2,POSE_GENERATED,,0.007809162210116987,1.3035161214682447
contactopt_d_q04_k05_z0_p1,DENSE,4,65.0,5,307.0,0,0.2,1,P2,POSE_GENERATED,,0.0075006979416729755,1.191295512518284
contactopt_d_q04_k06_z0_p1,DENSE,4,65.0,6,239.0,0,0.2,1,P2,POSE_GENERATED,,0.007369495701984233,1.1833106909695008
contactopt_d_q04_k07_z0_p1,DENSE,4,65.0,7,64.0,0,0.2,1,P2,POSE_GENERATED,,0.007872234098495176,1.3015236531370238
contactopt_d_q04_k00_z1_p0,DENSE,4,65.0,0,,1,0.4,0,P1,SEED_GEOMETRY_REJECT,INSUFFICIENT_25_DEG_FEATURE_DIRECTIONS,,
contactopt_d_q04_k01_z1_p0,DENSE,4,65.0,1,,1,0.4,0,P1,SEED_GEOMETRY_REJECT,INSUFFICIENT_25_DEG_FEATURE_DIRECTIONS,,
contactopt_d_q04_k02_z1_p0,DENSE,4,65.0,2,,1,0.4,0,P1,SEED_GEOMETRY_REJECT,INSUFFICIENT_25_DEG_FEATURE_DIRECTIONS,,
contactopt_d_q04_k03_z1_p0,DENSE,4,65.0,3,,1,0.4,0,P1,SEED_GEOMETRY_REJECT,INSUFFICIENT_25_DEG_FEATURE_DIRECTIONS,,
contactopt_d_q04_k04_z1_p0,DENSE,4,65.0,4,,1,0.4,0,P1,SEED_GEOMETRY_REJECT,INSUFFICIENT_25_DEG_FEATURE_DIRECTIONS,,
contactopt_d_q04_k05_z1_p0,DENSE,4,65.0,5,,1,0.4,0,P1,SEED_GEOMETRY_REJECT,INSUFFICIENT_25_DEG_FEATURE_DIRECTIONS,,
contactopt_d_q04_k06_z1_p0,DENSE,4,65.0,6,,1,0.4,0,P1,SEED_GEOMETRY_REJECT,INSUFFICIENT_25_DEG_FEATURE_DIRECTIONS,,
contactopt_d_q04_k07_z1_p0,DENSE,4,65.0,7,,1,0.4,0,P1,SEED_GEOMETRY_REJECT,INSUFFICIENT_25_DEG_FEATURE_DIRECTIONS,,
contactopt_d_q04_k00_z1_p1,DENSE,4,65.0,0,,1,0.4,1,P2,SEED_GEOMETRY_REJECT,INSUFFICIENT_25_DEG_FEATURE_DIRECTIONS,,
contactopt_d_q04_k01_z1_p1,DENSE,4,65.0,1,,1,0.4,1,P2,SEED_GEOMETRY_REJECT,INSUFFICIENT_25_DEG_FEATURE_DIRECTIONS,,
contactopt_d_q04_k02_z1_p1,DENSE,4,65.0,2,,1,0.4,1,P2,SEED_GEOMETRY_REJECT,INSUFFICIENT_25_DEG_FEATURE_DIRECTIONS,,
contactopt_d_q04_k03_z1_p1,DENSE,4,65.0,3,,1,0.4,1,P2,SEED_GEOMETRY_REJECT,INSUFFICIENT_25_DEG_FEATURE_DIRECTIONS,,
contactopt_d_q04_k04_z1_p1,DENSE,4,65.0,4,,1,0.4,1,P2,SEED_GEOMETRY_REJECT,INSUFFICIENT_25_DEG_FEATURE_DIRECTIONS,,
contactopt_d_q04_k05_z1_p1,DENSE,4,65.0,5,,1,0.4,1,P2,SEED_GEOMETRY_REJECT,INSUFFICIENT_25_DEG_FEATURE_DIRECTIONS,,
contactopt_d_q04_k06_z1_p1,DENSE,4,65.0,6,,1,0.4,1,P2,SEED_GEOMETRY_REJECT,INSUFFICIENT_25_DEG_FEATURE_DIRECTIONS,,
contactopt_d_q04_k07_z1_p1,DENSE,4,65.0,7,,1,0.4,1,P2,SEED_GEOMETRY_REJECT,INSUFFICIENT_25_DEG_FEATURE_DIRECTIONS,,
contactopt_d_q04_k00_z2_p0,DENSE,4,65.0,0,6.0,2,0.6,0,P1,POSE_GENERATED,,0.004659542073839929,1.0258752701894562
contactopt_d_q04_k01_z2_p0,DENSE,4,65.0,1,114.0,2,0.6,0,P1,POSE_GENERATED,,0.004659541898647712,1.025876682776113
contactopt_d_q04_k02_z2_p0,DENSE,4,65.0,2,150.0,2,0.6,0,P1,POSE_GENERATED,,0.004766443922131756,1.0260664161203992
contactopt_d_q04_k03_z2_p0,DENSE,4,65.0,3,186.0,2,0.6,0,P1,POSE_GENERATED,,0.004612908810863364,1.0276846191287288
contactopt_d_q04_k04_z2_p0,DENSE,4,65.0,4,222.0,2,0.6,0,P1,POSE_GENERATED,,0.004612908588416244,1.0276835701227
contactopt_d_q04_k05_z2_p0,DENSE,4,65.0,5,294.0,2,0.6,0,P1,POSE_GENERATED,,0.004612908495770411,1.0276836714200348
contactopt_d_q04_k06_z2_p0,DENSE,4,65.0,6,330.0,2,0.6,0,P1,POSE_GENERATED,,0.004766443922131756,1.0260664161203992
contactopt_d_q04_k07_z2_p0,DENSE,4,65.0,7,56.0,2,0.6,0,P1,POSE_GENERATED,,0.0046355183021424655,1.0350209547745317
contactopt_d_q04_k00_z2_p1,DENSE,4,65.0,0,15.0,2,0.6,1,P2,POSE_GENERATED,,0.007452757631825844,1.5511113483159864
contactopt_d_q04_k01_z2_p1,DENSE,4,65.0,1,51.0,2,0.6,1,P2,POSE_GENERATED,,0.0074527579358717,1.5511103537582844
contactopt_d_q04_k02_z2_p1,DENSE,4,65.0,2,87.0,2,0.6,1,P2,POSE_GENERATED,,0.007625507086633483,1.551278221379523
contactopt_d_q04_k03_z2_p1,DENSE,4,65.0,3,123.0,2,0.6,1,P2,POSE_GENERATED,,0.007456193442078039,1.5511505188453838
contactopt_d_q04_k04_z2_p1,DENSE,4,65.0,4,159.0,2,0.6,1,P2,POSE_GENERATED,,0.007452369451721566,1.5513701848132144
contactopt_d_q04_k05_z2_p1,DENSE,4,65.0,5,205.0,2,0.6,1,P2,POSE_GENERATED,,0.0076255071466385365,1.5512774458098098
contactopt_d_q04_k06_z2_p1,DENSE,4,65.0,6,241.0,2,0.6,1,P2,POSE_GENERATED,,0.007280132738976346,1.5512167806881552
contactopt_d_q04_k07_z2_p1,DENSE,4,65.0,7,267.0,2,0.6,1,P2,POSE_GENERATED,,0.007452369055702836,1.5513733909285015
contactopt_d_q04_k00_z3_p0,DENSE,4,65.0,0,,3,0.8,0,P1,SEED_GEOMETRY_REJECT,INSUFFICIENT_25_DEG_FEATURE_DIRECTIONS,,
contactopt_d_q04_k01_z3_p0,DENSE,4,65.0,1,,3,0.8,0,P1,SEED_GEOMETRY_REJECT,INSUFFICIENT_25_DEG_FEATURE_DIRECTIONS,,
contactopt_d_q04_k02_z3_p0,DENSE,4,65.0,2,,3,0.8,0,P1,SEED_GEOMETRY_REJECT,INSUFFICIENT_25_DEG_FEATURE_DIRECTIONS,,
contactopt_d_q04_k03_z3_p0,DENSE,4,65.0,3,,3,0.8,0,P1,SEED_GEOMETRY_REJECT,INSUFFICIENT_25_DEG_FEATURE_DIRECTIONS,,
contactopt_d_q04_k04_z3_p0,DENSE,4,65.0,4,,3,0.8,0,P1,SEED_GEOMETRY_REJECT,INSUFFICIENT_25_DEG_FEATURE_DIRECTIONS,,
contactopt_d_q04_k05_z3_p0,DENSE,4,65.0,5,,3,0.8,0,P1,SEED_GEOMETRY_REJECT,INSUFFICIENT_25_DEG_FEATURE_DIRECTIONS,,
contactopt_d_q04_k06_z3_p0,DENSE,4,65.0,6,,3,0.8,0,P1,SEED_GEOMETRY_REJECT,INSUFFICIENT_25_DEG_FEATURE_DIRECTIONS,,
contactopt_d_q04_k07_z3_p0,DENSE,4,65.0,7,,3,0.8,0,P1,SEED_GEOMETRY_REJECT,INSUFFICIENT_25_DEG_FEATURE_DIRECTIONS,,
contactopt_d_q04_k00_z3_p1,DENSE,4,65.0,0,,3,0.8,1,P2,SEED_GEOMETRY_REJECT,INSUFFICIENT_25_DEG_FEATURE_DIRECTIONS,,
contactopt_d_q04_k01_z3_p1,DENSE,4,65.0,1,,3,0.8,1,P2,SEED_GEOMETRY_REJECT,INSUFFICIENT_25_DEG_FEATURE_DIRECTIONS,,
contactopt_d_q04_k02_z3_p1,DENSE,4,65.0,2,,3,0.8,1,P2,SEED_GEOMETRY_REJECT,INSUFFICIENT_25_DEG_FEATURE_DIRECTIONS,,
contactopt_d_q04_k03_z3_p1,DENSE,4,65.0,3,,3,0.8,1,P2,SEED_GEOMETRY_REJECT,INSUFFICIENT_25_DEG_FEATURE_DIRECTIONS,,
contactopt_d_q04_k04_z3_p1,DENSE,4,65.0,4,,3,0.8,1,P2,SEED_GEOMETRY_REJECT,INSUFFICIENT_25_DEG_FEATURE_DIRECTIONS,,
contactopt_d_q04_k05_z3_p1,DENSE,4,65.0,5,,3,0.8,1,P2,SEED_GEOMETRY_REJECT,INSUFFICIENT_25_DEG_FEATURE_DIRECTIONS,,
contactopt_d_q04_k06_z3_p1,DENSE,4,65.0,6,,3,0.8,1,P2,SEED_GEOMETRY_REJECT,INSUFFICIENT_25_DEG_FEATURE_DIRECTIONS,,
contactopt_d_q04_k07_z3_p1,DENSE,4,65.0,7,,3,0.8,1,P2,SEED_GEOMETRY_REJECT,INSUFFICIENT_25_DEG_FEATURE_DIRECTIONS,,
contactopt_d_q05_k00_z0_p0,DENSE,5,70.0,0,150.0,0,0.2,0,P1,POSE_GENERATED,,0.004539211557196873,0.6955008504789867
contactopt_d_q05_k01_z0_p0,DENSE,5,70.0,1,330.0,0,0.2,0,P1,POSE_GENERATED,,0.00460068276420129,0.6834485436663063
contactopt_d_q05_k02_z0_p0,DENSE,5,70.0,2,64.0,0,0.2,0,P1,POSE_GENERATED,,0.004450888930364117,0.6996078916361631
contactopt_d_q05_k03_z0_p0,DENSE,5,70.0,3,106.0,0,0.2,0,P1,POSE_GENERATED,,0.004388944652400258,0.7968222862961412
contactopt_d_q05_k04_z0_p0,DENSE,5,70.0,4,258.0,0,0.2,0,P1,POSE_GENERATED,,0.004385162772160017,0.6674734773794175
contactopt_d_q05_k05_z0_p0,DENSE,5,70.0,5,211.0,0,0.2,0,P1,POSE_GENERATED,,0.0044671338103142106,0.6990252066053433
contactopt_d_q05_k06_z0_p0,DENSE,5,70.0,6,29.0,0,0.2,0,P1,POSE_GENERATED,,0.004402950470247739,0.7028984928393758
contactopt_d_q05_k07_z0_p0,DENSE,5,70.0,7,2.0,0,0.2,0,P1,POSE_GENERATED,,0.004493057700457589,0.674061907069856
contactopt_d_q05_k00_z0_p1,DENSE,5,70.0,0,52.0,0,0.2,1,P2,POSE_GENERATED,,0.0032706350970613343,0.7289952564227267
contactopt_d_q05_k01_z0_p1,DENSE,5,70.0,1,220.0,0,0.2,1,P2,POSE_GENERATED,,0.0035009554871250977,0.7120899666934548
contactopt_d_q05_k02_z0_p1,DENSE,5,70.0,2,10.0,0,0.2,1,P2,POSE_GENERATED,,0.0032698293703427852,0.7134915468921548
contactopt_d_q05_k03_z0_p1,DENSE,5,70.0,3,78.0,0,0.2,1,P2,POSE_GENERATED,,0.0032706346199996117,0.7236585294453683
contactopt_d_q05_k04_z0_p1,DENSE,5,70.0,4,106.0,0,0.2,1,P2,POSE_GENERATED,,0.0034203627043226507,0.8307147665408681
contactopt_d_q05_k05_z0_p1,DENSE,5,70.0,5,148.0,0,0.2,1,P2,POSE_GENERATED,,0.0031848075423085813,0.8285289703330005
contactopt_d_q05_k06_z0_p1,DENSE,5,70.0,6,190.0,0,0.2,1,P2,POSE_GENERATED,,0.0032857892622210486,0.7262035708509212
contactopt_d_q05_k07_z0_p1,DENSE,5,70.0,7,258.0,0,0.2,1,P2,POSE_GENERATED,,0.0034220754822052563,0.7075081520787363
contactopt_d_q05_k00_z1_p0,DENSE,5,70.0,0,,1,0.4,0,P1,SEED_GEOMETRY_REJECT,INSUFFICIENT_25_DEG_FEATURE_DIRECTIONS,,
contactopt_d_q05_k01_z1_p0,DENSE,5,70.0,1,,1,0.4,0,P1,SEED_GEOMETRY_REJECT,INSUFFICIENT_25_DEG_FEATURE_DIRECTIONS,,
contactopt_d_q05_k02_z1_p0,DENSE,5,70.0,2,,1,0.4,0,P1,SEED_GEOMETRY_REJECT,INSUFFICIENT_25_DEG_FEATURE_DIRECTIONS,,
contactopt_d_q05_k03_z1_p0,DENSE,5,70.0,3,,1,0.4,0,P1,SEED_GEOMETRY_REJECT,INSUFFICIENT_25_DEG_FEATURE_DIRECTIONS,,
contactopt_d_q05_k04_z1_p0,DENSE,5,70.0,4,,1,0.4,0,P1,SEED_GEOMETRY_REJECT,INSUFFICIENT_25_DEG_FEATURE_DIRECTIONS,,
contactopt_d_q05_k05_z1_p0,DENSE,5,70.0,5,,1,0.4,0,P1,SEED_GEOMETRY_REJECT,INSUFFICIENT_25_DEG_FEATURE_DIRECTIONS,,
contactopt_d_q05_k06_z1_p0,DENSE,5,70.0,6,,1,0.4,0,P1,SEED_GEOMETRY_REJECT,INSUFFICIENT_25_DEG_FEATURE_DIRECTIONS,,
contactopt_d_q05_k07_z1_p0,DENSE,5,70.0,7,,1,0.4,0,P1,SEED_GEOMETRY_REJECT,INSUFFICIENT_25_DEG_FEATURE_DIRECTIONS,,
contactopt_d_q05_k00_z1_p1,DENSE,5,70.0,0,,1,0.4,1,P2,SEED_GEOMETRY_REJECT,INSUFFICIENT_25_DEG_FEATURE_DIRECTIONS,,
contactopt_d_q05_k01_z1_p1,DENSE,5,70.0,1,,1,0.4,1,P2,SEED_GEOMETRY_REJECT,INSUFFICIENT_25_DEG_FEATURE_DIRECTIONS,,
contactopt_d_q05_k02_z1_p1,DENSE,5,70.0,2,,1,0.4,1,P2,SEED_GEOMETRY_REJECT,INSUFFICIENT_25_DEG_FEATURE_DIRECTIONS,,
contactopt_d_q05_k03_z1_p1,DENSE,5,70.0,3,,1,0.4,1,P2,SEED_GEOMETRY_REJECT,INSUFFICIENT_25_DEG_FEATURE_DIRECTIONS,,
contactopt_d_q05_k04_z1_p1,DENSE,5,70.0,4,,1,0.4,1,P2,SEED_GEOMETRY_REJECT,INSUFFICIENT_25_DEG_FEATURE_DIRECTIONS,,
contactopt_d_q05_k05_z1_p1,DENSE,5,70.0,5,,1,0.4,1,P2,SEED_GEOMETRY_REJECT,INSUFFICIENT_25_DEG_FEATURE_DIRECTIONS,,
contactopt_d_q05_k06_z1_p1,DENSE,5,70.0,6,,1,0.4,1,P2,SEED_GEOMETRY_REJECT,INSUFFICIENT_25_DEG_FEATURE_DIRECTIONS,,
contactopt_d_q05_k07_z1_p1,DENSE,5,70.0,7,,1,0.4,1,P2,SEED_GEOMETRY_REJECT,INSUFFICIENT_25_DEG_FEATURE_DIRECTIONS,,
contactopt_d_q05_k00_z2_p0,DENSE,5,70.0,0,6.0,2,0.6,0,P1,POSE_GENERATED,,0.004916168374116314,1.0478466459266258
contactopt_d_q05_k01_z2_p0,DENSE,5,70.0,1,114.0,2,0.6,0,P1,POSE_GENERATED,,0.004916168092279545,1.0478454076457335
contactopt_d_q05_k02_z2_p0,DENSE,5,70.0,2,150.0,2,0.6,0,P1,POSE_GENERATED,,0.004887566365091398,1.0398863283181987
contactopt_d_q05_k03_z2_p0,DENSE,5,70.0,3,186.0,2,0.6,0,P1,POSE_GENERATED,,0.004907815226818403,1.045040045881978
contactopt_d_q05_k04_z2_p0,DENSE,5,70.0,4,222.0,2,0.6,0,P1,POSE_GENERATED,,0.004907814921034024,1.0450405852858795
contactopt_d_q05_k05_z2_p0,DENSE,5,70.0,5,294.0,2,0.6,0,P1,POSE_GENERATED,,0.00490781496184827,1.0450387948032311
contactopt_d_q05_k06_z2_p0,DENSE,5,70.0,6,330.0,2,0.6,0,P1,POSE_GENERATED,,0.004887566365091398,1.0398863283181987
contactopt_d_q05_k07_z2_p0,DENSE,5,70.0,7,53.0,2,0.6,0,P1,POSE_GENERATED,,0.004721155643627979,1.0508637453855407
contactopt_d_q05_k00_z2_p1,DENSE,5,70.0,0,10.0,2,0.6,1,P2,POSE_GENERATED,,0.003090945125063598,1.0761259019337324
contactopt_d_q05_k01_z2_p1,DENSE,5,70.0,1,56.0,2,0.6,1,P2,POSE_GENERATED,,0.0030909451800119206,1.0761235952602595
contactopt_d_q05_k02_z2_p1,DENSE,5,70.0,2,92.0,2,0.6,1,P2,POSE_GENERATED,,0.0030976903542213863,1.0750134298593492
contactopt_d_q05_k03_z2_p1,DENSE,5,70.0,3,118.0,2,0.6,1,P2,POSE_GENERATED,,0.003090945170332565,1.0761236508301666
contactopt_d_q05_k04_z2_p1,DENSE,5,70.0,4,154.0,2,0.6,1,P2,POSE_GENERATED,,0.0029309065693782733,1.0753519225107933
contactopt_d_q05_k05_z2_p1,DENSE,5,70.0,5,190.0,2,0.6,1,P2,POSE_GENERATED,,0.0032523332238606384,1.074750043897086
contactopt_d_q05_k06_z2_p1,DENSE,5,70.0,6,226.0,2,0.6,1,P2,POSE_GENERATED,,0.0032523331300120095,1.0747490694719462
contactopt_d_q05_k07_z2_p1,DENSE,5,70.0,7,262.0,2,0.6,1,P2,POSE_GENERATED,,0.003090945240546306,1.0761225567812263
contactopt_d_q05_k00_z3_p0,DENSE,5,70.0,0,13.0,3,0.8,0,P1,POSE_GENERATED,,0.008149747937026833,0.6107042553594081
contactopt_d_q05_k01_z3_p0,DENSE,5,70.0,1,52.0,3,0.8,0,P1,POSE_GENERATED,,0.008080737256486222,0.688106347336556
contactopt_d_q05_k02_z3_p0,DENSE,5,70.0,2,93.0,3,0.8,0,P1,POSE_GENERATED,,0.008097657656481991,0.6440671464987764
contactopt_d_q05_k03_z3_p0,DENSE,5,70.0,3,143.0,3,0.8,0,P1,POSE_GENERATED,,0.008175704736075517,0.7738867711876787
contactopt_d_q05_k04_z3_p0,DENSE,5,70.0,4,193.0,3,0.8,0,P1,POSE_GENERATED,,0.008149747612624391,0.6107042491179588
contactopt_d_q05_k05_z3_p0,DENSE,5,70.0,5,232.0,3,0.8,0,P1,POSE_GENERATED,,0.008078081658358877,0.6877226628029445
contactopt_d_q05_k06_z3_p0,DENSE,5,70.0,6,273.0,3,0.8,0,P1,POSE_GENERATED,,0.008095549576079305,0.6436770517535657
contactopt_d_q05_k07_z3_p0,DENSE,5,70.0,7,323.0,3,0.8,0,P1,POSE_GENERATED,,0.008175704706339366,0.7738871606736641
contactopt_d_q05_k00_z3_p1,DENSE,5,70.0,0,,3,0.8,1,P2,SEED_GEOMETRY_REJECT,INSUFFICIENT_25_DEG_FEATURE_DIRECTIONS,,
contactopt_d_q05_k01_z3_p1,DENSE,5,70.0,1,,3,0.8,1,P2,SEED_GEOMETRY_REJECT,INSUFFICIENT_25_DEG_FEATURE_DIRECTIONS,,
contactopt_d_q05_k02_z3_p1,DENSE,5,70.0,2,,3,0.8,1,P2,SEED_GEOMETRY_REJECT,INSUFFICIENT_25_DEG_FEATURE_DIRECTIONS,,
contactopt_d_q05_k03_z3_p1,DENSE,5,70.0,3,,3,0.8,1,P2,SEED_GEOMETRY_REJECT,INSUFFICIENT_25_DEG_FEATURE_DIRECTIONS,,
contactopt_d_q05_k04_z3_p1,DENSE,5,70.0,4,,3,0.8,1,P2,SEED_GEOMETRY_REJECT,INSUFFICIENT_25_DEG_FEATURE_DIRECTIONS,,
contactopt_d_q05_k05_z3_p1,DENSE,5,70.0,5,,3,0.8,1,P2,SEED_GEOMETRY_REJECT,INSUFFICIENT_25_DEG_FEATURE_DIRECTIONS,,
contactopt_d_q05_k06_z3_p1,DENSE,5,70.0,6,,3,0.8,1,P2,SEED_GEOMETRY_REJECT,INSUFFICIENT_25_DEG_FEATURE_DIRECTIONS,,
contactopt_d_q05_k07_z3_p1,DENSE,5,70.0,7,,3,0.8,1,P2,SEED_GEOMETRY_REJECT,INSUFFICIENT_25_DEG_FEATURE_DIRECTIONS,,
contactopt_d_q06_k00_z0_p0,DENSE,6,75.0,0,319.0,0,0.2,0,P1,POSE_GENERATED,,0.013471479618234196,0.8217809687236127
contactopt_d_q06_k01_z0_p0,DENSE,6,75.0,1,139.0,0,0.2,0,P1,POSE_GENERATED,,0.01332856715470301,0.9302389395415003
contactopt_d_q06_k02_z0_p0,DENSE,6,75.0,2,177.0,0,0.2,0,P1,POSE_GENERATED,,0.013491782377500108,0.8700821584849884
contactopt_d_q06_k03_z0_p0,DENSE,6,75.0,3,205.0,0,0.2,0,P1,POSE_GENERATED,,0.013416786557604147,0.8325084398730306
contactopt_d_q06_k04_z0_p0,DENSE,6,75.0,4,233.0,0,0.2,0,P1,POSE_GENERATED,,0.013539921241693826,0.8351633521727482
contactopt_d_q06_k05_z0_p0,DENSE,6,75.0,5,281.0,0,0.2,0,P1,POSE_GENERATED,,0.013416785954853154,0.8325083668262151
contactopt_d_q06_k06_z0_p0,DENSE,6,75.0,6,357.0,0,0.2,0,P1,POSE_GENERATED,,0.01330191289367605,0.8410189375967939
contactopt_d_q06_k07_z0_p0,DENSE,6,75.0,7,53.0,0,0.2,0,P1,POSE_GENERATED,,0.013542877835443369,0.8552072206669943
contactopt_d_q06_k00_z0_p1,DENSE,6,75.0,0,50.0,0,0.2,1,P2,POSE_GENERATED,,0.0028634653505809496,0.7376850598569058
contactopt_d_q06_k01_z0_p1,DENSE,6,75.0,1,90.0,0,0.2,1,P2,POSE_GENERATED,,0.002833092499835813,0.7527076850505097
contactopt_d_q06_k02_z0_p1,DENSE,6,75.0,2,219.0,0,0.2,1,P2,POSE_GENERATED,,0.0027067036219829395,0.742731778060862
contactopt_d_q06_k03_z0_p1,DENSE,6,75.0,3,335.0,0,0.2,1,P2,POSE_GENERATED,,0.0032230865277563725,0.7334467749871411
contactopt_d_q06_k04_z0_p1,DENSE,6,75.0,4,153.0,0,0.2,1,P2,POSE_GENERATED,,0.002773777114598932,0.8379073281764674
contactopt_d_q06_k05_z0_p1,DENSE,6,75.0,5,269.0,0,0.2,1,P2,POSE_GENERATED,,0.0029247307668516785,0.7520026340699367
contactopt_d_q06_k06_z0_p1,DENSE,6,75.0,6,118.0,0,0.2,1,P2,POSE_GENERATED,,0.00286490275487299,0.7437785071373835
contactopt_d_q06_k07_z0_p1,DENSE,6,75.0,7,185.0,0,0.2,1,P2,POSE_GENERATED,,0.0029196737253815355,0.74695619461256
contactopt_d_q06_k00_z1_p0,DENSE,6,75.0,0,,1,0.4,0,P1,SEED_GEOMETRY_REJECT,INSUFFICIENT_25_DEG_FEATURE_DIRECTIONS,,
contactopt_d_q06_k01_z1_p0,DENSE,6,75.0,1,,1,0.4,0,P1,SEED_GEOMETRY_REJECT,INSUFFICIENT_25_DEG_FEATURE_DIRECTIONS,,
contactopt_d_q06_k02_z1_p0,DENSE,6,75.0,2,,1,0.4,0,P1,SEED_GEOMETRY_REJECT,INSUFFICIENT_25_DEG_FEATURE_DIRECTIONS,,
contactopt_d_q06_k03_z1_p0,DENSE,6,75.0,3,,1,0.4,0,P1,SEED_GEOMETRY_REJECT,INSUFFICIENT_25_DEG_FEATURE_DIRECTIONS,,
contactopt_d_q06_k04_z1_p0,DENSE,6,75.0,4,,1,0.4,0,P1,SEED_GEOMETRY_REJECT,INSUFFICIENT_25_DEG_FEATURE_DIRECTIONS,,
contactopt_d_q06_k05_z1_p0,DENSE,6,75.0,5,,1,0.4,0,P1,SEED_GEOMETRY_REJECT,INSUFFICIENT_25_DEG_FEATURE_DIRECTIONS,,
contactopt_d_q06_k06_z1_p0,DENSE,6,75.0,6,,1,0.4,0,P1,SEED_GEOMETRY_REJECT,INSUFFICIENT_25_DEG_FEATURE_DIRECTIONS,,
contactopt_d_q06_k07_z1_p0,DENSE,6,75.0,7,,1,0.4,0,P1,SEED_GEOMETRY_REJECT,INSUFFICIENT_25_DEG_FEATURE_DIRECTIONS,,
contactopt_d_q06_k00_z1_p1,DENSE,6,75.0,0,,1,0.4,1,P2,SEED_GEOMETRY_REJECT,INSUFFICIENT_25_DEG_FEATURE_DIRECTIONS,,
contactopt_d_q06_k01_z1_p1,DENSE,6,75.0,1,,1,0.4,1,P2,SEED_GEOMETRY_REJECT,INSUFFICIENT_25_DEG_FEATURE_DIRECTIONS,,
contactopt_d_q06_k02_z1_p1,DENSE,6,75.0,2,,1,0.4,1,P2,SEED_GEOMETRY_REJECT,INSUFFICIENT_25_DEG_FEATURE_DIRECTIONS,,
contactopt_d_q06_k03_z1_p1,DENSE,6,75.0,3,,1,0.4,1,P2,SEED_GEOMETRY_REJECT,INSUFFICIENT_25_DEG_FEATURE_DIRECTIONS,,
contactopt_d_q06_k04_z1_p1,DENSE,6,75.0,4,,1,0.4,1,P2,SEED_GEOMETRY_REJECT,INSUFFICIENT_25_DEG_FEATURE_DIRECTIONS,,
contactopt_d_q06_k05_z1_p1,DENSE,6,75.0,5,,1,0.4,1,P2,SEED_GEOMETRY_REJECT,INSUFFICIENT_25_DEG_FEATURE_DIRECTIONS,,
contactopt_d_q06_k06_z1_p1,DENSE,6,75.0,6,,1,0.4,1,P2,SEED_GEOMETRY_REJECT,INSUFFICIENT_25_DEG_FEATURE_DIRECTIONS,,
contactopt_d_q06_k07_z1_p1,DENSE,6,75.0,7,,1,0.4,1,P2,SEED_GEOMETRY_REJECT,INSUFFICIENT_25_DEG_FEATURE_DIRECTIONS,,
contactopt_d_q06_k00_z2_p0,DENSE,6,75.0,0,115.0,2,0.6,0,P1,POSE_GENERATED,,0.013483990317787822,1.1306457978614066
contactopt_d_q06_k01_z2_p0,DENSE,6,75.0,1,151.0,2,0.6,0,P1,POSE_GENERATED,,0.013483990160805686,1.1306455068872927
contactopt_d_q06_k02_z2_p0,DENSE,6,75.0,2,187.0,2,0.6,0,P1,POSE_GENERATED,,0.013649236590708777,1.1605913621045545
contactopt_d_q06_k03_z2_p0,DENSE,6,75.0,3,223.0,2,0.6,0,P1,POSE_GENERATED,,0.013483990807237362,1.1306454661844898
contactopt_d_q06_k04_z2_p0,DENSE,6,75.0,4,259.0,2,0.6,0,P1,POSE_GENERATED,,0.013649236185004706,1.1605909354684951
contactopt_d_q06_k05_z2_p0,DENSE,6,75.0,5,295.0,2,0.6,0,P1,POSE_GENERATED,,0.013510489933935462,1.1650176531456444
contactopt_d_q06_k06_z2_p0,DENSE,6,75.0,6,331.0,2,0.6,0,P1,POSE_GENERATED,,0.013483990160805686,1.1306455068872927
contactopt_d_q06_k07_z2_p0,DENSE,6,75.0,7,18.0,2,0.6,0,P1,POSE_GENERATED,,0.01348243258713682,1.1575673647953224
contactopt_d_q06_k00_z2_p1,DENSE,6,75.0,0,4.0,2,0.6,1,P2,POSE_GENERATED,,0.0028826481971172234,1.0883349403898455
contactopt_d_q06_k01_z2_p1,DENSE,6,75.0,1,50.0,2,0.6,1,P2,POSE_GENERATED,,0.0025870360304993223,1.0735878806319326
contactopt_d_q06_k02_z2_p1,DENSE,6,75.0,2,86.0,2,0.6,1,P2,POSE_GENERATED,,0.0027181590844294235,1.0871063220027757
contactopt_d_q06_k03_z2_p1,DENSE,6,75.0,3,112.0,2,0.6,1,P2,POSE_GENERATED,,0.0028970263687078225,1.0905780656557211
contactopt_d_q06_k04_z2_p1,DENSE,6,75.0,4,148.0,2,0.6,1,P2,POSE_GENERATED,,0.002566620276529967,1.088328563277084
contactopt_d_q06_k05_z2_p1,DENSE,6,75.0,5,184.0,2,0.6,1,P2,POSE_GENERATED,,0.0027526168758424453,1.0879813557166629
contactopt_d_q06_k06_z2_p1,DENSE,6,75.0,6,220.0,2,0.6,1,P2,POSE_GENERATED,,0.002732049737601726,1.0858099697010017
contactopt_d_q06_k07_z2_p1,DENSE,6,75.0,7,256.0,2,0.6,1,P2,POSE_GENERATED,,0.0027320495252786776,1.0858115619200317
contactopt_d_q06_k00_z3_p0,DENSE,6,75.0,0,93.0,3,0.8,0,P1,POSE_GENERATED,,0.008537067634241492,0.6389992018049152
contactopt_d_q06_k01_z3_p0,DENSE,6,75.0,1,273.0,3,0.8,0,P1,POSE_GENERATED,,0.008535907562039622,0.6388086944058277
contactopt_d_q06_k02_z3_p0,DENSE,6,75.0,2,12.0,3,0.8,0,P1,POSE_GENERATED,,0.008606817445850838,0.6245782298178679
contactopt_d_q06_k03_z3_p0,DENSE,6,75.0,3,142.0,3,0.8,0,P1,POSE_GENERATED,,0.008776383558928149,0.7687266712655991
contactopt_d_q06_k04_z3_p0,DENSE,6,75.0,4,192.0,3,0.8,0,P1,POSE_GENERATED,,0.008605475183948027,0.6245985295038535
contactopt_d_q06_k05_z3_p0,DENSE,6,75.0,5,322.0,3,0.8,0,P1,POSE_GENERATED,,0.00877638352908551,0.7687270607646733
contactopt_d_q06_k06_z3_p0,DENSE,6,75.0,6,,3,0.8,0,P1,SEED_GEOMETRY_REJECT,INSUFFICIENT_25_DEG_FEATURE_DIRECTIONS,,
contactopt_d_q06_k07_z3_p0,DENSE,6,75.0,7,,3,0.8,0,P1,SEED_GEOMETRY_REJECT,INSUFFICIENT_25_DEG_FEATURE_DIRECTIONS,,
contactopt_d_q06_k00_z3_p1,DENSE,6,75.0,0,,3,0.8,1,P2,SEED_GEOMETRY_REJECT,INSUFFICIENT_25_DEG_FEATURE_DIRECTIONS,,
contactopt_d_q06_k01_z3_p1,DENSE,6,75.0,1,,3,0.8,1,P2,SEED_GEOMETRY_REJECT,INSUFFICIENT_25_DEG_FEATURE_DIRECTIONS,,
contactopt_d_q06_k02_z3_p1,DENSE,6,75.0,2,,3,0.8,1,P2,SEED_GEOMETRY_REJECT,INSUFFICIENT_25_DEG_FEATURE_DIRECTIONS,,
contactopt_d_q06_k03_z3_p1,DENSE,6,75.0,3,,3,0.8,1,P2,SEED_GEOMETRY_REJECT,INSUFFICIENT_25_DEG_FEATURE_DIRECTIONS,,
contactopt_d_q06_k04_z3_p1,DENSE,6,75.0,4,,3,0.8,1,P2,SEED_GEOMETRY_REJECT,INSUFFICIENT_25_DEG_FEATURE_DIRECTIONS,,
contactopt_d_q06_k05_z3_p1,DENSE,6,75.0,5,,3,0.8,1,P2,SEED_GEOMETRY_REJECT,INSUFFICIENT_25_DEG_FEATURE_DIRECTIONS,,
contactopt_d_q06_k06_z3_p1,DENSE,6,75.0,6,,3,0.8,1,P2,SEED_GEOMETRY_REJECT,INSUFFICIENT_25_DEG_FEATURE_DIRECTIONS,,
contactopt_d_q06_k07_z3_p1,DENSE,6,75.0,7,,3,0.8,1,P2,SEED_GEOMETRY_REJECT,INSUFFICIENT_25_DEG_FEATURE_DIRECTIONS,,
