#usda 1.0
(
    defaultPrim = "World"
    metersPerUnit = 1
    upAxis = "Z"
)

def Xform "World"
{
    def Xform "J599_25_35_N_Pair" (
        customData = {
            dictionary j599 = {
                string contactArrangement = "25-35"
                string contactCollisionMode = "visual_only"
                int contactCount = 128
                string contactSize = "22D"
                bool hardwareAuthorized = 0
                bool hardwareExactFidelity = 0
                string keyAnglesDeg = "0,80,142,196,293"
                string manufacturer = "UNKNOWN"
                string modelId = "J599_25_35_N_STANDARD_INTERFACE_V1"
                string partNumbers = "J599/26FJ35PN,J599/20FJ35SN"
                string polarization = "N"
                bool realHardwareAssemblySuccessClaimed = 0
                string representation = "assembly"
                string schemaVersion = "j599_25_35_standard_interface_contract_v1"
                string sourceContract = "/home/noob/WorkPlace/kcgtest1/j599_25_35_standard_interface_v1/config/model_contract.json"
                double threadLeadMmPerRevolution = 7.62
                int threadStarts = 3
            }
        }
    )
    {
        def Xform "FixedReceptacle_J599_20FJ35SN" (
            customData = {
                dictionary j599 = {
                    string partNumber = "J599/20FJ35SN"
                    double representativeMassKg = 0.0965
                    string role = "fixed_socket_receptacle"
                }
            }
        )
        {
            def "Visual"
            {
                def Cube "Flange"
                {
                    color3f[] primvars:displayColor = [(0.49, 0.53, 0.58)]
                    double size = 1
                    float3 xformOp:scale = (0.046, 0.046, 0.00391)
                    double3 xformOp:translate = (0, 0, -0.0092)
                    uniform token[] xformOpOrder = ["xformOp:translate", "xformOp:scale"]
                }

                def Cylinder "RearShell"
                {
                    uniform token axis = "Z"
                    double height = 0.018
                    color3f[] primvars:displayColor = [(0.27, 0.3, 0.34)]
                    double radius = 0.019
                    double3 xformOp:translate = (0, 0, -0.019)
                    uniform token[] xformOpOrder = ["xformOp:translate"]
                }

                def Xform "RedMatedBand"
                {
                    def Cube "Segment_000"
                    {
                        color3f[] primvars:displayColor = [(0.75, 0.04, 0.03)]
                        double size = 1
                        float3 xformOp:scale = (0.00025, 0.0017720328, 0.0012)
                        double3 xformOp:translate = (0.019525, 0, -0.0065)
                        uniform token[] xformOpOrder = ["xformOp:translate", "xformOp:scale"]
                    }

                    def Cube "Segment_001"
                    {
                        color3f[] primvars:displayColor = [(0.75, 0.04, 0.03)]
                        double size = 1
                        float xformOp:rotateZ = 5
                        float3 xformOp:scale = (0.00025, 0.0017720328, 0.0012)
                        double3 xformOp:translate = (0.019450701480241334, 0.0017017158771480258, -0.0065)
                        uniform token[] xformOpOrder = ["xformOp:translate", "xformOp:rotateZ", "xformOp:scale"]
                    }

                    def Cube "Segment_002"
                    {
                        color3f[] primvars:displayColor = [(0.75, 0.04, 0.03)]
                        double size = 1
                        float xformOp:rotateZ = 10
                        float3 xformOp:scale = (0.00025, 0.0017720328, 0.0012)
                        double3 xformOp:translate = (0.019228371377563364, 0.003390480668946815, -0.0065)
                        uniform token[] xformOpOrder = ["xformOp:translate", "xformOp:rotateZ", "xformOp:scale"]
                    }

                    def Cube "Segment_003"
                    {
                        color3f[] primvars:displayColor = [(0.75, 0.04, 0.03)]
                        double size = 1
                        float xformOp:rotateZ = 15
                        float3 xformOp:scale = (0.00025, 0.0017720328, 0.0012)
                        double3 xformOp:translate = (0.01885970175829406, 0.005053441855626718, -0.0065)
                        uniform token[] xformOpOrder = ["xformOp:translate", "xformOp:rotateZ", "xformOp:scale"]
                    }

                    def Cube "Segment_004"
                    {
                        color3f[] primvars:displayColor = [(0.75, 0.04, 0.03)]
                        double size = 1
                        float xformOp:rotateZ = 20
                        float3 xformOp:scale = (0.00025, 0.0017720328, 0.0012)
                        double3 xformOp:translate = (0.018347498420844863, 0.006677943298433682, -0.0065)
                        uniform token[] xformOpOrder = ["xformOp:translate", "xformOp:rotateZ", "xformOp:scale"]
                    }

                    def Cube "Segment_005"
                    {
                        color3f[] primvars:displayColor = [(0.75, 0.04, 0.03)]
                        double size = 1
                        float xformOp:rotateZ = 25
                        float3 xformOp:scale = (0.00025, 0.0017720328, 0.0012)
                        double3 xformOp:translate = (0.01769565954189059, 0.008251621560487157, -0.0065)
                        uniform token[] xformOpOrder = ["xformOp:translate", "xformOp:rotateZ", "xformOp:scale"]
                    }

                    def Cube "Segment_006"
                    {
                        color3f[] primvars:displayColor = [(0.75, 0.04, 0.03)]
                        double size = 1
                        float xformOp:rotateZ = 30
                        float3 xformOp:scale = (0.00025, 0.0017720328, 0.0012)
                        double3 xformOp:translate = (0.016909146008891165, 0.009762499999999999, -0.0065)
                        uniform token[] xformOpOrder = ["xformOp:translate", "xformOp:rotateZ", "xformOp:scale"]
                    }

                    def Cube "Segment_007"
                    {
                        color3f[] primvars:displayColor = [(0.75, 0.04, 0.03)]
                        double size = 1
                        float xformOp:rotateZ = 35
                        float3 xformOp:scale = (0.00025, 0.0017720328, 0.0012)
                        double3 xformOp:translate = (0.015993943664742567, 0.011199079919754175, -0.0065)
                        uniform token[] xformOpOrder = ["xformOp:translate", "xformOp:rotateZ", "xformOp:scale"]
                    }

                    def Cube "Segment_008"
                    {
                        color3f[] primvars:displayColor = [(0.75, 0.04, 0.03)]
                        double size = 1
                        float xformOp:rotateZ = 40
                        float3 xformOp:scale = (0.00025, 0.0017720328, 0.0012)
                        double3 xformOp:translate = (0.014957017751898047, 0.012550428079129679, -0.0065)
                        uniform token[] xformOpOrder = ["xformOp:translate", "xformOp:rotateZ", "xformOp:scale"]
                    }

                    def Cube "Segment_009"
                    {
                        color3f[] primvars:displayColor = [(0.75, 0.04, 0.03)]
                        double size = 1
                        float xformOp:rotateZ = 45
                        float3 xformOp:scale = (0.00025, 0.0017720328, 0.0012)
                        double3 xformOp:translate = (0.013806259902667341, 0.01380625990266734, -0.0065)
                        uniform token[] xformOpOrder = ["xformOp:translate", "xformOp:rotateZ", "xformOp:scale"]
                    }

                    def Cube "Segment_010"
                    {
                        color3f[] primvars:displayColor = [(0.75, 0.04, 0.03)]
                        double size = 1
                        float xformOp:rotateZ = 50
                        float3 xformOp:scale = (0.00025, 0.0017720328, 0.0012)
                        double3 xformOp:translate = (0.01255042807912968, 0.014957017751898047, -0.0065)
                        uniform token[] xformOpOrder = ["xformOp:translate", "xformOp:rotateZ", "xformOp:scale"]
                    }

                    def Cube "Segment_011"
                    {
                        color3f[] primvars:displayColor = [(0.75, 0.04, 0.03)]
                        double size = 1
                        float xformOp:rotateZ = 55
                        float3 xformOp:scale = (0.00025, 0.0017720328, 0.0012)
                        double3 xformOp:translate = (0.011199079919754176, 0.015993943664742567, -0.0065)
                        uniform token[] xformOpOrder = ["xformOp:translate", "xformOp:rotateZ", "xformOp:scale"]
                    }

                    def Cube "Segment_012"
                    {
                        color3f[] primvars:displayColor = [(0.75, 0.04, 0.03)]
                        double size = 1
                        float xformOp:rotateZ = 60
                        float3 xformOp:scale = (0.00025, 0.0017720328, 0.0012)
                        double3 xformOp:translate = (0.009762500000000002, 0.016909146008891165, -0.0065)
                        uniform token[] xformOpOrder = ["xformOp:translate", "xformOp:rotateZ", "xformOp:scale"]
                    }

                    def Cube "Segment_013"
                    {
                        color3f[] primvars:displayColor = [(0.75, 0.04, 0.03)]
                        double size = 1
                        float xformOp:rotateZ = 65
                        float3 xformOp:scale = (0.00025, 0.0017720328, 0.0012)
                        double3 xformOp:translate = (0.008251621560487157, 0.01769565954189059, -0.0065)
                        uniform token[] xformOpOrder = ["xformOp:translate", "xformOp:rotateZ", "xformOp:scale"]
                    }

                    def Cube "Segment_014"
                    {
                        color3f[] primvars:displayColor = [(0.75, 0.04, 0.03)]
                        double size = 1
                        float xformOp:rotateZ = 70
                        float3 xformOp:scale = (0.00025, 0.0017720328, 0.0012)
                        double3 xformOp:translate = (0.0066779432984336844, 0.01834749842084486, -0.0065)
                        uniform token[] xformOpOrder = ["xformOp:translate", "xformOp:rotateZ", "xformOp:scale"]
                    }

                    def Cube "Segment_015"
                    {
                        color3f[] primvars:displayColor = [(0.75, 0.04, 0.03)]
                        double size = 1
                        float xformOp:rotateZ = 75
                        float3 xformOp:scale = (0.00025, 0.0017720328, 0.0012)
                        double3 xformOp:translate = (0.005053441855626718, 0.01885970175829406, -0.0065)
                        uniform token[] xformOpOrder = ["xformOp:translate", "xformOp:rotateZ", "xformOp:scale"]
                    }

                    def Cube "Segment_016"
                    {
                        color3f[] primvars:displayColor = [(0.75, 0.04, 0.03)]
                        double size = 1
                        float xformOp:rotateZ = 80
                        float3 xformOp:scale = (0.00025, 0.0017720328, 0.0012)
                        double3 xformOp:translate = (0.0033904806689468163, 0.019228371377563364, -0.0065)
                        uniform token[] xformOpOrder = ["xformOp:translate", "xformOp:rotateZ", "xformOp:scale"]
                    }

                    def Cube "Segment_017"
                    {
                        color3f[] primvars:displayColor = [(0.75, 0.04, 0.03)]
                        double size = 1
                        float xformOp:rotateZ = 85
                        float3 xformOp:scale = (0.00025, 0.0017720328, 0.0012)
                        double3 xformOp:translate = (0.0017017158771480251, 0.019450701480241334, -0.0065)
                        uniform token[] xformOpOrder = ["xformOp:translate", "xformOp:rotateZ", "xformOp:scale"]
                    }

                    def Cube "Segment_018"
                    {
                        color3f[] primvars:displayColor = [(0.75, 0.04, 0.03)]
                        double size = 1
                        float xformOp:rotateZ = 90
                        float3 xformOp:scale = (0.00025, 0.0017720328, 0.0012)
                        double3 xformOp:translate = (1.1955614376676035e-18, 0.019525, -0.0065)
                        uniform token[] xformOpOrder = ["xformOp:translate", "xformOp:rotateZ", "xformOp:scale"]
                    }

                    def Cube "Segment_019"
                    {
                        color3f[] primvars:displayColor = [(0.75, 0.04, 0.03)]
                        double size = 1
                        float xformOp:rotateZ = 95
                        float3 xformOp:scale = (0.00025, 0.0017720328, 0.0012)
                        double3 xformOp:translate = (-0.001701715877148027, 0.019450701480241334, -0.0065)
                        uniform token[] xformOpOrder = ["xformOp:translate", "xformOp:rotateZ", "xformOp:scale"]
                    }

                    def Cube "Segment_020"
                    {
                        color3f[] primvars:displayColor = [(0.75, 0.04, 0.03)]
                        double size = 1
                        float xformOp:rotateZ = 100
                        float3 xformOp:scale = (0.00025, 0.0017720328, 0.0012)
                        double3 xformOp:translate = (-0.003390480668946814, 0.019228371377563364, -0.0065)
                        uniform token[] xformOpOrder = ["xformOp:translate", "xformOp:rotateZ", "xformOp:scale"]
                    }

                    def Cube "Segment_021"
                    {
                        color3f[] primvars:displayColor = [(0.75, 0.04, 0.03)]
                        double size = 1
                        float xformOp:rotateZ = 105
                        float3 xformOp:scale = (0.00025, 0.0017720328, 0.0012)
                        double3 xformOp:translate = (-0.00505344185562672, 0.01885970175829406, -0.0065)
                        uniform token[] xformOpOrder = ["xformOp:translate", "xformOp:rotateZ", "xformOp:scale"]
                    }

                    def Cube "Segment_022"
                    {
                        color3f[] primvars:displayColor = [(0.75, 0.04, 0.03)]
                        double size = 1
                        float xformOp:rotateZ = 110
                        float3 xformOp:scale = (0.00025, 0.0017720328, 0.0012)
                        double3 xformOp:translate = (-0.006677943298433682, 0.018347498420844863, -0.0065)
                        uniform token[] xformOpOrder = ["xformOp:translate", "xformOp:rotateZ", "xformOp:scale"]
                    }

                    def Cube "Segment_023"
                    {
                        color3f[] primvars:displayColor = [(0.75, 0.04, 0.03)]
                        double size = 1
                        float xformOp:rotateZ = 115
                        float3 xformOp:scale = (0.00025, 0.0017720328, 0.0012)
                        double3 xformOp:translate = (-0.008251621560487154, 0.017695659541890594, -0.0065)
                        uniform token[] xformOpOrder = ["xformOp:translate", "xformOp:rotateZ", "xformOp:scale"]
                    }

                    def Cube "Segment_024"
                    {
                        color3f[] primvars:displayColor = [(0.75, 0.04, 0.03)]
                        double size = 1
                        float xformOp:rotateZ = 120
                        float3 xformOp:scale = (0.00025, 0.0017720328, 0.0012)
                        double3 xformOp:translate = (-0.009762499999999997, 0.016909146008891165, -0.0065)
                        uniform token[] xformOpOrder = ["xformOp:translate", "xformOp:rotateZ", "xformOp:scale"]
                    }

                    def Cube "Segment_025"
                    {
                        color3f[] primvars:displayColor = [(0.75, 0.04, 0.03)]
                        double size = 1
                        float xformOp:rotateZ = 125
                        float3 xformOp:scale = (0.00025, 0.0017720328, 0.0012)
                        double3 xformOp:translate = (-0.011199079919754176, 0.015993943664742563, -0.0065)
                        uniform token[] xformOpOrder = ["xformOp:translate", "xformOp:rotateZ", "xformOp:scale"]
                    }

                    def Cube "Segment_026"
                    {
                        color3f[] primvars:displayColor = [(0.75, 0.04, 0.03)]
                        double size = 1
                        float xformOp:rotateZ = 130
                        float3 xformOp:scale = (0.00025, 0.0017720328, 0.0012)
                        double3 xformOp:translate = (-0.01255042807912968, 0.014957017751898047, -0.0065)
                        uniform token[] xformOpOrder = ["xformOp:translate", "xformOp:rotateZ", "xformOp:scale"]
                    }

                    def Cube "Segment_027"
                    {
                        color3f[] primvars:displayColor = [(0.75, 0.04, 0.03)]
                        double size = 1
                        float xformOp:rotateZ = 135
                        float3 xformOp:scale = (0.00025, 0.0017720328, 0.0012)
                        double3 xformOp:translate = (-0.01380625990266734, 0.013806259902667341, -0.0065)
                        uniform token[] xformOpOrder = ["xformOp:translate", "xformOp:rotateZ", "xformOp:scale"]
                    }

                    def Cube "Segment_028"
                    {
                        color3f[] primvars:displayColor = [(0.75, 0.04, 0.03)]
                        double size = 1
                        float xformOp:rotateZ = 140
                        float3 xformOp:scale = (0.00025, 0.0017720328, 0.0012)
                        double3 xformOp:translate = (-0.014957017751898043, 0.012550428079129684, -0.0065)
                        uniform token[] xformOpOrder = ["xformOp:translate", "xformOp:rotateZ", "xformOp:scale"]
                    }

                    def Cube "Segment_029"
                    {
                        color3f[] primvars:displayColor = [(0.75, 0.04, 0.03)]
                        double size = 1
                        float xformOp:rotateZ = 145
                        float3 xformOp:scale = (0.00025, 0.0017720328, 0.0012)
                        double3 xformOp:translate = (-0.015993943664742567, 0.011199079919754173, -0.0065)
                        uniform token[] xformOpOrder = ["xformOp:translate", "xformOp:rotateZ", "xformOp:scale"]
                    }

                    def Cube "Segment_030"
                    {
                        color3f[] primvars:displayColor = [(0.75, 0.04, 0.03)]
                        double size = 1
                        float xformOp:rotateZ = 150
                        float3 xformOp:scale = (0.00025, 0.0017720328, 0.0012)
                        double3 xformOp:translate = (-0.016909146008891165, 0.009762499999999999, -0.0065)
                        uniform token[] xformOpOrder = ["xformOp:translate", "xformOp:rotateZ", "xformOp:scale"]
                    }

                    def Cube "Segment_031"
                    {
                        color3f[] primvars:displayColor = [(0.75, 0.04, 0.03)]
                        double size = 1
                        float xformOp:rotateZ = 155
                        float3 xformOp:scale = (0.00025, 0.0017720328, 0.0012)
                        double3 xformOp:translate = (-0.01769565954189059, 0.008251621560487157, -0.0065)
                        uniform token[] xformOpOrder = ["xformOp:translate", "xformOp:rotateZ", "xformOp:scale"]
                    }

                    def Cube "Segment_032"
                    {
                        color3f[] primvars:displayColor = [(0.75, 0.04, 0.03)]
                        double size = 1
                        float xformOp:rotateZ = 160
                        float3 xformOp:scale = (0.00025, 0.0017720328, 0.0012)
                        double3 xformOp:translate = (-0.01834749842084486, 0.006677943298433685, -0.0065)
                        uniform token[] xformOpOrder = ["xformOp:translate", "xformOp:rotateZ", "xformOp:scale"]
                    }

                    def Cube "Segment_033"
                    {
                        color3f[] primvars:displayColor = [(0.75, 0.04, 0.03)]
                        double size = 1
                        float xformOp:rotateZ = 165
                        float3 xformOp:scale = (0.00025, 0.0017720328, 0.0012)
                        double3 xformOp:translate = (-0.018859701758294056, 0.005053441855626723, -0.0065)
                        uniform token[] xformOpOrder = ["xformOp:translate", "xformOp:rotateZ", "xformOp:scale"]
                    }

                    def Cube "Segment_034"
                    {
                        color3f[] primvars:displayColor = [(0.75, 0.04, 0.03)]
                        double size = 1
                        float xformOp:rotateZ = 170
                        float3 xformOp:scale = (0.00025, 0.0017720328, 0.0012)
                        double3 xformOp:translate = (-0.019228371377563364, 0.0033904806689468137, -0.0065)
                        uniform token[] xformOpOrder = ["xformOp:translate", "xformOp:rotateZ", "xformOp:scale"]
                    }

                    def Cube "Segment_035"
                    {
                        color3f[] primvars:displayColor = [(0.75, 0.04, 0.03)]
                        double size = 1
                        float xformOp:rotateZ = 175
                        float3 xformOp:scale = (0.00025, 0.0017720328, 0.0012)
                        double3 xformOp:translate = (-0.019450701480241334, 0.0017017158771480262, -0.0065)
                        uniform token[] xformOpOrder = ["xformOp:translate", "xformOp:rotateZ", "xformOp:scale"]
                    }

                    def Cube "Segment_036"
                    {
                        color3f[] primvars:displayColor = [(0.75, 0.04, 0.03)]
                        double size = 1
                        float xformOp:rotateZ = 180
                        float3 xformOp:scale = (0.00025, 0.0017720328, 0.0012)
                        double3 xformOp:translate = (-0.019525, 2.391122875335207e-18, -0.0065)
                        uniform token[] xformOpOrder = ["xformOp:translate", "xformOp:rotateZ", "xformOp:scale"]
                    }

                    def Cube "Segment_037"
                    {
                        color3f[] primvars:displayColor = [(0.75, 0.04, 0.03)]
                        double size = 1
                        float xformOp:rotateZ = 185
                        float3 xformOp:scale = (0.00025, 0.0017720328, 0.0012)
                        double3 xformOp:translate = (-0.019450701480241334, -0.0017017158771480214, -0.0065)
                        uniform token[] xformOpOrder = ["xformOp:translate", "xformOp:rotateZ", "xformOp:scale"]
                    }

                    def Cube "Segment_038"
                    {
                        color3f[] primvars:displayColor = [(0.75, 0.04, 0.03)]
                        double size = 1
                        float xformOp:rotateZ = 190
                        float3 xformOp:scale = (0.00025, 0.0017720328, 0.0012)
                        double3 xformOp:translate = (-0.019228371377563364, -0.0033904806689468176, -0.0065)
                        uniform token[] xformOpOrder = ["xformOp:translate", "xformOp:rotateZ", "xformOp:scale"]
                    }

                    def Cube "Segment_039"
                    {
                        color3f[] primvars:displayColor = [(0.75, 0.04, 0.03)]
                        double size = 1
                        float xformOp:rotateZ = 195
                        float3 xformOp:scale = (0.00025, 0.0017720328, 0.0012)
                        double3 xformOp:translate = (-0.01885970175829406, -0.0050534418556267184, -0.0065)
                        uniform token[] xformOpOrder = ["xformOp:translate", "xformOp:rotateZ", "xformOp:scale"]
                    }

                    def Cube "Segment_040"
                    {
                        color3f[] primvars:displayColor = [(0.75, 0.04, 0.03)]
                        double size = 1
                        float xformOp:rotateZ = 200
                        float3 xformOp:scale = (0.00025, 0.0017720328, 0.0012)
                        double3 xformOp:translate = (-0.018347498420844863, -0.006677943298433681, -0.0065)
                        uniform token[] xformOpOrder = ["xformOp:translate", "xformOp:rotateZ", "xformOp:scale"]
                    }

                    def Cube "Segment_041"
                    {
                        color3f[] primvars:displayColor = [(0.75, 0.04, 0.03)]
                        double size = 1
                        float xformOp:rotateZ = 205
                        float3 xformOp:scale = (0.00025, 0.0017720328, 0.0012)
                        double3 xformOp:translate = (-0.017695659541890594, -0.008251621560487154, -0.0065)
                        uniform token[] xformOpOrder = ["xformOp:translate", "xformOp:rotateZ", "xformOp:scale"]
                    }

                    def Cube "Segment_042"
                    {
                        color3f[] primvars:displayColor = [(0.75, 0.04, 0.03)]
                        double size = 1
                        float xformOp:rotateZ = 210
                        float3 xformOp:scale = (0.00025, 0.0017720328, 0.0012)
                        double3 xformOp:translate = (-0.016909146008891165, -0.009762500000000002, -0.0065)
                        uniform token[] xformOpOrder = ["xformOp:translate", "xformOp:rotateZ", "xformOp:scale"]
                    }

                    def Cube "Segment_043"
                    {
                        color3f[] primvars:displayColor = [(0.75, 0.04, 0.03)]
                        double size = 1
                        float xformOp:rotateZ = 215
                        float3 xformOp:scale = (0.00025, 0.0017720328, 0.0012)
                        double3 xformOp:translate = (-0.015993943664742567, -0.011199079919754176, -0.0065)
                        uniform token[] xformOpOrder = ["xformOp:translate", "xformOp:rotateZ", "xformOp:scale"]
                    }

                    def Cube "Segment_044"
                    {
                        color3f[] primvars:displayColor = [(0.75, 0.04, 0.03)]
                        double size = 1
                        float xformOp:rotateZ = 220
                        float3 xformOp:scale = (0.00025, 0.0017720328, 0.0012)
                        double3 xformOp:translate = (-0.014957017751898047, -0.012550428079129679, -0.0065)
                        uniform token[] xformOpOrder = ["xformOp:translate", "xformOp:rotateZ", "xformOp:scale"]
                    }

                    def Cube "Segment_045"
                    {
                        color3f[] primvars:displayColor = [(0.75, 0.04, 0.03)]
                        double size = 1
                        float xformOp:rotateZ = 225
                        float3 xformOp:scale = (0.00025, 0.0017720328, 0.0012)
                        double3 xformOp:translate = (-0.013806259902667343, -0.01380625990266734, -0.0065)
                        uniform token[] xformOpOrder = ["xformOp:translate", "xformOp:rotateZ", "xformOp:scale"]
                    }

                    def Cube "Segment_046"
                    {
                        color3f[] primvars:displayColor = [(0.75, 0.04, 0.03)]
                        double size = 1
                        float xformOp:rotateZ = 230
                        float3 xformOp:scale = (0.00025, 0.0017720328, 0.0012)
                        double3 xformOp:translate = (-0.012550428079129684, -0.014957017751898043, -0.0065)
                        uniform token[] xformOpOrder = ["xformOp:translate", "xformOp:rotateZ", "xformOp:scale"]
                    }

                    def Cube "Segment_047"
                    {
                        color3f[] primvars:displayColor = [(0.75, 0.04, 0.03)]
                        double size = 1
                        float xformOp:rotateZ = 235
                        float3 xformOp:scale = (0.00025, 0.0017720328, 0.0012)
                        double3 xformOp:translate = (-0.011199079919754181, -0.01599394366474256, -0.0065)
                        uniform token[] xformOpOrder = ["xformOp:translate", "xformOp:rotateZ", "xformOp:scale"]
                    }

                    def Cube "Segment_048"
                    {
                        color3f[] primvars:displayColor = [(0.75, 0.04, 0.03)]
                        double size = 1
                        float xformOp:rotateZ = 240
                        float3 xformOp:scale = (0.00025, 0.0017720328, 0.0012)
                        double3 xformOp:translate = (-0.009762500000000009, -0.01690914600889116, -0.0065)
                        uniform token[] xformOpOrder = ["xformOp:translate", "xformOp:rotateZ", "xformOp:scale"]
                    }

                    def Cube "Segment_049"
                    {
                        color3f[] primvars:displayColor = [(0.75, 0.04, 0.03)]
                        double size = 1
                        float xformOp:rotateZ = 245
                        float3 xformOp:scale = (0.00025, 0.0017720328, 0.0012)
                        double3 xformOp:translate = (-0.008251621560487152, -0.017695659541890594, -0.0065)
                        uniform token[] xformOpOrder = ["xformOp:translate", "xformOp:rotateZ", "xformOp:scale"]
                    }

                    def Cube "Segment_050"
                    {
                        color3f[] primvars:displayColor = [(0.75, 0.04, 0.03)]
                        double size = 1
                        float xformOp:rotateZ = 250
                        float3 xformOp:scale = (0.00025, 0.0017720328, 0.0012)
                        double3 xformOp:translate = (-0.006677943298433678, -0.018347498420844863, -0.0065)
                        uniform token[] xformOpOrder = ["xformOp:translate", "xformOp:rotateZ", "xformOp:scale"]
                    }

                    def Cube "Segment_051"
                    {
                        color3f[] primvars:displayColor = [(0.75, 0.04, 0.03)]
                        double size = 1
                        float xformOp:rotateZ = 255
                        float3 xformOp:scale = (0.00025, 0.0017720328, 0.0012)
                        double3 xformOp:translate = (-0.005053441855626716, -0.01885970175829406, -0.0065)
                        uniform token[] xformOpOrder = ["xformOp:translate", "xformOp:rotateZ", "xformOp:scale"]
                    }

                    def Cube "Segment_052"
                    {
                        color3f[] primvars:displayColor = [(0.75, 0.04, 0.03)]
                        double size = 1
                        float xformOp:rotateZ = 260
                        float3 xformOp:scale = (0.00025, 0.0017720328, 0.0012)
                        double3 xformOp:translate = (-0.003390480668946815, -0.019228371377563364, -0.0065)
                        uniform token[] xformOpOrder = ["xformOp:translate", "xformOp:rotateZ", "xformOp:scale"]
                    }

                    def Cube "Segment_053"
                    {
                        color3f[] primvars:displayColor = [(0.75, 0.04, 0.03)]
                        double size = 1
                        float xformOp:rotateZ = 265
                        float3 xformOp:scale = (0.00025, 0.0017720328, 0.0012)
                        double3 xformOp:translate = (-0.0017017158771480273, -0.019450701480241334, -0.0065)
                        uniform token[] xformOpOrder = ["xformOp:translate", "xformOp:rotateZ", "xformOp:scale"]
                    }

                    def Cube "Segment_054"
                    {
                        color3f[] primvars:displayColor = [(0.75, 0.04, 0.03)]
                        double size = 1
                        float xformOp:rotateZ = 270
                        float3 xformOp:scale = (0.00025, 0.0017720328, 0.0012)
                        double3 xformOp:translate = (-3.586684313002811e-18, -0.019525, -0.0065)
                        uniform token[] xformOpOrder = ["xformOp:translate", "xformOp:rotateZ", "xformOp:scale"]
                    }

                    def Cube "Segment_055"
                    {
                        color3f[] primvars:displayColor = [(0.75, 0.04, 0.03)]
                        double size = 1
                        float xformOp:rotateZ = 275
                        float3 xformOp:scale = (0.00025, 0.0017720328, 0.0012)
                        double3 xformOp:translate = (0.0017017158771480204, -0.019450701480241334, -0.0065)
                        uniform token[] xformOpOrder = ["xformOp:translate", "xformOp:rotateZ", "xformOp:scale"]
                    }

                    def Cube "Segment_056"
                    {
                        color3f[] primvars:displayColor = [(0.75, 0.04, 0.03)]
                        double size = 1
                        float xformOp:rotateZ = 280
                        float3 xformOp:scale = (0.00025, 0.0017720328, 0.0012)
                        double3 xformOp:translate = (0.0033904806689468076, -0.019228371377563364, -0.0065)
                        uniform token[] xformOpOrder = ["xformOp:translate", "xformOp:rotateZ", "xformOp:scale"]
                    }

                    def Cube "Segment_057"
                    {
                        color3f[] primvars:displayColor = [(0.75, 0.04, 0.03)]
                        double size = 1
                        float xformOp:rotateZ = 285
                        float3 xformOp:scale = (0.00025, 0.0017720328, 0.0012)
                        double3 xformOp:translate = (0.005053441855626709, -0.018859701758294063, -0.0065)
                        uniform token[] xformOpOrder = ["xformOp:translate", "xformOp:rotateZ", "xformOp:scale"]
                    }

                    def Cube "Segment_058"
                    {
                        color3f[] primvars:displayColor = [(0.75, 0.04, 0.03)]
                        double size = 1
                        float xformOp:rotateZ = 290
                        float3 xformOp:scale = (0.00025, 0.0017720328, 0.0012)
                        double3 xformOp:translate = (0.006677943298433687, -0.01834749842084486, -0.0065)
                        uniform token[] xformOpOrder = ["xformOp:translate", "xformOp:rotateZ", "xformOp:scale"]
                    }

                    def Cube "Segment_059"
                    {
                        color3f[] primvars:displayColor = [(0.75, 0.04, 0.03)]
                        double size = 1
                        float xformOp:rotateZ = 295
                        float3 xformOp:scale = (0.00025, 0.0017720328, 0.0012)
                        double3 xformOp:translate = (0.00825162156048716, -0.01769565954189059, -0.0065)
                        uniform token[] xformOpOrder = ["xformOp:translate", "xformOp:rotateZ", "xformOp:scale"]
                    }

                    def Cube "Segment_060"
                    {
                        color3f[] primvars:displayColor = [(0.75, 0.04, 0.03)]
                        double size = 1
                        float xformOp:rotateZ = 300
                        float3 xformOp:scale = (0.00025, 0.0017720328, 0.0012)
                        double3 xformOp:translate = (0.009762500000000002, -0.016909146008891165, -0.0065)
                        uniform token[] xformOpOrder = ["xformOp:translate", "xformOp:rotateZ", "xformOp:scale"]
                    }

                    def Cube "Segment_061"
                    {
                        color3f[] primvars:displayColor = [(0.75, 0.04, 0.03)]
                        double size = 1
                        float xformOp:rotateZ = 305
                        float3 xformOp:scale = (0.00025, 0.0017720328, 0.0012)
                        double3 xformOp:translate = (0.011199079919754175, -0.015993943664742567, -0.0065)
                        uniform token[] xformOpOrder = ["xformOp:translate", "xformOp:rotateZ", "xformOp:scale"]
                    }

                    def Cube "Segment_062"
                    {
                        color3f[] primvars:displayColor = [(0.75, 0.04, 0.03)]
                        double size = 1
                        float xformOp:rotateZ = 310
                        float3 xformOp:scale = (0.00025, 0.0017720328, 0.0012)
                        double3 xformOp:translate = (0.012550428079129679, -0.014957017751898049, -0.0065)
                        uniform token[] xformOpOrder = ["xformOp:translate", "xformOp:rotateZ", "xformOp:scale"]
                    }

                    def Cube "Segment_063"
                    {
                        color3f[] primvars:displayColor = [(0.75, 0.04, 0.03)]
                        double size = 1
                        float xformOp:rotateZ = 315
                        float3 xformOp:scale = (0.00025, 0.0017720328, 0.0012)
                        double3 xformOp:translate = (0.013806259902667338, -0.013806259902667343, -0.0065)
                        uniform token[] xformOpOrder = ["xformOp:translate", "xformOp:rotateZ", "xformOp:scale"]
                    }

                    def Cube "Segment_064"
                    {
                        color3f[] primvars:displayColor = [(0.75, 0.04, 0.03)]
                        double size = 1
                        float xformOp:rotateZ = 320
                        float3 xformOp:scale = (0.00025, 0.0017720328, 0.0012)
                        double3 xformOp:translate = (0.014957017751898042, -0.012550428079129686, -0.0065)
                        uniform token[] xformOpOrder = ["xformOp:translate", "xformOp:rotateZ", "xformOp:scale"]
                    }

                    def Cube "Segment_065"
                    {
                        color3f[] primvars:displayColor = [(0.75, 0.04, 0.03)]
                        double size = 1
                        float xformOp:rotateZ = 325
                        float3 xformOp:scale = (0.00025, 0.0017720328, 0.0012)
                        double3 xformOp:translate = (0.01599394366474256, -0.011199079919754183, -0.0065)
                        uniform token[] xformOpOrder = ["xformOp:translate", "xformOp:rotateZ", "xformOp:scale"]
                    }

                    def Cube "Segment_066"
                    {
                        color3f[] primvars:displayColor = [(0.75, 0.04, 0.03)]
                        double size = 1
                        float xformOp:rotateZ = 330
                        float3 xformOp:scale = (0.00025, 0.0017720328, 0.0012)
                        double3 xformOp:translate = (0.01690914600889116, -0.009762500000000009, -0.0065)
                        uniform token[] xformOpOrder = ["xformOp:translate", "xformOp:rotateZ", "xformOp:scale"]
                    }

                    def Cube "Segment_067"
                    {
                        color3f[] primvars:displayColor = [(0.75, 0.04, 0.03)]
                        double size = 1
                        float xformOp:rotateZ = 335
                        float3 xformOp:scale = (0.00025, 0.0017720328, 0.0012)
                        double3 xformOp:translate = (0.017695659541890594, -0.008251621560487152, -0.0065)
                        uniform token[] xformOpOrder = ["xformOp:translate", "xformOp:rotateZ", "xformOp:scale"]
                    }

                    def Cube "Segment_068"
                    {
                        color3f[] primvars:displayColor = [(0.75, 0.04, 0.03)]
                        double size = 1
                        float xformOp:rotateZ = 340
                        float3 xformOp:scale = (0.00025, 0.0017720328, 0.0012)
                        double3 xformOp:translate = (0.018347498420844863, -0.00667794329843368, -0.0065)
                        uniform token[] xformOpOrder = ["xformOp:translate", "xformOp:rotateZ", "xformOp:scale"]
                    }

                    def Cube "Segment_069"
                    {
                        color3f[] primvars:displayColor = [(0.75, 0.04, 0.03)]
                        double size = 1
                        float xformOp:rotateZ = 345
                        float3 xformOp:scale = (0.00025, 0.0017720328, 0.0012)
                        double3 xformOp:translate = (0.01885970175829406, -0.005053441855626717, -0.0065)
                        uniform token[] xformOpOrder = ["xformOp:translate", "xformOp:rotateZ", "xformOp:scale"]
                    }

                    def Cube "Segment_070"
                    {
                        color3f[] primvars:displayColor = [(0.75, 0.04, 0.03)]
                        double size = 1
                        float xformOp:rotateZ = 350
                        float3 xformOp:scale = (0.00025, 0.0017720328, 0.0012)
                        double3 xformOp:translate = (0.019228371377563364, -0.003390480668946816, -0.0065)
                        uniform token[] xformOpOrder = ["xformOp:translate", "xformOp:rotateZ", "xformOp:scale"]
                    }

                    def Cube "Segment_071"
                    {
                        color3f[] primvars:displayColor = [(0.75, 0.04, 0.03)]
                        double size = 1
                        float xformOp:rotateZ = 355
                        float3 xformOp:scale = (0.00025, 0.0017720328, 0.0012)
                        double3 xformOp:translate = (0.019450701480241334, -0.0017017158771480288, -0.0065)
                        uniform token[] xformOpOrder = ["xformOp:translate", "xformOp:rotateZ", "xformOp:scale"]
                    }
                }

                def Cylinder "MountHole_1"
                {
                    uniform token axis = "Z"
                    double height = 0.0041
                    color3f[] primvars:displayColor = [(0.035, 0.04, 0.045)]
                    double radius = 0.00205
                    double3 xformOp:translate = (0.013470384181603732, 0.01347038418160373, -0.0092)
                    uniform token[] xformOpOrder = ["xformOp:translate"]
                }

                def Cylinder "MountHole_2"
                {
                    uniform token axis = "Z"
                    double height = 0.0041
                    color3f[] primvars:displayColor = [(0.035, 0.04, 0.045)]
                    double radius = 0.00205
                    double3 xformOp:translate = (-0.01347038418160373, 0.013470384181603732, -0.0092)
                    uniform token[] xformOpOrder = ["xformOp:translate"]
                }

                def Cylinder "MountHole_3"
                {
                    uniform token axis = "Z"
                    double height = 0.0041
                    color3f[] primvars:displayColor = [(0.035, 0.04, 0.045)]
                    double radius = 0.00205
                    double3 xformOp:translate = (-0.013470384181603734, -0.01347038418160373, -0.0092)
                    uniform token[] xformOpOrder = ["xformOp:translate"]
                }

                def Cylinder "MountHole_4"
                {
                    uniform token axis = "Z"
                    double height = 0.0041
                    color3f[] primvars:displayColor = [(0.035, 0.04, 0.045)]
                    double radius = 0.00205
                    double3 xformOp:translate = (0.013470384181603727, -0.013470384181603734, -0.0092)
                    uniform token[] xformOpOrder = ["xformOp:translate"]
                }

                def Cylinder "SocketInsertFace"
                {
                    uniform token axis = "Z"
                    double height = 0.00055
                    color3f[] primvars:displayColor = [(0.12, 0.16, 0.17)]
                    double radius = 0.0165
                    double3 xformOp:translate = (0, 0, -0.00032)
                    uniform token[] xformOpOrder = ["xformOp:translate"]
                }

                def Xform "KeywayShell"
                {
                    def Cube "Segment_000"
                    {
                        color3f[] primvars:displayColor = [(0.49, 0.53, 0.58)]
                        double size = 1
                        float xformOp:rotateZ = 8
                        float3 xformOp:scale = (0.0016525, 0.0006819036, 0.00724)
                        double3 xformOp:translate = (0.018600947836224475, 0.0026141927351586293, -0.00362)
                        uniform token[] xformOpOrder = ["xformOp:translate", "xformOp:rotateZ", "xformOp:scale"]
                    }

                    def Cube "Segment_001"
                    {
                        color3f[] primvars:displayColor = [(0.49, 0.53, 0.58)]
                        double size = 1
                        float xformOp:rotateZ = 10
                        float3 xformOp:scale = (0.0016525, 0.0006819036, 0.00724)
                        double3 xformOp:translate = (0.018498382630643063, 0.0032617639572512028, -0.00362)
                        uniform token[] xformOpOrder = ["xformOp:translate", "xformOp:rotateZ", "xformOp:scale"]
                    }

                    def Cube "Segment_002"
                    {
                        color3f[] primvars:displayColor = [(0.49, 0.53, 0.58)]
                        double size = 1
                        float xformOp:rotateZ = 12
                        float3 xformOp:scale = (0.0016525, 0.0006819036, 0.00724)
                        double3 xformOp:translate = (0.018373279995283622, 0.0039053612223980878, -0.00362)
                        uniform token[] xformOpOrder = ["xformOp:translate", "xformOp:rotateZ", "xformOp:scale"]
                    }

                    def Cube "Segment_003"
                    {
                        color3f[] primvars:displayColor = [(0.49, 0.53, 0.58)]
                        double size = 1
                        float xformOp:rotateZ = 14
                        float3 xformOp:scale = (0.0016525, 0.0006819036, 0.00724)
                        double3 xformOp:translate = (0.01822579234843675, 0.004544200406470259, -0.00362)
                        uniform token[] xformOpOrder = ["xformOp:translate", "xformOp:rotateZ", "xformOp:scale"]
                    }

                    def Cube "Segment_004"
                    {
                        color3f[] primvars:displayColor = [(0.49, 0.53, 0.58)]
                        double size = 1
                        float xformOp:rotateZ = 16
                        float3 xformOp:scale = (0.0016525, 0.0006819036, 0.00724)
                        double3 xformOp:translate = (0.018056099381081398, 0.005177503182327558, -0.00362)
                        uniform token[] xformOpOrder = ["xformOp:translate", "xformOp:rotateZ", "xformOp:scale"]
                    }

                    def Cube "Segment_005"
                    {
                        color3f[] primvars:displayColor = [(0.49, 0.53, 0.58)]
                        double size = 1
                        float xformOp:rotateZ = 18
                        float3 xformOp:scale = (0.0016525, 0.0006819036, 0.00724)
                        double3 xformOp:translate = (0.017864407837959093, 0.005804497968090419, -0.00362)
                        uniform token[] xformOpOrder = ["xformOp:translate", "xformOp:rotateZ", "xformOp:scale"]
                    }

                    def Cube "Segment_006"
                    {
                        color3f[] primvars:displayColor = [(0.49, 0.53, 0.58)]
                        double size = 1
                        float xformOp:rotateZ = 20
                        float3 xformOp:scale = (0.0016525, 0.0006819036, 0.00724)
                        double3 xformOp:translate = (0.01765095126568731, 0.006424420867193531, -0.00362)
                        uniform token[] xformOpOrder = ["xformOp:translate", "xformOp:rotateZ", "xformOp:scale"]
                    }

                    def Cube "Segment_007"
                    {
                        color3f[] primvars:displayColor = [(0.49, 0.53, 0.58)]
                        double size = 1
                        float xformOp:rotateZ = 22
                        float3 xformOp:scale = (0.0016525, 0.0006819036, 0.00724)
                        double3 xformOp:translate = (0.017415989728218895, 0.007036516599076138, -0.00362)
                        uniform token[] xformOpOrder = ["xformOp:translate", "xformOp:rotateZ", "xformOp:scale"]
                    }

                    def Cube "Segment_008"
                    {
                        color3f[] primvars:displayColor = [(0.49, 0.53, 0.58)]
                        double size = 1
                        float xformOp:rotateZ = 24
                        float3 xformOp:scale = (0.0016525, 0.0006819036, 0.00724)
                        double3 xformOp:translate = (0.017159809489994206, 0.007640039419375064, -0.00362)
                        uniform token[] xformOpOrder = ["xformOp:translate", "xformOp:rotateZ", "xformOp:scale"]
                    }

                    def Cube "Segment_009"
                    {
                        color3f[] primvars:displayColor = [(0.49, 0.53, 0.58)]
                        double size = 1
                        float xformOp:rotateZ = 26
                        float3 xformOp:scale = (0.0016525, 0.0006819036, 0.00724)
                        double3 xformOp:translate = (0.01688272266717198, 0.008234254028499333, -0.00362)
                        uniform token[] xformOpOrder = ["xformOp:translate", "xformOp:rotateZ", "xformOp:scale"]
                    }

                    def Cube "Segment_010"
                    {
                        color3f[] primvars:displayColor = [(0.49, 0.53, 0.58)]
                        double size = 1
                        float xformOp:rotateZ = 28
                        float3 xformOp:scale = (0.0016525, 0.0006819036, 0.00724)
                        double3 xformOp:translate = (0.016585066847363873, 0.008818436467479478, -0.00362)
                        uniform token[] xformOpOrder = ["xformOp:translate", "xformOp:rotateZ", "xformOp:scale"]
                    }

                    def Cube "Segment_011"
                    {
                        color3f[] primvars:displayColor = [(0.49, 0.53, 0.58)]
                        double size = 1
                        float xformOp:rotateZ = 30
                        float3 xformOp:scale = (0.0016525, 0.0006819036, 0.00724)
                        double3 xformOp:translate = (0.016267204678335954, 0.009391875, -0.00362)
                        uniform token[] xformOpOrder = ["xformOp:translate", "xformOp:rotateZ", "xformOp:scale"]
                    }

                    def Cube "Segment_012"
                    {
                        color3f[] primvars:displayColor = [(0.49, 0.53, 0.58)]
                        double size = 1
                        float xformOp:rotateZ = 32
                        float3 xformOp:scale = (0.0016525, 0.0006819036, 0.00724)
                        double3 xformOp:translate = (0.015929523426178267, 0.009953870979540463, -0.00362)
                        uniform token[] xformOpOrder = ["xformOp:translate", "xformOp:rotateZ", "xformOp:scale"]
                    }

                    def Cube "Segment_013"
                    {
                        color3f[] primvars:displayColor = [(0.49, 0.53, 0.58)]
                        double size = 1
                        float xformOp:rotateZ = 34
                        float3 xformOp:scale = (0.0016525, 0.0006819036, 0.00724)
                        double3 xformOp:translate = (0.015572434503480765, 0.010503739700568643, -0.00362)
                        uniform token[] xformOpOrder = ["xformOp:translate", "xformOp:rotateZ", "xformOp:scale"]
                    }

                    def Cube "Segment_014"
                    {
                        color3f[] primvars:displayColor = [(0.49, 0.53, 0.58)]
                        double size = 1
                        float xformOp:rotateZ = 36
                        float3 xformOp:scale = (0.0016525, 0.0006819036, 0.00724)
                        double3 xformOp:translate = (0.01519637296809042, 0.011040811232748743, -0.00362)
                        uniform token[] xformOpOrder = ["xformOp:translate", "xformOp:rotateZ", "xformOp:scale"]
                    }

                    def Cube "Segment_015"
                    {
                        color3f[] primvars:displayColor = [(0.49, 0.53, 0.58)]
                        double size = 1
                        float xformOp:rotateZ = 38
                        float3 xformOp:scale = (0.0016525, 0.0006819036, 0.00724)
                        double3 xformOp:translate = (0.014801796993060263, 0.011564431237148336, -0.00362)
                        uniform token[] xformOpOrder = ["xformOp:translate", "xformOp:rotateZ", "xformOp:scale"]
                    }

                    def Cube "Segment_016"
                    {
                        color3f[] primvars:displayColor = [(0.49, 0.53, 0.58)]
                        double size = 1
                        float xformOp:rotateZ = 40
                        float3 xformOp:scale = (0.0016525, 0.0006819036, 0.00724)
                        double3 xformOp:translate = (0.014389187308436104, 0.012073961763449532, -0.00362)
                        uniform token[] xformOpOrder = ["xformOp:translate", "xformOp:rotateZ", "xformOp:scale"]
                    }

                    def Cube "Segment_017"
                    {
                        color3f[] primvars:displayColor = [(0.49, 0.53, 0.58)]
                        double size = 1
                        float xformOp:rotateZ = 42
                        float3 xformOp:scale = (0.0016525, 0.0006819036, 0.00724)
                        double3 xformOp:translate = (0.013959046615561006, 0.012568782027193205, -0.00362)
                        uniform token[] xformOpOrder = ["xformOp:translate", "xformOp:rotateZ", "xformOp:scale"]
                    }

                    def Cube "Segment_018"
                    {
                        color3f[] primvars:displayColor = [(0.49, 0.53, 0.58)]
                        double size = 1
                        float xformOp:rotateZ = 44
                        float3 xformOp:scale = (0.0016525, 0.0006819036, 0.00724)
                        double3 xformOp:translate = (0.013511898974611141, 0.013048289166109192, -0.00362)
                        uniform token[] xformOpOrder = ["xformOp:translate", "xformOp:rotateZ", "xformOp:scale"]
                    }

                    def Cube "Segment_019"
                    {
                        color3f[] primvars:displayColor = [(0.49, 0.53, 0.58)]
                        double size = 1
                        float xformOp:rotateZ = 46
                        float3 xformOp:scale = (0.0016525, 0.0006819036, 0.00724)
                        double3 xformOp:translate = (0.013048289166109192, 0.013511898974611138, -0.00362)
                        uniform token[] xformOpOrder = ["xformOp:translate", "xformOp:rotateZ", "xformOp:scale"]
                    }

                    def Cube "Segment_020"
                    {
                        color3f[] primvars:displayColor = [(0.49, 0.53, 0.58)]
                        double size = 1
                        float xformOp:rotateZ = 48
                        float3 xformOp:scale = (0.0016525, 0.0006819036, 0.00724)
                        double3 xformOp:translate = (0.012568782027193203, 0.013959046615561008, -0.00362)
                        uniform token[] xformOpOrder = ["xformOp:translate", "xformOp:rotateZ", "xformOp:scale"]
                    }

                    def Cube "Segment_021"
                    {
                        color3f[] primvars:displayColor = [(0.49, 0.53, 0.58)]
                        double size = 1
                        float xformOp:rotateZ = 50
                        float3 xformOp:scale = (0.0016525, 0.0006819036, 0.00724)
                        double3 xformOp:translate = (0.012073961763449536, 0.014389187308436104, -0.00362)
                        uniform token[] xformOpOrder = ["xformOp:translate", "xformOp:rotateZ", "xformOp:scale"]
                    }

                    def Cube "Segment_022"
                    {
                        color3f[] primvars:displayColor = [(0.49, 0.53, 0.58)]
                        double size = 1
                        float xformOp:rotateZ = 52
                        float3 xformOp:scale = (0.0016525, 0.0006819036, 0.00724)
                        double3 xformOp:translate = (0.011564431237148336, 0.014801796993060267, -0.00362)
                        uniform token[] xformOpOrder = ["xformOp:translate", "xformOp:rotateZ", "xformOp:scale"]
                    }

                    def Cube "Segment_023"
                    {
                        color3f[] primvars:displayColor = [(0.49, 0.53, 0.58)]
                        double size = 1
                        float xformOp:rotateZ = 54
                        float3 xformOp:scale = (0.0016525, 0.0006819036, 0.00724)
                        double3 xformOp:translate = (0.011040811232748743, 0.01519637296809042, -0.00362)
                        uniform token[] xformOpOrder = ["xformOp:translate", "xformOp:rotateZ", "xformOp:scale"]
                    }

                    def Cube "Segment_024"
                    {
                        color3f[] primvars:displayColor = [(0.49, 0.53, 0.58)]
                        double size = 1
                        float xformOp:rotateZ = 56
                        float3 xformOp:scale = (0.0016525, 0.0006819036, 0.00724)
                        double3 xformOp:translate = (0.010503739700568641, 0.015572434503480767, -0.00362)
                        uniform token[] xformOpOrder = ["xformOp:translate", "xformOp:rotateZ", "xformOp:scale"]
                    }

                    def Cube "Segment_025"
                    {
                        color3f[] primvars:displayColor = [(0.49, 0.53, 0.58)]
                        double size = 1
                        float xformOp:rotateZ = 58
                        float3 xformOp:scale = (0.0016525, 0.0006819036, 0.00724)
                        double3 xformOp:translate = (0.009953870979540463, 0.015929523426178267, -0.00362)
                        uniform token[] xformOpOrder = ["xformOp:translate", "xformOp:rotateZ", "xformOp:scale"]
                    }

                    def Cube "Segment_026"
                    {
                        color3f[] primvars:displayColor = [(0.49, 0.53, 0.58)]
                        double size = 1
                        float xformOp:rotateZ = 60
                        float3 xformOp:scale = (0.0016525, 0.0006819036, 0.00724)
                        double3 xformOp:translate = (0.009391875000000003, 0.01626720467833595, -0.00362)
                        uniform token[] xformOpOrder = ["xformOp:translate", "xformOp:rotateZ", "xformOp:scale"]
                    }

                    def Cube "Segment_027"
                    {
                        color3f[] primvars:displayColor = [(0.49, 0.53, 0.58)]
                        double size = 1
                        float xformOp:rotateZ = 62
                        float3 xformOp:scale = (0.0016525, 0.0006819036, 0.00724)
                        double3 xformOp:translate = (0.008818436467479478, 0.01658506684736387, -0.00362)
                        uniform token[] xformOpOrder = ["xformOp:translate", "xformOp:rotateZ", "xformOp:scale"]
                    }

                    def Cube "Segment_028"
                    {
                        color3f[] primvars:displayColor = [(0.49, 0.53, 0.58)]
                        double size = 1
                        float xformOp:rotateZ = 64
                        float3 xformOp:scale = (0.0016525, 0.0006819036, 0.00724)
                        double3 xformOp:translate = (0.008234254028499335, 0.01688272266717198, -0.00362)
                        uniform token[] xformOpOrder = ["xformOp:translate", "xformOp:rotateZ", "xformOp:scale"]
                    }

                    def Cube "Segment_029"
                    {
                        color3f[] primvars:displayColor = [(0.49, 0.53, 0.58)]
                        double size = 1
                        float xformOp:rotateZ = 66
                        float3 xformOp:scale = (0.0016525, 0.0006819036, 0.00724)
                        double3 xformOp:translate = (0.007640039419375063, 0.017159809489994206, -0.00362)
                        uniform token[] xformOpOrder = ["xformOp:translate", "xformOp:rotateZ", "xformOp:scale"]
                    }

                    def Cube "Segment_030"
                    {
                        color3f[] primvars:displayColor = [(0.49, 0.53, 0.58)]
                        double size = 1
                        float xformOp:rotateZ = 68
                        float3 xformOp:scale = (0.0016525, 0.0006819036, 0.00724)
                        double3 xformOp:translate = (0.007036516599076137, 0.017415989728218895, -0.00362)
                        uniform token[] xformOpOrder = ["xformOp:translate", "xformOp:rotateZ", "xformOp:scale"]
                    }

                    def Cube "Segment_031"
                    {
                        color3f[] primvars:displayColor = [(0.49, 0.53, 0.58)]
                        double size = 1
                        float xformOp:rotateZ = 70
                        float3 xformOp:scale = (0.0016525, 0.0006819036, 0.00724)
                        double3 xformOp:translate = (0.006424420867193532, 0.017650951265687307, -0.00362)
                        uniform token[] xformOpOrder = ["xformOp:translate", "xformOp:rotateZ", "xformOp:scale"]
                    }

                    def Cube "Segment_032"
                    {
                        color3f[] primvars:displayColor = [(0.49, 0.53, 0.58)]
                        double size = 1
                        float xformOp:rotateZ = 72
                        float3 xformOp:scale = (0.0016525, 0.0006819036, 0.00724)
                        double3 xformOp:translate = (0.00580449796809042, 0.017864407837959093, -0.00362)
                        uniform token[] xformOpOrder = ["xformOp:translate", "xformOp:rotateZ", "xformOp:scale"]
                    }

                    def Cube "Segment_033"
                    {
                        color3f[] primvars:displayColor = [(0.49, 0.53, 0.58)]
                        double size = 1
                        float xformOp:rotateZ = 74
                        float3 xformOp:scale = (0.0016525, 0.0006819036, 0.00724)
                        double3 xformOp:translate = (0.005177503182327558, 0.018056099381081398, -0.00362)
                        uniform token[] xformOpOrder = ["xformOp:translate", "xformOp:rotateZ", "xformOp:scale"]
                    }

                    def Cube "Segment_034"
                    {
                        color3f[] primvars:displayColor = [(0.49, 0.53, 0.58)]
                        double size = 1
                        float xformOp:rotateZ = 76
                        float3 xformOp:scale = (0.0016525, 0.0006819036, 0.00724)
                        double3 xformOp:translate = (0.0045442004064702585, 0.01822579234843675, -0.00362)
                        uniform token[] xformOpOrder = ["xformOp:translate", "xformOp:rotateZ", "xformOp:scale"]
                    }

                    def Cube "Segment_035"
                    {
                        color3f[] primvars:displayColor = [(0.49, 0.53, 0.58)]
                        double size = 1
                        float xformOp:rotateZ = 84
                        float3 xformOp:scale = (0.0016525, 0.0006819036, 0.00724)
                        double3 xformOp:translate = (0.0019634365219037856, 0.018680850652123805, -0.00362)
                        uniform token[] xformOpOrder = ["xformOp:translate", "xformOp:rotateZ", "xformOp:scale"]
                    }

                    def Cube "Segment_036"
                    {
                        color3f[] primvars:displayColor = [(0.49, 0.53, 0.58)]
                        double size = 1
                        float xformOp:rotateZ = 86
                        float3 xformOp:scale = (0.0016525, 0.0006819036, 0.00724)
                        double3 xformOp:translate = (0.0013102881636912124, 0.018737993729067974, -0.00362)
                        uniform token[] xformOpOrder = ["xformOp:translate", "xformOp:rotateZ", "xformOp:scale"]
                    }

                    def Cube "Segment_037"
                    {
                        color3f[] primvars:displayColor = [(0.49, 0.53, 0.58)]
                        double size = 1
                        float xformOp:rotateZ = 88
                        float3 xformOp:scale = (0.0016525, 0.0006819036, 0.00724)
                        double3 xformOp:translate = (0.0006555434211856047, 0.01877230744701994, -0.00362)
                        uniform token[] xformOpOrder = ["xformOp:translate", "xformOp:rotateZ", "xformOp:scale"]
                    }

                    def Cube "Segment_038"
                    {
                        color3f[] primvars:displayColor = [(0.49, 0.53, 0.58)]
                        double size = 1
                        float xformOp:rotateZ = 90
                        float3 xformOp:scale = (0.0016525, 0.0006819036, 0.00724)
                        double3 xformOp:translate = (1.1501729656742049e-18, 0.018783750000000002, -0.00362)
                        uniform token[] xformOpOrder = ["xformOp:translate", "xformOp:rotateZ", "xformOp:scale"]
                    }

                    def Cube "Segment_039"
                    {
                        color3f[] primvars:displayColor = [(0.49, 0.53, 0.58)]
                        double size = 1
                        float xformOp:rotateZ = 92
                        float3 xformOp:scale = (0.0016525, 0.0006819036, 0.00724)
                        double3 xformOp:translate = (-0.0006555434211856024, 0.01877230744701994, -0.00362)
                        uniform token[] xformOpOrder = ["xformOp:translate", "xformOp:rotateZ", "xformOp:scale"]
                    }

                    def Cube "Segment_040"
                    {
                        color3f[] primvars:displayColor = [(0.49, 0.53, 0.58)]
                        double size = 1
                        float xformOp:rotateZ = 94
                        float3 xformOp:scale = (0.0016525, 0.0006819036, 0.00724)
                        double3 xformOp:translate = (-0.0013102881636912144, 0.018737993729067974, -0.00362)
                        uniform token[] xformOpOrder = ["xformOp:translate", "xformOp:rotateZ", "xformOp:scale"]
                    }

                    def Cube "Segment_041"
                    {
                        color3f[] primvars:displayColor = [(0.49, 0.53, 0.58)]
                        double size = 1
                        float xformOp:rotateZ = 96
                        float3 xformOp:scale = (0.0016525, 0.0006819036, 0.00724)
                        double3 xformOp:translate = (-0.0019634365219037917, 0.018680850652123805, -0.00362)
                        uniform token[] xformOpOrder = ["xformOp:translate", "xformOp:rotateZ", "xformOp:scale"]
                    }

                    def Cube "Segment_042"
                    {
                        color3f[] primvars:displayColor = [(0.49, 0.53, 0.58)]
                        double size = 1
                        float xformOp:rotateZ = 98
                        float3 xformOp:scale = (0.0016525, 0.0006819036, 0.00724)
                        double3 xformOp:translate = (-0.002614192735158628, 0.018600947836224475, -0.00362)
                        uniform token[] xformOpOrder = ["xformOp:translate", "xformOp:rotateZ", "xformOp:scale"]
                    }

                    def Cube "Segment_043"
                    {
                        color3f[] primvars:displayColor = [(0.49, 0.53, 0.58)]
                        double size = 1
                        float xformOp:rotateZ = 100
                        float3 xformOp:scale = (0.0016525, 0.0006819036, 0.00724)
                        double3 xformOp:translate = (-0.0032617639572512023, 0.018498382630643063, -0.00362)
                        uniform token[] xformOpOrder = ["xformOp:translate", "xformOp:rotateZ", "xformOp:scale"]
                    }

                    def Cube "Segment_044"
                    {
                        color3f[] primvars:displayColor = [(0.49, 0.53, 0.58)]
                        double size = 1
                        float xformOp:rotateZ = 102
                        float3 xformOp:scale = (0.0016525, 0.0006819036, 0.00724)
                        double3 xformOp:translate = (-0.0039053612223980873, 0.018373279995283626, -0.00362)
                        uniform token[] xformOpOrder = ["xformOp:translate", "xformOp:rotateZ", "xformOp:scale"]
                    }

                    def Cube "Segment_045"
                    {
                        color3f[] primvars:displayColor = [(0.49, 0.53, 0.58)]
                        double size = 1
                        float xformOp:rotateZ = 104
                        float3 xformOp:scale = (0.0016525, 0.0006819036, 0.00724)
                        double3 xformOp:translate = (-0.00454420040647026, 0.01822579234843675, -0.00362)
                        uniform token[] xformOpOrder = ["xformOp:translate", "xformOp:rotateZ", "xformOp:scale"]
                    }

                    def Cube "Segment_046"
                    {
                        color3f[] primvars:displayColor = [(0.49, 0.53, 0.58)]
                        double size = 1
                        float xformOp:rotateZ = 106
                        float3 xformOp:scale = (0.0016525, 0.0006819036, 0.00724)
                        double3 xformOp:translate = (-0.005177503182327557, 0.018056099381081398, -0.00362)
                        uniform token[] xformOpOrder = ["xformOp:translate", "xformOp:rotateZ", "xformOp:scale"]
                    }

                    def Cube "Segment_047"
                    {
                        color3f[] primvars:displayColor = [(0.49, 0.53, 0.58)]
                        double size = 1
                        float xformOp:rotateZ = 108
                        float3 xformOp:scale = (0.0016525, 0.0006819036, 0.00724)
                        double3 xformOp:translate = (-0.005804497968090417, 0.017864407837959093, -0.00362)
                        uniform token[] xformOpOrder = ["xformOp:translate", "xformOp:rotateZ", "xformOp:scale"]
                    }

                    def Cube "Segment_048"
                    {
                        color3f[] primvars:displayColor = [(0.49, 0.53, 0.58)]
                        double size = 1
                        float xformOp:rotateZ = 110
                        float3 xformOp:scale = (0.0016525, 0.0006819036, 0.00724)
                        double3 xformOp:translate = (-0.006424420867193531, 0.01765095126568731, -0.00362)
                        uniform token[] xformOpOrder = ["xformOp:translate", "xformOp:rotateZ", "xformOp:scale"]
                    }

                    def Cube "Segment_049"
                    {
                        color3f[] primvars:displayColor = [(0.49, 0.53, 0.58)]
                        double size = 1
                        float xformOp:rotateZ = 112
                        float3 xformOp:scale = (0.0016525, 0.0006819036, 0.00724)
                        double3 xformOp:translate = (-0.007036516599076139, 0.017415989728218895, -0.00362)
                        uniform token[] xformOpOrder = ["xformOp:translate", "xformOp:rotateZ", "xformOp:scale"]
                    }

                    def Cube "Segment_050"
                    {
                        color3f[] primvars:displayColor = [(0.49, 0.53, 0.58)]
                        double size = 1
                        float xformOp:rotateZ = 114
                        float3 xformOp:scale = (0.0016525, 0.0006819036, 0.00724)
                        double3 xformOp:translate = (-0.007640039419375068, 0.017159809489994203, -0.00362)
                        uniform token[] xformOpOrder = ["xformOp:translate", "xformOp:rotateZ", "xformOp:scale"]
                    }

                    def Cube "Segment_051"
                    {
                        color3f[] primvars:displayColor = [(0.49, 0.53, 0.58)]
                        double size = 1
                        float xformOp:rotateZ = 116
                        float3 xformOp:scale = (0.0016525, 0.0006819036, 0.00724)
                        double3 xformOp:translate = (-0.008234254028499335, 0.016882722667171977, -0.00362)
                        uniform token[] xformOpOrder = ["xformOp:translate", "xformOp:rotateZ", "xformOp:scale"]
                    }

                    def Cube "Segment_052"
                    {
                        color3f[] primvars:displayColor = [(0.49, 0.53, 0.58)]
                        double size = 1
                        float xformOp:rotateZ = 118
                        float3 xformOp:scale = (0.0016525, 0.0006819036, 0.00724)
                        double3 xformOp:translate = (-0.00881843646747948, 0.01658506684736387, -0.00362)
                        uniform token[] xformOpOrder = ["xformOp:translate", "xformOp:rotateZ", "xformOp:scale"]
                    }

                    def Cube "Segment_053"
                    {
                        color3f[] primvars:displayColor = [(0.49, 0.53, 0.58)]
                        double size = 1
                        float xformOp:rotateZ = 120
                        float3 xformOp:scale = (0.0016525, 0.0006819036, 0.00724)
                        double3 xformOp:translate = (-0.009391874999999997, 0.016267204678335954, -0.00362)
                        uniform token[] xformOpOrder = ["xformOp:translate", "xformOp:rotateZ", "xformOp:scale"]
                    }

                    def Cube "Segment_054"
                    {
                        color3f[] primvars:displayColor = [(0.49, 0.53, 0.58)]
                        double size = 1
                        float xformOp:rotateZ = 122
                        float3 xformOp:scale = (0.0016525, 0.0006819036, 0.00724)
                        double3 xformOp:translate = (-0.009953870979540461, 0.01592952342617827, -0.00362)
                        uniform token[] xformOpOrder = ["xformOp:translate", "xformOp:rotateZ", "xformOp:scale"]
                    }

                    def Cube "Segment_055"
                    {
                        color3f[] primvars:displayColor = [(0.49, 0.53, 0.58)]
                        double size = 1
                        float xformOp:rotateZ = 124
                        float3 xformOp:scale = (0.0016525, 0.0006819036, 0.00724)
                        double3 xformOp:translate = (-0.01050373970056864, 0.015572434503480767, -0.00362)
                        uniform token[] xformOpOrder = ["xformOp:translate", "xformOp:rotateZ", "xformOp:scale"]
                    }

                    def Cube "Segment_056"
                    {
                        color3f[] primvars:displayColor = [(0.49, 0.53, 0.58)]
                        double size = 1
                        float xformOp:rotateZ = 126
                        float3 xformOp:scale = (0.0016525, 0.0006819036, 0.00724)
                        double3 xformOp:translate = (-0.011040811232748741, 0.01519637296809042, -0.00362)
                        uniform token[] xformOpOrder = ["xformOp:translate", "xformOp:rotateZ", "xformOp:scale"]
                    }

                    def Cube "Segment_057"
                    {
                        color3f[] primvars:displayColor = [(0.49, 0.53, 0.58)]
                        double size = 1
                        float xformOp:rotateZ = 128
                        float3 xformOp:scale = (0.0016525, 0.0006819036, 0.00724)
                        double3 xformOp:translate = (-0.011564431237148336, 0.014801796993060267, -0.00362)
                        uniform token[] xformOpOrder = ["xformOp:translate", "xformOp:rotateZ", "xformOp:scale"]
                    }

                    def Cube "Segment_058"
                    {
                        color3f[] primvars:displayColor = [(0.49, 0.53, 0.58)]
                        double size = 1
                        float xformOp:rotateZ = 130
                        float3 xformOp:scale = (0.0016525, 0.0006819036, 0.00724)
                        double3 xformOp:translate = (-0.012073961763449536, 0.014389187308436104, -0.00362)
                        uniform token[] xformOpOrder = ["xformOp:translate", "xformOp:rotateZ", "xformOp:scale"]
                    }

                    def Cube "Segment_059"
                    {
                        color3f[] primvars:displayColor = [(0.49, 0.53, 0.58)]
                        double size = 1
                        float xformOp:rotateZ = 132
                        float3 xformOp:scale = (0.0016525, 0.0006819036, 0.00724)
                        double3 xformOp:translate = (-0.012568782027193205, 0.013959046615561006, -0.00362)
                        uniform token[] xformOpOrder = ["xformOp:translate", "xformOp:rotateZ", "xformOp:scale"]
                    }

                    def Cube "Segment_060"
                    {
                        color3f[] primvars:displayColor = [(0.49, 0.53, 0.58)]
                        double size = 1
                        float xformOp:rotateZ = 134
                        float3 xformOp:scale = (0.0016525, 0.0006819036, 0.00724)
                        double3 xformOp:translate = (-0.013048289166109193, 0.013511898974611138, -0.00362)
                        uniform token[] xformOpOrder = ["xformOp:translate", "xformOp:rotateZ", "xformOp:scale"]
                    }

                    def Cube "Segment_061"
                    {
                        color3f[] primvars:displayColor = [(0.49, 0.53, 0.58)]
                        double size = 1
                        float xformOp:rotateZ = 136
                        float3 xformOp:scale = (0.0016525, 0.0006819036, 0.00724)
                        double3 xformOp:translate = (-0.013511898974611141, 0.013048289166109188, -0.00362)
                        uniform token[] xformOpOrder = ["xformOp:translate", "xformOp:rotateZ", "xformOp:scale"]
                    }

                    def Cube "Segment_062"
                    {
                        color3f[] primvars:displayColor = [(0.49, 0.53, 0.58)]
                        double size = 1
                        float xformOp:rotateZ = 138
                        float3 xformOp:scale = (0.0016525, 0.0006819036, 0.00724)
                        double3 xformOp:translate = (-0.013959046615561, 0.012568782027193207, -0.00362)
                        uniform token[] xformOpOrder = ["xformOp:translate", "xformOp:rotateZ", "xformOp:scale"]
                    }

                    def Cube "Segment_063"
                    {
                        color3f[] primvars:displayColor = [(0.49, 0.53, 0.58)]
                        double size = 1
                        float xformOp:rotateZ = 146
                        float3 xformOp:scale = (0.0016525, 0.0006819036, 0.00724)
                        double3 xformOp:translate = (-0.015572434503480765, 0.010503739700568643, -0.00362)
                        uniform token[] xformOpOrder = ["xformOp:translate", "xformOp:rotateZ", "xformOp:scale"]
                    }

                    def Cube "Segment_064"
                    {
                        color3f[] primvars:displayColor = [(0.49, 0.53, 0.58)]
                        double size = 1
                        float xformOp:rotateZ = 148
                        float3 xformOp:scale = (0.0016525, 0.0006819036, 0.00724)
                        double3 xformOp:translate = (-0.015929523426178267, 0.009953870979540463, -0.00362)
                        uniform token[] xformOpOrder = ["xformOp:translate", "xformOp:rotateZ", "xformOp:scale"]
                    }

                    def Cube "Segment_065"
                    {
                        color3f[] primvars:displayColor = [(0.49, 0.53, 0.58)]
                        double size = 1
                        float xformOp:rotateZ = 150
                        float3 xformOp:scale = (0.0016525, 0.0006819036, 0.00724)
                        double3 xformOp:translate = (-0.016267204678335954, 0.009391875, -0.00362)
                        uniform token[] xformOpOrder = ["xformOp:translate", "xformOp:rotateZ", "xformOp:scale"]
                    }

                    def Cube "Segment_066"
                    {
                        color3f[] primvars:displayColor = [(0.49, 0.53, 0.58)]
                        double size = 1
                        float xformOp:rotateZ = 152
                        float3 xformOp:scale = (0.0016525, 0.0006819036, 0.00724)
                        double3 xformOp:translate = (-0.016585066847363873, 0.008818436467479476, -0.00362)
                        uniform token[] xformOpOrder = ["xformOp:translate", "xformOp:rotateZ", "xformOp:scale"]
                    }

                    def Cube "Segment_067"
                    {
                        color3f[] primvars:displayColor = [(0.49, 0.53, 0.58)]
                        double size = 1
                        float xformOp:rotateZ = 154
                        float3 xformOp:scale = (0.0016525, 0.0006819036, 0.00724)
                        double3 xformOp:translate = (-0.01688272266717198, 0.008234254028499331, -0.00362)
                        uniform token[] xformOpOrder = ["xformOp:translate", "xformOp:rotateZ", "xformOp:scale"]
                    }

                    def Cube "Segment_068"
                    {
                        color3f[] primvars:displayColor = [(0.49, 0.53, 0.58)]
                        double size = 1
                        float xformOp:rotateZ = 156
                        float3 xformOp:scale = (0.0016525, 0.0006819036, 0.00724)
                        double3 xformOp:translate = (-0.017159809489994203, 0.007640039419375067, -0.00362)
                        uniform token[] xformOpOrder = ["xformOp:translate", "xformOp:rotateZ", "xformOp:scale"]
                    }

                    def Cube "Segment_069"
                    {
                        color3f[] primvars:displayColor = [(0.49, 0.53, 0.58)]
                        double size = 1
                        float xformOp:rotateZ = 158
                        float3 xformOp:scale = (0.0016525, 0.0006819036, 0.00724)
                        double3 xformOp:translate = (-0.01741598972821889, 0.0070365165990761425, -0.00362)
                        uniform token[] xformOpOrder = ["xformOp:translate", "xformOp:rotateZ", "xformOp:scale"]
                    }

                    def Cube "Segment_070"
                    {
                        color3f[] primvars:displayColor = [(0.49, 0.53, 0.58)]
                        double size = 1
                        float xformOp:rotateZ = 160
                        float3 xformOp:scale = (0.0016525, 0.0006819036, 0.00724)
                        double3 xformOp:translate = (-0.017650951265687307, 0.006424420867193533, -0.00362)
                        uniform token[] xformOpOrder = ["xformOp:translate", "xformOp:rotateZ", "xformOp:scale"]
                    }

                    def Cube "Segment_071"
                    {
                        color3f[] primvars:displayColor = [(0.49, 0.53, 0.58)]
                        double size = 1
                        float xformOp:rotateZ = 162
                        float3 xformOp:scale = (0.0016525, 0.0006819036, 0.00724)
                        double3 xformOp:translate = (-0.017864407837959093, 0.005804497968090421, -0.00362)
                        uniform token[] xformOpOrder = ["xformOp:translate", "xformOp:rotateZ", "xformOp:scale"]
                    }

                    def Cube "Segment_072"
                    {
                        color3f[] primvars:displayColor = [(0.49, 0.53, 0.58)]
                        double size = 1
                        float xformOp:rotateZ = 164
                        float3 xformOp:scale = (0.0016525, 0.0006819036, 0.00724)
                        double3 xformOp:translate = (-0.018056099381081398, 0.005177503182327559, -0.00362)
                        uniform token[] xformOpOrder = ["xformOp:translate", "xformOp:rotateZ", "xformOp:scale"]
                    }

                    def Cube "Segment_073"
                    {
                        color3f[] primvars:displayColor = [(0.49, 0.53, 0.58)]
                        double size = 1
                        float xformOp:rotateZ = 166
                        float3 xformOp:scale = (0.0016525, 0.0006819036, 0.00724)
                        double3 xformOp:translate = (-0.01822579234843675, 0.004544200406470259, -0.00362)
                        uniform token[] xformOpOrder = ["xformOp:translate", "xformOp:rotateZ", "xformOp:scale"]
                    }

                    def Cube "Segment_074"
                    {
                        color3f[] primvars:displayColor = [(0.49, 0.53, 0.58)]
                        double size = 1
                        float xformOp:rotateZ = 168
                        float3 xformOp:scale = (0.0016525, 0.0006819036, 0.00724)
                        double3 xformOp:translate = (-0.018373279995283626, 0.003905361222398087, -0.00362)
                        uniform token[] xformOpOrder = ["xformOp:translate", "xformOp:rotateZ", "xformOp:scale"]
                    }

                    def Cube "Segment_075"
                    {
                        color3f[] primvars:displayColor = [(0.49, 0.53, 0.58)]
                        double size = 1
                        float xformOp:rotateZ = 170
                        float3 xformOp:scale = (0.0016525, 0.0006819036, 0.00724)
                        double3 xformOp:translate = (-0.018498382630643063, 0.003261763957251202, -0.00362)
                        uniform token[] xformOpOrder = ["xformOp:translate", "xformOp:rotateZ", "xformOp:scale"]
                    }

                    def Cube "Segment_076"
                    {
                        color3f[] primvars:displayColor = [(0.49, 0.53, 0.58)]
                        double size = 1
                        float xformOp:rotateZ = 172
                        float3 xformOp:scale = (0.0016525, 0.0006819036, 0.00724)
                        double3 xformOp:translate = (-0.018600947836224475, 0.0026141927351586275, -0.00362)
                        uniform token[] xformOpOrder = ["xformOp:translate", "xformOp:rotateZ", "xformOp:scale"]
                    }

                    def Cube "Segment_077"
                    {
                        color3f[] primvars:displayColor = [(0.49, 0.53, 0.58)]
                        double size = 1
                        float xformOp:rotateZ = 174
                        float3 xformOp:scale = (0.0016525, 0.0006819036, 0.00724)
                        double3 xformOp:translate = (-0.018680850652123805, 0.001963436521903791, -0.00362)
                        uniform token[] xformOpOrder = ["xformOp:translate", "xformOp:rotateZ", "xformOp:scale"]
                    }

                    def Cube "Segment_078"
                    {
                        color3f[] primvars:displayColor = [(0.49, 0.53, 0.58)]
                        double size = 1
                        float xformOp:rotateZ = 176
                        float3 xformOp:scale = (0.0016525, 0.0006819036, 0.00724)
                        double3 xformOp:translate = (-0.018737993729067974, 0.0013102881636912179, -0.00362)
                        uniform token[] xformOpOrder = ["xformOp:translate", "xformOp:rotateZ", "xformOp:scale"]
                    }

                    def Cube "Segment_079"
                    {
                        color3f[] primvars:displayColor = [(0.49, 0.53, 0.58)]
                        double size = 1
                        float xformOp:rotateZ = 178
                        float3 xformOp:scale = (0.0016525, 0.0006819036, 0.00724)
                        double3 xformOp:translate = (-0.01877230744701994, 0.0006555434211856059, -0.00362)
                        uniform token[] xformOpOrder = ["xformOp:translate", "xformOp:rotateZ", "xformOp:scale"]
                    }

                    def Cube "Segment_080"
                    {
                        color3f[] primvars:displayColor = [(0.49, 0.53, 0.58)]
                        double size = 1
                        float xformOp:rotateZ = 180
                        float3 xformOp:scale = (0.0016525, 0.0006819036, 0.00724)
                        double3 xformOp:translate = (-0.018783750000000002, 2.3003459313484097e-18, -0.00362)
                        uniform token[] xformOpOrder = ["xformOp:translate", "xformOp:rotateZ", "xformOp:scale"]
                    }

                    def Cube "Segment_081"
                    {
                        color3f[] primvars:displayColor = [(0.49, 0.53, 0.58)]
                        double size = 1
                        float xformOp:rotateZ = 182
                        float3 xformOp:scale = (0.0016525, 0.0006819036, 0.00724)
                        double3 xformOp:translate = (-0.01877230744701994, -0.0006555434211856013, -0.00362)
                        uniform token[] xformOpOrder = ["xformOp:translate", "xformOp:rotateZ", "xformOp:scale"]
                    }

                    def Cube "Segment_082"
                    {
                        color3f[] primvars:displayColor = [(0.49, 0.53, 0.58)]
                        double size = 1
                        float xformOp:rotateZ = 184
                        float3 xformOp:scale = (0.0016525, 0.0006819036, 0.00724)
                        double3 xformOp:translate = (-0.018737993729067974, -0.0013102881636912133, -0.00362)
                        uniform token[] xformOpOrder = ["xformOp:translate", "xformOp:rotateZ", "xformOp:scale"]
                    }

                    def Cube "Segment_083"
                    {
                        color3f[] primvars:displayColor = [(0.49, 0.53, 0.58)]
                        double size = 1
                        float xformOp:rotateZ = 186
                        float3 xformOp:scale = (0.0016525, 0.0006819036, 0.00724)
                        double3 xformOp:translate = (-0.018680850652123805, -0.0019634365219037865, -0.00362)
                        uniform token[] xformOpOrder = ["xformOp:translate", "xformOp:rotateZ", "xformOp:scale"]
                    }

                    def Cube "Segment_084"
                    {
                        color3f[] primvars:displayColor = [(0.49, 0.53, 0.58)]
                        double size = 1
                        float xformOp:rotateZ = 188
                        float3 xformOp:scale = (0.0016525, 0.0006819036, 0.00724)
                        double3 xformOp:translate = (-0.01860094783622447, -0.002614192735158631, -0.00362)
                        uniform token[] xformOpOrder = ["xformOp:translate", "xformOp:rotateZ", "xformOp:scale"]
                    }

                    def Cube "Segment_085"
                    {
                        color3f[] primvars:displayColor = [(0.49, 0.53, 0.58)]
                        double size = 1
                        float xformOp:rotateZ = 190
                        float3 xformOp:scale = (0.0016525, 0.0006819036, 0.00724)
                        double3 xformOp:translate = (-0.018498382630643063, -0.0032617639572512054, -0.00362)
                        uniform token[] xformOpOrder = ["xformOp:translate", "xformOp:rotateZ", "xformOp:scale"]
                    }

                    def Cube "Segment_086"
                    {
                        color3f[] primvars:displayColor = [(0.49, 0.53, 0.58)]
                        double size = 1
                        float xformOp:rotateZ = 192
                        float3 xformOp:scale = (0.0016525, 0.0006819036, 0.00724)
                        double3 xformOp:translate = (-0.01837327999528362, -0.003905361222398098, -0.00362)
                        uniform token[] xformOpOrder = ["xformOp:translate", "xformOp:rotateZ", "xformOp:scale"]
                    }

                    def Cube "Segment_087"
                    {
                        color3f[] primvars:displayColor = [(0.49, 0.53, 0.58)]
                        double size = 1
                        float xformOp:rotateZ = 200
                        float3 xformOp:scale = (0.0016525, 0.0006819036, 0.00724)
                        double3 xformOp:translate = (-0.01765095126568731, -0.006424420867193529, -0.00362)
                        uniform token[] xformOpOrder = ["xformOp:translate", "xformOp:rotateZ", "xformOp:scale"]
                    }

                    def Cube "Segment_088"
                    {
                        color3f[] primvars:displayColor = [(0.49, 0.53, 0.58)]
                        double size = 1
                        float xformOp:rotateZ = 202
                        float3 xformOp:scale = (0.0016525, 0.0006819036, 0.00724)
                        double3 xformOp:translate = (-0.017415989728218895, -0.007036516599076138, -0.00362)
                        uniform token[] xformOpOrder = ["xformOp:translate", "xformOp:rotateZ", "xformOp:scale"]
                    }

                    def Cube "Segment_089"
                    {
                        color3f[] primvars:displayColor = [(0.49, 0.53, 0.58)]
                        double size = 1
                        float xformOp:rotateZ = 204
                        float3 xformOp:scale = (0.0016525, 0.0006819036, 0.00724)
                        double3 xformOp:translate = (-0.017159809489994206, -0.007640039419375063, -0.00362)
                        uniform token[] xformOpOrder = ["xformOp:translate", "xformOp:rotateZ", "xformOp:scale"]
                    }

                    def Cube "Segment_090"
                    {
                        color3f[] primvars:displayColor = [(0.49, 0.53, 0.58)]
                        double size = 1
                        float xformOp:rotateZ = 206
                        float3 xformOp:scale = (0.0016525, 0.0006819036, 0.00724)
                        double3 xformOp:translate = (-0.016882722667171977, -0.008234254028499335, -0.00362)
                        uniform token[] xformOpOrder = ["xformOp:translate", "xformOp:rotateZ", "xformOp:scale"]
                    }

                    def Cube "Segment_091"
                    {
                        color3f[] primvars:displayColor = [(0.49, 0.53, 0.58)]
                        double size = 1
                        float xformOp:rotateZ = 208
                        float3 xformOp:scale = (0.0016525, 0.0006819036, 0.00724)
                        double3 xformOp:translate = (-0.01658506684736387, -0.008818436467479478, -0.00362)
                        uniform token[] xformOpOrder = ["xformOp:translate", "xformOp:rotateZ", "xformOp:scale"]
                    }

                    def Cube "Segment_092"
                    {
                        color3f[] primvars:displayColor = [(0.49, 0.53, 0.58)]
                        double size = 1
                        float xformOp:rotateZ = 210
                        float3 xformOp:scale = (0.0016525, 0.0006819036, 0.00724)
                        double3 xformOp:translate = (-0.016267204678335947, -0.009391875000000011, -0.00362)
                        uniform token[] xformOpOrder = ["xformOp:translate", "xformOp:rotateZ", "xformOp:scale"]
                    }

                    def Cube "Segment_093"
                    {
                        color3f[] primvars:displayColor = [(0.49, 0.53, 0.58)]
                        double size = 1
                        float xformOp:rotateZ = 212
                        float3 xformOp:scale = (0.0016525, 0.0006819036, 0.00724)
                        double3 xformOp:translate = (-0.01592952342617827, -0.009953870979540461, -0.00362)
                        uniform token[] xformOpOrder = ["xformOp:translate", "xformOp:rotateZ", "xformOp:scale"]
                    }

                    def Cube "Segment_094"
                    {
                        color3f[] primvars:displayColor = [(0.49, 0.53, 0.58)]
                        double size = 1
                        float xformOp:rotateZ = 214
                        float3 xformOp:scale = (0.0016525, 0.0006819036, 0.00724)
                        double3 xformOp:translate = (-0.015572434503480769, -0.01050373970056864, -0.00362)
                        uniform token[] xformOpOrder = ["xformOp:translate", "xformOp:rotateZ", "xformOp:scale"]
                    }

                    def Cube "Segment_095"
                    {
                        color3f[] primvars:displayColor = [(0.49, 0.53, 0.58)]
                        double size = 1
                        float xformOp:rotateZ = 216
                        float3 xformOp:scale = (0.0016525, 0.0006819036, 0.00724)
                        double3 xformOp:translate = (-0.015196372968090423, -0.011040811232748741, -0.00362)
                        uniform token[] xformOpOrder = ["xformOp:translate", "xformOp:rotateZ", "xformOp:scale"]
                    }

                    def Cube "Segment_096"
                    {
                        color3f[] primvars:displayColor = [(0.49, 0.53, 0.58)]
                        double size = 1
                        float xformOp:rotateZ = 218
                        float3 xformOp:scale = (0.0016525, 0.0006819036, 0.00724)
                        double3 xformOp:translate = (-0.014801796993060267, -0.011564431237148332, -0.00362)
                        uniform token[] xformOpOrder = ["xformOp:translate", "xformOp:rotateZ", "xformOp:scale"]
                    }

                    def Cube "Segment_097"
                    {
                        color3f[] primvars:displayColor = [(0.49, 0.53, 0.58)]
                        double size = 1
                        float xformOp:rotateZ = 220
                        float3 xformOp:scale = (0.0016525, 0.0006819036, 0.00724)
                        double3 xformOp:translate = (-0.014389187308436104, -0.012073961763449532, -0.00362)
                        uniform token[] xformOpOrder = ["xformOp:translate", "xformOp:rotateZ", "xformOp:scale"]
                    }

                    def Cube "Segment_098"
                    {
                        color3f[] primvars:displayColor = [(0.49, 0.53, 0.58)]
                        double size = 1
                        float xformOp:rotateZ = 222
                        float3 xformOp:scale = (0.0016525, 0.0006819036, 0.00724)
                        double3 xformOp:translate = (-0.013959046615561006, -0.012568782027193205, -0.00362)
                        uniform token[] xformOpOrder = ["xformOp:translate", "xformOp:rotateZ", "xformOp:scale"]
                    }

                    def Cube "Segment_099"
                    {
                        color3f[] primvars:displayColor = [(0.49, 0.53, 0.58)]
                        double size = 1
                        float xformOp:rotateZ = 224
                        float3 xformOp:scale = (0.0016525, 0.0006819036, 0.00724)
                        double3 xformOp:translate = (-0.013511898974611138, -0.013048289166109193, -0.00362)
                        uniform token[] xformOpOrder = ["xformOp:translate", "xformOp:rotateZ", "xformOp:scale"]
                    }

                    def Cube "Segment_100"
                    {
                        color3f[] primvars:displayColor = [(0.49, 0.53, 0.58)]
                        double size = 1
                        float xformOp:rotateZ = 226
                        float3 xformOp:scale = (0.0016525, 0.0006819036, 0.00724)
                        double3 xformOp:translate = (-0.013048289166109192, -0.013511898974611141, -0.00362)
                        uniform token[] xformOpOrder = ["xformOp:translate", "xformOp:rotateZ", "xformOp:scale"]
                    }

                    def Cube "Segment_101"
                    {
                        color3f[] primvars:displayColor = [(0.49, 0.53, 0.58)]
                        double size = 1
                        float xformOp:rotateZ = 228
                        float3 xformOp:scale = (0.0016525, 0.0006819036, 0.00724)
                        double3 xformOp:translate = (-0.012568782027193196, -0.013959046615561011, -0.00362)
                        uniform token[] xformOpOrder = ["xformOp:translate", "xformOp:rotateZ", "xformOp:scale"]
                    }

                    def Cube "Segment_102"
                    {
                        color3f[] primvars:displayColor = [(0.49, 0.53, 0.58)]
                        double size = 1
                        float xformOp:rotateZ = 230
                        float3 xformOp:scale = (0.0016525, 0.0006819036, 0.00724)
                        double3 xformOp:translate = (-0.012073961763449537, -0.014389187308436103, -0.00362)
                        uniform token[] xformOpOrder = ["xformOp:translate", "xformOp:rotateZ", "xformOp:scale"]
                    }

                    def Cube "Segment_103"
                    {
                        color3f[] primvars:displayColor = [(0.49, 0.53, 0.58)]
                        double size = 1
                        float xformOp:rotateZ = 232
                        float3 xformOp:scale = (0.0016525, 0.0006819036, 0.00724)
                        double3 xformOp:translate = (-0.01156443123714833, -0.014801796993060268, -0.00362)
                        uniform token[] xformOpOrder = ["xformOp:translate", "xformOp:rotateZ", "xformOp:scale"]
                    }

                    def Cube "Segment_104"
                    {
                        color3f[] primvars:displayColor = [(0.49, 0.53, 0.58)]
                        double size = 1
                        float xformOp:rotateZ = 234
                        float3 xformOp:scale = (0.0016525, 0.0006819036, 0.00724)
                        double3 xformOp:translate = (-0.011040811232748745, -0.015196372968090418, -0.00362)
                        uniform token[] xformOpOrder = ["xformOp:translate", "xformOp:rotateZ", "xformOp:scale"]
                    }

                    def Cube "Segment_105"
                    {
                        color3f[] primvars:displayColor = [(0.49, 0.53, 0.58)]
                        double size = 1
                        float xformOp:rotateZ = 236
                        float3 xformOp:scale = (0.0016525, 0.0006819036, 0.00724)
                        double3 xformOp:translate = (-0.010503739700568638, -0.015572434503480769, -0.00362)
                        uniform token[] xformOpOrder = ["xformOp:translate", "xformOp:rotateZ", "xformOp:scale"]
                    }

                    def Cube "Segment_106"
                    {
                        color3f[] primvars:displayColor = [(0.49, 0.53, 0.58)]
                        double size = 1
                        float xformOp:rotateZ = 238
                        float3 xformOp:scale = (0.0016525, 0.0006819036, 0.00724)
                        double3 xformOp:translate = (-0.009953870979540466, -0.015929523426178267, -0.00362)
                        uniform token[] xformOpOrder = ["xformOp:translate", "xformOp:rotateZ", "xformOp:scale"]
                    }

                    def Cube "Segment_107"
                    {
                        color3f[] primvars:displayColor = [(0.49, 0.53, 0.58)]
                        double size = 1
                        float xformOp:rotateZ = 240
                        float3 xformOp:scale = (0.0016525, 0.0006819036, 0.00724)
                        double3 xformOp:translate = (-0.00939187500000001, -0.016267204678335947, -0.00362)
                        uniform token[] xformOpOrder = ["xformOp:translate", "xformOp:rotateZ", "xformOp:scale"]
                    }

                    def Cube "Segment_108"
                    {
                        color3f[] primvars:displayColor = [(0.49, 0.53, 0.58)]
                        double size = 1
                        float xformOp:rotateZ = 242
                        float3 xformOp:scale = (0.0016525, 0.0006819036, 0.00724)
                        double3 xformOp:translate = (-0.008818436467479476, -0.016585066847363873, -0.00362)
                        uniform token[] xformOpOrder = ["xformOp:translate", "xformOp:rotateZ", "xformOp:scale"]
                    }

                    def Cube "Segment_109"
                    {
                        color3f[] primvars:displayColor = [(0.49, 0.53, 0.58)]
                        double size = 1
                        float xformOp:rotateZ = 244
                        float3 xformOp:scale = (0.0016525, 0.0006819036, 0.00724)
                        double3 xformOp:translate = (-0.00823425402849934, -0.016882722667171977, -0.00362)
                        uniform token[] xformOpOrder = ["xformOp:translate", "xformOp:rotateZ", "xformOp:scale"]
                    }

                    def Cube "Segment_110"
                    {
                        color3f[] primvars:displayColor = [(0.49, 0.53, 0.58)]
                        double size = 1
                        float xformOp:rotateZ = 246
                        float3 xformOp:scale = (0.0016525, 0.0006819036, 0.00724)
                        double3 xformOp:translate = (-0.007640039419375061, -0.017159809489994206, -0.00362)
                        uniform token[] xformOpOrder = ["xformOp:translate", "xformOp:rotateZ", "xformOp:scale"]
                    }

                    def Cube "Segment_111"
                    {
                        color3f[] primvars:displayColor = [(0.49, 0.53, 0.58)]
                        double size = 1
                        float xformOp:rotateZ = 248
                        float3 xformOp:scale = (0.0016525, 0.0006819036, 0.00724)
                        double3 xformOp:translate = (-0.007036516599076143, -0.01741598972821889, -0.00362)
                        uniform token[] xformOpOrder = ["xformOp:translate", "xformOp:rotateZ", "xformOp:scale"]
                    }

                    def Cube "Segment_112"
                    {
                        color3f[] primvars:displayColor = [(0.49, 0.53, 0.58)]
                        double size = 1
                        float xformOp:rotateZ = 250
                        float3 xformOp:scale = (0.0016525, 0.0006819036, 0.00724)
                        double3 xformOp:translate = (-0.006424420867193527, -0.01765095126568731, -0.00362)
                        uniform token[] xformOpOrder = ["xformOp:translate", "xformOp:rotateZ", "xformOp:scale"]
                    }

                    def Cube "Segment_113"
                    {
                        color3f[] primvars:displayColor = [(0.49, 0.53, 0.58)]
                        double size = 1
                        float xformOp:rotateZ = 252
                        float3 xformOp:scale = (0.0016525, 0.0006819036, 0.00724)
                        double3 xformOp:translate = (-0.005804497968090422, -0.017864407837959093, -0.00362)
                        uniform token[] xformOpOrder = ["xformOp:translate", "xformOp:rotateZ", "xformOp:scale"]
                    }

                    def Cube "Segment_114"
                    {
                        color3f[] primvars:displayColor = [(0.49, 0.53, 0.58)]
                        double size = 1
                        float xformOp:rotateZ = 254
                        float3 xformOp:scale = (0.0016525, 0.0006819036, 0.00724)
                        double3 xformOp:translate = (-0.005177503182327553, -0.0180560993810814, -0.00362)
                        uniform token[] xformOpOrder = ["xformOp:translate", "xformOp:rotateZ", "xformOp:scale"]
                    }

                    def Cube "Segment_115"
                    {
                        color3f[] primvars:displayColor = [(0.49, 0.53, 0.58)]
                        double size = 1
                        float xformOp:rotateZ = 256
                        float3 xformOp:scale = (0.0016525, 0.0006819036, 0.00724)
                        double3 xformOp:translate = (-0.00454420040647026, -0.01822579234843675, -0.00362)
                        uniform token[] xformOpOrder = ["xformOp:translate", "xformOp:rotateZ", "xformOp:scale"]
                    }

                    def Cube "Segment_116"
                    {
                        color3f[] primvars:displayColor = [(0.49, 0.53, 0.58)]
                        double size = 1
                        float xformOp:rotateZ = 258
                        float3 xformOp:scale = (0.0016525, 0.0006819036, 0.00724)
                        double3 xformOp:translate = (-0.0039053612223980956, -0.018373279995283622, -0.00362)
                        uniform token[] xformOpOrder = ["xformOp:translate", "xformOp:rotateZ", "xformOp:scale"]
                    }

                    def Cube "Segment_117"
                    {
                        color3f[] primvars:displayColor = [(0.49, 0.53, 0.58)]
                        double size = 1
                        float xformOp:rotateZ = 260
                        float3 xformOp:scale = (0.0016525, 0.0006819036, 0.00724)
                        double3 xformOp:translate = (-0.0032617639572512028, -0.018498382630643063, -0.00362)
                        uniform token[] xformOpOrder = ["xformOp:translate", "xformOp:rotateZ", "xformOp:scale"]
                    }

                    def Cube "Segment_118"
                    {
                        color3f[] primvars:displayColor = [(0.49, 0.53, 0.58)]
                        double size = 1
                        float xformOp:rotateZ = 262
                        float3 xformOp:scale = (0.0016525, 0.0006819036, 0.00724)
                        double3 xformOp:translate = (-0.0026141927351586366, -0.01860094783622447, -0.00362)
                        uniform token[] xformOpOrder = ["xformOp:translate", "xformOp:rotateZ", "xformOp:scale"]
                    }

                    def Cube "Segment_119"
                    {
                        color3f[] primvars:displayColor = [(0.49, 0.53, 0.58)]
                        double size = 1
                        float xformOp:rotateZ = 264
                        float3 xformOp:scale = (0.0016525, 0.0006819036, 0.00724)
                        double3 xformOp:translate = (-0.001963436521903784, -0.01868085065212381, -0.00362)
                        uniform token[] xformOpOrder = ["xformOp:translate", "xformOp:rotateZ", "xformOp:scale"]
                    }

                    def Cube "Segment_120"
                    {
                        color3f[] primvars:displayColor = [(0.49, 0.53, 0.58)]
                        double size = 1
                        float xformOp:rotateZ = 266
                        float3 xformOp:scale = (0.0016525, 0.0006819036, 0.00724)
                        double3 xformOp:translate = (-0.001310288163691219, -0.018737993729067974, -0.00362)
                        uniform token[] xformOpOrder = ["xformOp:translate", "xformOp:rotateZ", "xformOp:scale"]
                    }

                    def Cube "Segment_121"
                    {
                        color3f[] primvars:displayColor = [(0.49, 0.53, 0.58)]
                        double size = 1
                        float xformOp:rotateZ = 268
                        float3 xformOp:scale = (0.0016525, 0.0006819036, 0.00724)
                        double3 xformOp:translate = (-0.0006555434211855987, -0.01877230744701994, -0.00362)
                        uniform token[] xformOpOrder = ["xformOp:translate", "xformOp:rotateZ", "xformOp:scale"]
                    }

                    def Cube "Segment_122"
                    {
                        color3f[] primvars:displayColor = [(0.49, 0.53, 0.58)]
                        double size = 1
                        float xformOp:rotateZ = 270
                        float3 xformOp:scale = (0.0016525, 0.0006819036, 0.00724)
                        double3 xformOp:translate = (-3.4505188970226146e-18, -0.018783750000000002, -0.00362)
                        uniform token[] xformOpOrder = ["xformOp:translate", "xformOp:rotateZ", "xformOp:scale"]
                    }

                    def Cube "Segment_123"
                    {
                        color3f[] primvars:displayColor = [(0.49, 0.53, 0.58)]
                        double size = 1
                        float xformOp:rotateZ = 272
                        float3 xformOp:scale = (0.0016525, 0.0006819036, 0.00724)
                        double3 xformOp:translate = (0.0006555434211856085, -0.01877230744701994, -0.00362)
                        uniform token[] xformOpOrder = ["xformOp:translate", "xformOp:rotateZ", "xformOp:scale"]
                    }

                    def Cube "Segment_124"
                    {
                        color3f[] primvars:displayColor = [(0.49, 0.53, 0.58)]
                        double size = 1
                        float xformOp:rotateZ = 274
                        float3 xformOp:scale = (0.0016525, 0.0006819036, 0.00724)
                        double3 xformOp:translate = (0.0013102881636912122, -0.018737993729067978, -0.00362)
                        uniform token[] xformOpOrder = ["xformOp:translate", "xformOp:rotateZ", "xformOp:scale"]
                    }

                    def Cube "Segment_125"
                    {
                        color3f[] primvars:displayColor = [(0.49, 0.53, 0.58)]
                        double size = 1
                        float xformOp:rotateZ = 276
                        float3 xformOp:scale = (0.0016525, 0.0006819036, 0.00724)
                        double3 xformOp:translate = (0.001963436521903777, -0.01868085065212381, -0.00362)
                        uniform token[] xformOpOrder = ["xformOp:translate", "xformOp:rotateZ", "xformOp:scale"]
                    }

                    def Cube "Segment_126"
                    {
                        color3f[] primvars:displayColor = [(0.49, 0.53, 0.58)]
                        double size = 1
                        float xformOp:rotateZ = 278
                        float3 xformOp:scale = (0.0016525, 0.0006819036, 0.00724)
                        double3 xformOp:translate = (0.00261419273515863, -0.018600947836224475, -0.00362)
                        uniform token[] xformOpOrder = ["xformOp:translate", "xformOp:rotateZ", "xformOp:scale"]
                    }

                    def Cube "Segment_127"
                    {
                        color3f[] primvars:displayColor = [(0.49, 0.53, 0.58)]
                        double size = 1
                        float xformOp:rotateZ = 280
                        float3 xformOp:scale = (0.0016525, 0.0006819036, 0.00724)
                        double3 xformOp:translate = (0.0032617639572511963, -0.018498382630643066, -0.00362)
                        uniform token[] xformOpOrder = ["xformOp:translate", "xformOp:rotateZ", "xformOp:scale"]
                    }

                    def Cube "Segment_128"
                    {
                        color3f[] primvars:displayColor = [(0.49, 0.53, 0.58)]
                        double size = 1
                        float xformOp:rotateZ = 282
                        float3 xformOp:scale = (0.0016525, 0.0006819036, 0.00724)
                        double3 xformOp:translate = (0.003905361222398089, -0.018373279995283622, -0.00362)
                        uniform token[] xformOpOrder = ["xformOp:translate", "xformOp:rotateZ", "xformOp:scale"]
                    }

                    def Cube "Segment_129"
                    {
                        color3f[] primvars:displayColor = [(0.49, 0.53, 0.58)]
                        double size = 1
                        float xformOp:rotateZ = 284
                        float3 xformOp:scale = (0.0016525, 0.0006819036, 0.00724)
                        double3 xformOp:translate = (0.004544200406470254, -0.018225792348436753, -0.00362)
                        uniform token[] xformOpOrder = ["xformOp:translate", "xformOp:rotateZ", "xformOp:scale"]
                    }

                    def Cube "Segment_130"
                    {
                        color3f[] primvars:displayColor = [(0.49, 0.53, 0.58)]
                        double size = 1
                        float xformOp:rotateZ = 286
                        float3 xformOp:scale = (0.0016525, 0.0006819036, 0.00724)
                        double3 xformOp:translate = (0.005177503182327563, -0.018056099381081398, -0.00362)
                        uniform token[] xformOpOrder = ["xformOp:translate", "xformOp:rotateZ", "xformOp:scale"]
                    }

                    def Cube "Segment_131"
                    {
                        color3f[] primvars:displayColor = [(0.49, 0.53, 0.58)]
                        double size = 1
                        float xformOp:rotateZ = 288
                        float3 xformOp:scale = (0.0016525, 0.0006819036, 0.00724)
                        double3 xformOp:translate = (0.005804497968090416, -0.017864407837959093, -0.00362)
                        uniform token[] xformOpOrder = ["xformOp:translate", "xformOp:rotateZ", "xformOp:scale"]
                    }

                    def Cube "Segment_132"
                    {
                        color3f[] primvars:displayColor = [(0.49, 0.53, 0.58)]
                        double size = 1
                        float xformOp:rotateZ = 298
                        float3 xformOp:scale = (0.0016525, 0.0006819036, 0.00724)
                        double3 xformOp:translate = (0.00881843646747947, -0.016585066847363873, -0.00362)
                        uniform token[] xformOpOrder = ["xformOp:translate", "xformOp:rotateZ", "xformOp:scale"]
                    }

                    def Cube "Segment_133"
                    {
                        color3f[] primvars:displayColor = [(0.49, 0.53, 0.58)]
                        double size = 1
                        float xformOp:rotateZ = 300
                        float3 xformOp:scale = (0.0016525, 0.0006819036, 0.00724)
                        double3 xformOp:translate = (0.009391875000000003, -0.01626720467833595, -0.00362)
                        uniform token[] xformOpOrder = ["xformOp:translate", "xformOp:rotateZ", "xformOp:scale"]
                    }

                    def Cube "Segment_134"
                    {
                        color3f[] primvars:displayColor = [(0.49, 0.53, 0.58)]
                        double size = 1
                        float xformOp:rotateZ = 302
                        float3 xformOp:scale = (0.0016525, 0.0006819036, 0.00724)
                        double3 xformOp:translate = (0.00995387097954046, -0.01592952342617827, -0.00362)
                        uniform token[] xformOpOrder = ["xformOp:translate", "xformOp:rotateZ", "xformOp:scale"]
                    }

                    def Cube "Segment_135"
                    {
                        color3f[] primvars:displayColor = [(0.49, 0.53, 0.58)]
                        double size = 1
                        float xformOp:rotateZ = 304
                        float3 xformOp:scale = (0.0016525, 0.0006819036, 0.00724)
                        double3 xformOp:translate = (0.010503739700568645, -0.015572434503480765, -0.00362)
                        uniform token[] xformOpOrder = ["xformOp:translate", "xformOp:rotateZ", "xformOp:scale"]
                    }

                    def Cube "Segment_136"
                    {
                        color3f[] primvars:displayColor = [(0.49, 0.53, 0.58)]
                        double size = 1
                        float xformOp:rotateZ = 306
                        float3 xformOp:scale = (0.0016525, 0.0006819036, 0.00724)
                        double3 xformOp:translate = (0.01104081123274874, -0.015196372968090423, -0.00362)
                        uniform token[] xformOpOrder = ["xformOp:translate", "xformOp:rotateZ", "xformOp:scale"]
                    }

                    def Cube "Segment_137"
                    {
                        color3f[] primvars:displayColor = [(0.49, 0.53, 0.58)]
                        double size = 1
                        float xformOp:rotateZ = 308
                        float3 xformOp:scale = (0.0016525, 0.0006819036, 0.00724)
                        double3 xformOp:translate = (0.01156443123714834, -0.014801796993060262, -0.00362)
                        uniform token[] xformOpOrder = ["xformOp:translate", "xformOp:rotateZ", "xformOp:scale"]
                    }

                    def Cube "Segment_138"
                    {
                        color3f[] primvars:displayColor = [(0.49, 0.53, 0.58)]
                        double size = 1
                        float xformOp:rotateZ = 310
                        float3 xformOp:scale = (0.0016525, 0.0006819036, 0.00724)
                        double3 xformOp:translate = (0.012073961763449532, -0.014389187308436106, -0.00362)
                        uniform token[] xformOpOrder = ["xformOp:translate", "xformOp:rotateZ", "xformOp:scale"]
                    }

                    def Cube "Segment_139"
                    {
                        color3f[] primvars:displayColor = [(0.49, 0.53, 0.58)]
                        double size = 1
                        float xformOp:rotateZ = 312
                        float3 xformOp:scale = (0.0016525, 0.0006819036, 0.00724)
                        double3 xformOp:translate = (0.012568782027193196, -0.013959046615561011, -0.00362)
                        uniform token[] xformOpOrder = ["xformOp:translate", "xformOp:rotateZ", "xformOp:scale"]
                    }

                    def Cube "Segment_140"
                    {
                        color3f[] primvars:displayColor = [(0.49, 0.53, 0.58)]
                        double size = 1
                        float xformOp:rotateZ = 314
                        float3 xformOp:scale = (0.0016525, 0.0006819036, 0.00724)
                        double3 xformOp:translate = (0.013048289166109192, -0.013511898974611141, -0.00362)
                        uniform token[] xformOpOrder = ["xformOp:translate", "xformOp:rotateZ", "xformOp:scale"]
                    }

                    def Cube "Segment_141"
                    {
                        color3f[] primvars:displayColor = [(0.49, 0.53, 0.58)]
                        double size = 1
                        float xformOp:rotateZ = 316
                        float3 xformOp:scale = (0.0016525, 0.0006819036, 0.00724)
                        double3 xformOp:translate = (0.013511898974611134, -0.013048289166109197, -0.00362)
                        uniform token[] xformOpOrder = ["xformOp:translate", "xformOp:rotateZ", "xformOp:scale"]
                    }

                    def Cube "Segment_142"
                    {
                        color3f[] primvars:displayColor = [(0.49, 0.53, 0.58)]
                        double size = 1
                        float xformOp:rotateZ = 318
                        float3 xformOp:scale = (0.0016525, 0.0006819036, 0.00724)
                        double3 xformOp:translate = (0.013959046615561006, -0.012568782027193203, -0.00362)
                        uniform token[] xformOpOrder = ["xformOp:translate", "xformOp:rotateZ", "xformOp:scale"]
                    }

                    def Cube "Segment_143"
                    {
                        color3f[] primvars:displayColor = [(0.49, 0.53, 0.58)]
                        double size = 1
                        float xformOp:rotateZ = 320
                        float3 xformOp:scale = (0.0016525, 0.0006819036, 0.00724)
                        double3 xformOp:translate = (0.0143891873084361, -0.012073961763449539, -0.00362)
                        uniform token[] xformOpOrder = ["xformOp:translate", "xformOp:rotateZ", "xformOp:scale"]
                    }

                    def Cube "Segment_144"
                    {
                        color3f[] primvars:displayColor = [(0.49, 0.53, 0.58)]
                        double size = 1
                        float xformOp:rotateZ = 322
                        float3 xformOp:scale = (0.0016525, 0.0006819036, 0.00724)
                        double3 xformOp:translate = (0.014801796993060267, -0.011564431237148332, -0.00362)
                        uniform token[] xformOpOrder = ["xformOp:translate", "xformOp:rotateZ", "xformOp:scale"]
                    }

                    def Cube "Segment_145"
                    {
                        color3f[] primvars:displayColor = [(0.49, 0.53, 0.58)]
                        double size = 1
                        float xformOp:rotateZ = 324
                        float3 xformOp:scale = (0.0016525, 0.0006819036, 0.00724)
                        double3 xformOp:translate = (0.015196372968090418, -0.011040811232748747, -0.00362)
                        uniform token[] xformOpOrder = ["xformOp:translate", "xformOp:rotateZ", "xformOp:scale"]
                    }

                    def Cube "Segment_146"
                    {
                        color3f[] primvars:displayColor = [(0.49, 0.53, 0.58)]
                        double size = 1
                        float xformOp:rotateZ = 326
                        float3 xformOp:scale = (0.0016525, 0.0006819036, 0.00724)
                        double3 xformOp:translate = (0.015572434503480769, -0.010503739700568638, -0.00362)
                        uniform token[] xformOpOrder = ["xformOp:translate", "xformOp:rotateZ", "xformOp:scale"]
                    }

                    def Cube "Segment_147"
                    {
                        color3f[] primvars:displayColor = [(0.49, 0.53, 0.58)]
                        double size = 1
                        float xformOp:rotateZ = 328
                        float3 xformOp:scale = (0.0016525, 0.0006819036, 0.00724)
                        double3 xformOp:translate = (0.015929523426178267, -0.009953870979540466, -0.00362)
                        uniform token[] xformOpOrder = ["xformOp:translate", "xformOp:rotateZ", "xformOp:scale"]
                    }

                    def Cube "Segment_148"
                    {
                        color3f[] primvars:displayColor = [(0.49, 0.53, 0.58)]
                        double size = 1
                        float xformOp:rotateZ = 330
                        float3 xformOp:scale = (0.0016525, 0.0006819036, 0.00724)
                        double3 xformOp:translate = (0.016267204678335947, -0.00939187500000001, -0.00362)
                        uniform token[] xformOpOrder = ["xformOp:translate", "xformOp:rotateZ", "xformOp:scale"]
                    }

                    def Cube "Segment_149"
                    {
                        color3f[] primvars:displayColor = [(0.49, 0.53, 0.58)]
                        double size = 1
                        float xformOp:rotateZ = 332
                        float3 xformOp:scale = (0.0016525, 0.0006819036, 0.00724)
                        double3 xformOp:translate = (0.01658506684736387, -0.008818436467479478, -0.00362)
                        uniform token[] xformOpOrder = ["xformOp:translate", "xformOp:rotateZ", "xformOp:scale"]
                    }

                    def Cube "Segment_150"
                    {
                        color3f[] primvars:displayColor = [(0.49, 0.53, 0.58)]
                        double size = 1
                        float xformOp:rotateZ = 334
                        float3 xformOp:scale = (0.0016525, 0.0006819036, 0.00724)
                        double3 xformOp:translate = (0.016882722667171977, -0.008234254028499342, -0.00362)
                        uniform token[] xformOpOrder = ["xformOp:translate", "xformOp:rotateZ", "xformOp:scale"]
                    }

                    def Cube "Segment_151"
                    {
                        color3f[] primvars:displayColor = [(0.49, 0.53, 0.58)]
                        double size = 1
                        float xformOp:rotateZ = 336
                        float3 xformOp:scale = (0.0016525, 0.0006819036, 0.00724)
                        double3 xformOp:translate = (0.017159809489994206, -0.007640039419375062, -0.00362)
                        uniform token[] xformOpOrder = ["xformOp:translate", "xformOp:rotateZ", "xformOp:scale"]
                    }

                    def Cube "Segment_152"
                    {
                        color3f[] primvars:displayColor = [(0.49, 0.53, 0.58)]
                        double size = 1
                        float xformOp:rotateZ = 338
                        float3 xformOp:scale = (0.0016525, 0.0006819036, 0.00724)
                        double3 xformOp:translate = (0.01741598972821889, -0.007036516599076144, -0.00362)
                        uniform token[] xformOpOrder = ["xformOp:translate", "xformOp:rotateZ", "xformOp:scale"]
                    }

                    def Cube "Segment_153"
                    {
                        color3f[] primvars:displayColor = [(0.49, 0.53, 0.58)]
                        double size = 1
                        float xformOp:rotateZ = 340
                        float3 xformOp:scale = (0.0016525, 0.0006819036, 0.00724)
                        double3 xformOp:translate = (0.01765095126568731, -0.006424420867193528, -0.00362)
                        uniform token[] xformOpOrder = ["xformOp:translate", "xformOp:rotateZ", "xformOp:scale"]
                    }

                    def Cube "Segment_154"
                    {
                        color3f[] primvars:displayColor = [(0.49, 0.53, 0.58)]
                        double size = 1
                        float xformOp:rotateZ = 342
                        float3 xformOp:scale = (0.0016525, 0.0006819036, 0.00724)
                        double3 xformOp:translate = (0.017864407837959093, -0.0058044979680904225, -0.00362)
                        uniform token[] xformOpOrder = ["xformOp:translate", "xformOp:rotateZ", "xformOp:scale"]
                    }

                    def Cube "Segment_155"
                    {
                        color3f[] primvars:displayColor = [(0.49, 0.53, 0.58)]
                        double size = 1
                        float xformOp:rotateZ = 344
                        float3 xformOp:scale = (0.0016525, 0.0006819036, 0.00724)
                        double3 xformOp:translate = (0.018056099381081398, -0.005177503182327554, -0.00362)
                        uniform token[] xformOpOrder = ["xformOp:translate", "xformOp:rotateZ", "xformOp:scale"]
                    }

                    def Cube "Segment_156"
                    {
                        color3f[] primvars:displayColor = [(0.49, 0.53, 0.58)]
                        double size = 1
                        float xformOp:rotateZ = 346
                        float3 xformOp:scale = (0.0016525, 0.0006819036, 0.00724)
                        double3 xformOp:translate = (0.01822579234843675, -0.004544200406470262, -0.00362)
                        uniform token[] xformOpOrder = ["xformOp:translate", "xformOp:rotateZ", "xformOp:scale"]
                    }

                    def Cube "Segment_157"
                    {
                        color3f[] primvars:displayColor = [(0.49, 0.53, 0.58)]
                        double size = 1
                        float xformOp:rotateZ = 348
                        float3 xformOp:scale = (0.0016525, 0.0006819036, 0.00724)
                        double3 xformOp:translate = (0.018373279995283622, -0.0039053612223980973, -0.00362)
                        uniform token[] xformOpOrder = ["xformOp:translate", "xformOp:rotateZ", "xformOp:scale"]
                    }

                    def Cube "Segment_158"
                    {
                        color3f[] primvars:displayColor = [(0.49, 0.53, 0.58)]
                        double size = 1
                        float xformOp:rotateZ = 350
                        float3 xformOp:scale = (0.0016525, 0.0006819036, 0.00724)
                        double3 xformOp:translate = (0.018498382630643063, -0.003261763957251204, -0.00362)
                        uniform token[] xformOpOrder = ["xformOp:translate", "xformOp:rotateZ", "xformOp:scale"]
                    }

                    def Cube "Segment_159"
                    {
                        color3f[] primvars:displayColor = [(0.49, 0.53, 0.58)]
                        double size = 1
                        float xformOp:rotateZ = 352
                        float3 xformOp:scale = (0.0016525, 0.0006819036, 0.00724)
                        double3 xformOp:translate = (0.01860094783622447, -0.002614192735158638, -0.00362)
                        uniform token[] xformOpOrder = ["xformOp:translate", "xformOp:rotateZ", "xformOp:scale"]
                    }
                }

                def Xform "ExternalTripleStartThread"
                {
                    def BasisCurves "Start_0" (
                        customData = {
                            dictionary j599 = {
                                string collisionMode = "visual_only"
                                double threadStartPhaseDeg = 0
                            }
                        }
                    )
                    {
                        int[] curveVertexCounts = [80]
                        point3f[] points = [(0.02035, 0, -0.0065), (0.020307405, 0.0013159844, -0.006421519), (0.020179797, 0.0026264598, -0.006343038), (0.01996771, 0.00392594, -0.006264557), (0.019672036, 0.0052089854, -0.006186076), (0.019294007, 0.0064702244, -0.006107595), (0.018835207, 0.007704377, -0.006029114), (0.01829756, 0.008906278, -0.005950633), (0.017683314, 0.010070894, -0.005872152), (0.01699504, 0.01119335, -0.0057936707), (0.016235622, 0.012268948, -0.00571519), (0.015408236, 0.013293185, -0.005636709), (0.014516346, 0.014261774, -0.0055582277), (0.013563688, 0.015170658, -0.005479747), (0.012554248, 0.016016034, -0.005401266), (0.011492252, 0.016794363, -0.0053227847), (0.0103821475, 0.017502386, -0.005244304), (0.009228581, 0.018137138, -0.005165823), (0.00803638, 0.018695965, -0.0050873416), (0.006810536, 0.019176524, -0.005008861), (0.005556182, 0.019576807, -0.00493038), (0.0042785686, 0.019895134, -0.0048518986), (0.0029830434, 0.020130176, -0.004773418), (0.0016750306, 0.020280946, -0.004694937), (0.00036000562, 0.020346815, -0.0046164556), (-0.00095652643, 0.020327507, -0.0045379745), (-0.002269054, 0.020223103, -0.004459494), (-0.003572083, 0.02003404, -0.0043810126), (-0.004860158, 0.019761108, -0.0043025315), (-0.0061278874, 0.01940545, -0.004224051), (-0.0073699635, 0.018968556, -0.0041455696), (-0.008581188, 0.018452255, -0.0040670885), (-0.009756488, 0.017858708, -0.003988608), (-0.010890945, 0.017190399, -0.0039101266), (-0.011979809, 0.016450128, -0.0038316455), (-0.013018523, 0.015640989, -0.0037531646), (-0.014002738, 0.0147663755, -0.0036746836), (-0.014928333, 0.013829945, -0.0035962025), (-0.015791435, 0.012835618, -0.0035177215), (-0.016588429, 0.011787558, -0.0034392404), (-0.01731598, 0.010690153, -0.0033607595), (-0.01797104, 0.0095479945, -0.0032822785), (-0.018550871, 0.008365867, -0.0032037974), (-0.01905304, 0.007148716, -0.0031253165), (-0.01947545, 0.00590164, -0.0030468355), (-0.01981633, 0.0046298574, -0.0029683544), (-0.020074252, 0.0033386932, -0.0028898735), (-0.02024814, 0.0020335524, -0.0028113923), (-0.020337263, 0.00071989855, -0.0027329114), (-0.020341247, -0.00059676904, -0.0026544305), (-0.020260079, -0.0019109383, -0.0025759493), (-0.020094097, -0.003217108, -0.0024974684), (-0.019843994, -0.00450981, -0.0024189875), (-0.01951082, -0.0057836324, -0.0023405063), (-0.019095968, -0.0070332433, -0.0022620254), (-0.018601175, -0.008253411, -0.0021835442), (-0.018028513, -0.009439028, -0.0021050633), (-0.017380377, -0.01058513, -0.0020265824), (-0.016659483, -0.01168692, -0.0019481012), (-0.015868848, -0.012739786, -0.0018696203), (-0.015011783, -0.013739319, -0.0017911392), (-0.014091873, -0.014681336, -0.0017126582), (-0.013112971, -0.015561893, -0.0016341772), (-0.012079175, -0.016377304, -0.0015556962), (-0.010994811, -0.017124154, -0.0014772152), (-0.009864421, -0.017799318, -0.0013987342), (-0.008692735, -0.018399969, -0.0013202531), (-0.007484659, -0.018923594, -0.0012417722), (-0.0062452503, -0.019367998, -0.0011632912), (-0.0049796975, -0.019731322, -0.0010848101), (-0.0036932982, -0.020012047, -0.0010063291), (-0.0023914378, -0.020208996, -0.0009278481), (-0.0010795662, -0.020321345, -0.00084936706), (0.00023682485, -0.020348622, -0.0007708861), (0.0015522245, -0.020290714, -0.00069240504), (0.002861126, -0.020147866, -0.00061392406), (0.0041580503, -0.019920671, -0.000535443), (0.0054375674, -0.019610083, -0.00045696204), (0.006694322, -0.019217402, -0.00037848103), (0.007923052, -0.018744273, -0.0003)]
                        color3f[] primvars:displayColor = [(0.27, 0.3, 0.34)]
                        uniform token type = "linear"
                        float[] widths = [0.00032, 0.00032, 0.00032, 0.00032, 0.00032, 0.00032, 0.00032, 0.00032, 0.00032, 0.00032, 0.00032, 0.00032, 0.00032, 0.00032, 0.00032, 0.00032, 0.00032, 0.00032, 0.00032, 0.00032, 0.00032, 0.00032, 0.00032, 0.00032, 0.00032, 0.00032, 0.00032, 0.00032, 0.00032, 0.00032, 0.00032, 0.00032, 0.00032, 0.00032, 0.00032, 0.00032, 0.00032, 0.00032, 0.00032, 0.00032, 0.00032, 0.00032, 0.00032, 0.00032, 0.00032, 0.00032, 0.00032, 0.00032, 0.00032, 0.00032, 0.00032, 0.00032, 0.00032, 0.00032, 0.00032, 0.00032, 0.00032, 0.00032, 0.00032, 0.00032, 0.00032, 0.00032, 0.00032, 0.00032, 0.00032, 0.00032, 0.00032, 0.00032, 0.00032, 0.00032, 0.00032, 0.00032, 0.00032, 0.00032, 0.00032, 0.00032, 0.00032, 0.00032, 0.00032, 0.00032]
                        uniform token wrap = "nonperiodic"
                    }

                    def BasisCurves "Start_1" (
                        customData = {
                            dictionary j599 = {
                                string collisionMode = "visual_only"
                                double threadStartPhaseDeg = 120
                            }
                        }
                    )
                    {
                        int[] curveVertexCounts = [80]
                        point3f[] points = [(-0.010175, 0.017623616, -0.0065), (-0.011293379, 0.016928736, -0.006421519), (-0.01236448, 0.016162988, -0.006343038), (-0.01338382, 0.015329575, -0.006264557), (-0.014347131, 0.01443199, -0.006186076), (-0.015250382, 0.013473988, -0.006107595), (-0.016089791, 0.01245958, -0.006029114), (-0.016861843, 0.011393013, -0.005950633), (-0.017563308, 0.010278753, -0.005872152), (-0.018191246, 0.009121462, -0.0057936707), (-0.018743033, 0.007925986, -0.00571519), (-0.019216355, 0.0066973306, -0.005636709), (-0.019609232, 0.0054406375, -0.0055582277), (-0.01992002, 0.004161169, -0.005479747), (-0.020147417, 0.0028642805, -0.005401266), (-0.020290472, 0.0015554012, -0.0053227847), (-0.020348584, 0.00024001069, -0.005244304), (-0.020321513, -0.0010763846, -0.005165823), (-0.02020937, -0.0023882738, -0.0050873416), (-0.020012626, -0.003690165, -0.005008861), (-0.019732103, -0.0049766083, -0.00493038), (-0.019368976, -0.006242218, -0.0048518986), (-0.018924765, -0.007481696, -0.004773418), (-0.01840133, -0.008689854, -0.004694937), (-0.017800862, -0.009861634, -0.0046164556), (-0.017125875, -0.01099213, -0.0045379745), (-0.016379194, -0.01207661, -0.004459494), (-0.015563945, -0.013110534, -0.0043810126), (-0.014683542, -0.014089574, -0.0043025315), (-0.013741669, -0.015009631, -0.004224051), (-0.01274227, -0.015866853, -0.0041455696), (-0.011689528, -0.016657654, -0.0040670885), (-0.0105878515, -0.01737872, -0.003988608), (-0.00944185, -0.018027034, -0.0039101266), (-0.008256324, -0.018599883, -0.0038316455), (-0.007036233, -0.019094866, -0.0037531646), (-0.005786687, -0.019509913, -0.0036746836), (-0.004512917, -0.019843288, -0.0035962025), (-0.0032202539, -0.020093592, -0.0035177215), (-0.0019141103, -0.02025978, -0.0034392404), (-0.0005999537, -0.020341154, -0.0033607595), (0.0007167145, -0.020337375, -0.0032822785), (0.0020303822, -0.020248458, -0.0032037974), (0.0033355504, -0.020074775, -0.0031253165), (0.004626755, -0.019817054, -0.0030468355), (0.0058985907, -0.019476373, -0.0029683544), (0.007145733, -0.01905416, -0.0028898735), (0.008362962, -0.01855218, -0.0028113923), (0.009545181, -0.017972535, -0.0027329114), (0.010687441, -0.017317653, -0.0026544305), (0.0117849605, -0.016590275, -0.0025759493), (0.012833145, -0.015793445, -0.0024974684), (0.013827607, -0.014930499, -0.0024189875), (0.014764182, -0.014005049, -0.0023405063), (0.015638951, -0.013020972, -0.0022620254), (0.016448252, -0.011982384, -0.0021835442), (0.017188694, -0.010893635, -0.0021050633), (0.01785718, -0.009759284, -0.0020265824), (0.018450912, -0.008584076, -0.0019481012), (0.018967403, -0.0073729334, -0.0018696203), (0.019404491, -0.0061309254, -0.0017911392), (0.019760346, -0.004863252, -0.0017126582), (0.020033479, -0.0035752195, -0.0016341772), (0.020222748, -0.0022722203, -0.0015556962), (0.020327358, -0.00095970894, -0.0014772152), (0.02034687, 0.00035682003, -0.0013987342), (0.020281209, 0.0016718553, -0.0013202531), (0.020130642, 0.0029798916, -0.0012417722), (0.019895803, 0.0042754533, -0.0011632912), (0.019577676, 0.005553117, -0.0010848101), (0.019177591, 0.0068075336, -0.0010063291), (0.018697223, 0.008033453, -0.0009278481), (0.018138584, 0.00922574, -0.00084936706), (0.01750401, 0.010379408, -0.0007708861), (0.016796162, 0.011489623, -0.00069240504), (0.016018, 0.01255174, -0.00061392406), (0.015172781, 0.013561312, -0.000535443), (0.014264046, 0.014514113, -0.00045696204), (0.013295597, 0.015406154, -0.00037848103), (0.01227149, 0.016233701, -0.0003)]
                        color3f[] primvars:displayColor = [(0.27, 0.3, 0.34)]
                        uniform token type = "linear"
                        float[] widths = [0.00032, 0.00032, 0.00032, 0.00032, 0.00032, 0.00032, 0.00032, 0.00032, 0.00032, 0.00032, 0.00032, 0.00032, 0.00032, 0.00032, 0.00032, 0.00032, 0.00032, 0.00032, 0.00032, 0.00032, 0.00032, 0.00032, 0.00032, 0.00032, 0.00032, 0.00032, 0.00032, 0.00032, 0.00032, 0.00032, 0.00032, 0.00032, 0.00032, 0.00032, 0.00032, 0.00032, 0.00032, 0.00032, 0.00032, 0.00032, 0.00032, 0.00032, 0.00032, 0.00032, 0.00032, 0.00032, 0.00032, 0.00032, 0.00032, 0.00032, 0.00032, 0.00032, 0.00032, 0.00032, 0.00032, 0.00032, 0.00032, 0.00032, 0.00032, 0.00032, 0.00032, 0.00032, 0.00032, 0.00032, 0.00032, 0.00032, 0.00032, 0.00032, 0.00032, 0.00032, 0.00032, 0.00032, 0.00032, 0.00032, 0.00032, 0.00032, 0.00032, 0.00032, 0.00032, 0.00032]
                        uniform token wrap = "nonperiodic"
                    }

                    def BasisCurves "Start_2" (
                        customData = {
                            dictionary j599 = {
                                string collisionMode = "visual_only"
                                double threadStartPhaseDeg = 240
                            }
                        }
                    )
                    {
                        int[] curveVertexCounts = [80]
                        point3f[] points = [(-0.010175, -0.017623616, -0.0065), (-0.009014026, -0.018244721, -0.006421519), (-0.007815317, -0.018789446, -0.006343038), (-0.006583892, -0.019255515, -0.006264557), (-0.005324904, -0.019640975, -0.006186076), (-0.0040436247, -0.019944211, -0.006107595), (-0.0027454179, -0.020163957, -0.006029114), (-0.0014357178, -0.020299291, -0.005950633), (-0.00012000743, -0.020349646, -0.005872152), (0.0011962053, -0.020314813, -0.0057936707), (0.0025074105, -0.020194935, -0.00571519), (0.0038081189, -0.019990517, -0.005636709), (0.0050928853, -0.019702412, -0.0055582277), (0.0063563315, -0.019331828, -0.005479747), (0.007593169, -0.018880315, -0.005401266), (0.008798218, -0.018349765, -0.0053227847), (0.009966437, -0.017742397, -0.005244304), (0.011092933, -0.017060755, -0.005165823), (0.0121729905, -0.016307691, -0.0050873416), (0.01320209, -0.01548636, -0.005008861), (0.014175921, -0.014600198, -0.00493038), (0.015090407, -0.013652916, -0.0048518986), (0.015941722, -0.012648479, -0.004773418), (0.0167263, -0.011591092, -0.004694937), (0.017440856, -0.010485182, -0.0046164556), (0.0180824, -0.009335377, -0.0045379745), (0.018648248, -0.008146493, -0.004459494), (0.019136028, -0.006923505, -0.0043810126), (0.0195437, -0.0056715333, -0.0043025315), (0.019869557, -0.004395819, -0.004224051), (0.020112233, -0.0031017025, -0.0041455696), (0.020270715, -0.0017946017, -0.0040670885), (0.02034434, -0.000479988, -0.003988608), (0.020332795, 0.000836635, -0.0039101266), (0.020236133, 0.0021497556, -0.0038316455), (0.020054756, 0.0034538768, -0.0037531646), (0.019789426, 0.004743539, -0.0036746836), (0.01944125, 0.0060133436, -0.0035962025), (0.01901169, 0.0072579747, -0.0035177215), (0.018502539, 0.008472222, -0.0034392404), (0.017915932, 0.009651002, -0.0033607595), (0.017254326, 0.01078938, -0.0032822785), (0.016520487, 0.011882592, -0.0032037974), (0.01571749, 0.012926059, -0.0031253165), (0.014848695, 0.013915414, -0.0030468355), (0.013917739, 0.014846516, -0.0029683544), (0.012928519, 0.015715467, -0.0028898735), (0.011885178, 0.016518626, -0.0028113923), (0.010792081, 0.017252637, -0.0027329114), (0.009653807, 0.017914422, -0.0026544305), (0.008475118, 0.018501213, -0.0025759493), (0.007260951, 0.019010551, -0.0024974684), (0.006016387, 0.019440308, -0.0024189875), (0.0047466373, 0.019788682, -0.0023405063), (0.0034570165, 0.020054216, -0.0022620254), (0.0021529237, 0.020235796, -0.0021835442), (0.0008398183, 0.020332664, -0.0021050633), (-0.00047680282, 0.020344414, -0.0020265824), (-0.001791428, 0.020270996, -0.0019481012), (-0.0030985537, 0.02011272, -0.0018696203), (-0.004392708, 0.019870244, -0.0017911392), (-0.0056684734, 0.019544588, -0.0017126582), (-0.006920509, 0.019137112, -0.0016341772), (-0.008143573, 0.018649524, -0.0015556962), (-0.009332546, 0.018083863, -0.0014772152), (-0.010482451, 0.017442498, -0.0013987342), (-0.011588473, 0.016728114, -0.0013202531), (-0.012645983, 0.015943702, -0.0012417722), (-0.013650553, 0.015092544, -0.0011632912), (-0.014597978, 0.014178206, -0.0010848101), (-0.015484292, 0.013204514, -0.0010063291), (-0.016305786, 0.012175544, -0.0009278481), (-0.017059017, 0.011095604, -0.00084936706), (-0.017740836, 0.009969215, -0.0007708861), (-0.018348387, 0.008801091, -0.00069240504), (-0.018879125, 0.0075961244, -0.00061392406), (-0.019330831, 0.0063593583, -0.000535443), (-0.019701613, 0.00509597, -0.00045696204), (-0.019989919, 0.0038112486, -0.00037848103), (-0.020194542, 0.002510572, -0.0003)]
                        color3f[] primvars:displayColor = [(0.27, 0.3, 0.34)]
                        uniform token type = "linear"
                        float[] widths = [0.00032, 0.00032, 0.00032, 0.00032, 0.00032, 0.00032, 0.00032, 0.00032, 0.00032, 0.00032, 0.00032, 0.00032, 0.00032, 0.00032, 0.00032, 0.00032, 0.00032, 0.00032, 0.00032, 0.00032, 0.00032, 0.00032, 0.00032, 0.00032, 0.00032, 0.00032, 0.00032, 0.00032, 0.00032, 0.00032, 0.00032, 0.00032, 0.00032, 0.00032, 0.00032, 0.00032, 0.00032, 0.00032, 0.00032, 0.00032, 0.00032, 0.00032, 0.00032, 0.00032, 0.00032, 0.00032, 0.00032, 0.00032, 0.00032, 0.00032, 0.00032, 0.00032, 0.00032, 0.00032, 0.00032, 0.00032, 0.00032, 0.00032, 0.00032, 0.00032, 0.00032, 0.00032, 0.00032, 0.00032, 0.00032, 0.00032, 0.00032, 0.00032, 0.00032, 0.00032, 0.00032, 0.00032, 0.00032, 0.00032, 0.00032, 0.00032, 0.00032, 0.00032, 0.00032, 0.00032]
                        uniform token wrap = "nonperiodic"
                    }
                }
            }

            def "Contacts"
            {
                def Xform "Sockets"
                {
                    def Cylinder "Socket_001" (
                        customData = {
                            dictionary j599 = {
                                string collisionMode = "visual_only"
                                int contactId = 1
                                int coordinateSourcePage = 154
                            }
                        }
                    )
                    {
                        uniform token axis = "Z"
                        double height = 0.0003
                        color3f[] primvars:displayColor = [(0.015, 0.018, 0.02)]
                        double radius = 0.0006223
                        double3 xformOp:translate = (-0.0121666, 0.0070866, 0.00002)
                        uniform token[] xformOpOrder = ["xformOp:translate"]
                    }

                    def Cylinder "Socket_002" (
                        customData = {
                            dictionary j599 = {
                                string collisionMode = "visual_only"
                                int contactId = 2
                                int coordinateSourcePage = 154
                            }
                        }
                    )
                    {
                        uniform token axis = "Z"
                        double height = 0.0003
                        color3f[] primvars:displayColor = [(0.015, 0.018, 0.02)]
                        double radius = 0.0006223
                        double3 xformOp:translate = (-0.013208, 0.0048259999999999996, 0.00002)
                        uniform token[] xformOpOrder = ["xformOp:translate"]
                    }

                    def Cylinder "Socket_003" (
                        customData = {
                            dictionary j599 = {
                                string collisionMode = "visual_only"
                                int contactId = 3
                                int coordinateSourcePage = 154
                            }
                        }
                    )
                    {
                        uniform token axis = "Z"
                        double height = 0.0003
                        color3f[] primvars:displayColor = [(0.015, 0.018, 0.02)]
                        double radius = 0.0006223
                        double3 xformOp:translate = (-0.013868400000000001, 0.0024129999999999998, 0.00002)
                        uniform token[] xformOpOrder = ["xformOp:translate"]
                    }

                    def Cylinder "Socket_004" (
                        customData = {
                            dictionary j599 = {
                                string collisionMode = "visual_only"
                                int contactId = 4
                                int coordinateSourcePage = 154
                            }
                        }
                    )
                    {
                        uniform token axis = "Z"
                        double height = 0.0003
                        color3f[] primvars:displayColor = [(0.015, 0.018, 0.02)]
                        double radius = 0.0006223
                        double3 xformOp:translate = (-0.014097, 0, 0.00002)
                        uniform token[] xformOpOrder = ["xformOp:translate"]
                    }

                    def Cylinder "Socket_005" (
                        customData = {
                            dictionary j599 = {
                                string collisionMode = "visual_only"
                                int contactId = 5
                                int coordinateSourcePage = 154
                            }
                        }
                    )
                    {
                        uniform token axis = "Z"
                        double height = 0.0003
                        color3f[] primvars:displayColor = [(0.015, 0.018, 0.02)]
                        double radius = 0.0006223
                        double3 xformOp:translate = (-0.013868400000000001, -0.0024129999999999998, 0.00002)
                        uniform token[] xformOpOrder = ["xformOp:translate"]
                    }

                    def Cylinder "Socket_006" (
                        customData = {
                            dictionary j599 = {
                                string collisionMode = "visual_only"
                                int contactId = 6
                                int coordinateSourcePage = 154
                            }
                        }
                    )
                    {
                        uniform token axis = "Z"
                        double height = 0.0003
                        color3f[] primvars:displayColor = [(0.015, 0.018, 0.02)]
                        double radius = 0.0006223
                        double3 xformOp:translate = (-0.013208, -0.0048259999999999996, 0.00002)
                        uniform token[] xformOpOrder = ["xformOp:translate"]
                    }

                    def Cylinder "Socket_007" (
                        customData = {
                            dictionary j599 = {
                                string collisionMode = "visual_only"
                                int contactId = 7
                                int coordinateSourcePage = 154
                            }
                        }
                    )
                    {
                        uniform token axis = "Z"
                        double height = 0.0003
                        color3f[] primvars:displayColor = [(0.015, 0.018, 0.02)]
                        double radius = 0.0006223
                        double3 xformOp:translate = (-0.0121666, -0.0070866, 0.00002)
                        uniform token[] xformOpOrder = ["xformOp:translate"]
                    }

                    def Cylinder "Socket_008" (
                        customData = {
                            dictionary j599 = {
                                string collisionMode = "visual_only"
                                int contactId = 8
                                int coordinateSourcePage = 154
                            }
                        }
                    )
                    {
                        uniform token axis = "Z"
                        double height = 0.0003
                        color3f[] primvars:displayColor = [(0.015, 0.018, 0.02)]
                        double radius = 0.0006223
                        double3 xformOp:translate = (-0.010769599999999999, 0.009067799999999999, 0.00002)
                        uniform token[] xformOpOrder = ["xformOp:translate"]
                    }

                    def Cylinder "Socket_009" (
                        customData = {
                            dictionary j599 = {
                                string collisionMode = "visual_only"
                                int contactId = 9
                                int coordinateSourcePage = 154
                            }
                        }
                    )
                    {
                        uniform token axis = "Z"
                        double height = 0.0003
                        color3f[] primvars:displayColor = [(0.015, 0.018, 0.02)]
                        double radius = 0.0006223
                        double3 xformOp:translate = (-0.010540999999999998, 0.0048259999999999996, 0.00002)
                        uniform token[] xformOpOrder = ["xformOp:translate"]
                    }

                    def Cylinder "Socket_010" (
                        customData = {
                            dictionary j599 = {
                                string collisionMode = "visual_only"
                                int contactId = 10
                                int coordinateSourcePage = 154
                            }
                        }
                    )
                    {
                        uniform token axis = "Z"
                        double height = 0.0003
                        color3f[] primvars:displayColor = [(0.015, 0.018, 0.02)]
                        double radius = 0.0006223
                        double3 xformOp:translate = (-0.010540999999999998, 0.0024129999999999998, 0.00002)
                        uniform token[] xformOpOrder = ["xformOp:translate"]
                    }

                    def Cylinder "Socket_011" (
                        customData = {
                            dictionary j599 = {
                                string collisionMode = "visual_only"
                                int contactId = 11
                                int coordinateSourcePage = 154
                            }
                        }
                    )
                    {
                        uniform token axis = "Z"
                        double height = 0.0003
                        color3f[] primvars:displayColor = [(0.015, 0.018, 0.02)]
                        double radius = 0.0006223
                        double3 xformOp:translate = (-0.010540999999999998, 0, 0.00002)
                        uniform token[] xformOpOrder = ["xformOp:translate"]
                    }

                    def Cylinder "Socket_012" (
                        customData = {
                            dictionary j599 = {
                                string collisionMode = "visual_only"
                                int contactId = 12
                                int coordinateSourcePage = 154
                            }
                        }
                    )
                    {
                        uniform token axis = "Z"
                        double height = 0.0003
                        color3f[] primvars:displayColor = [(0.015, 0.018, 0.02)]
                        double radius = 0.0006223
                        double3 xformOp:translate = (-0.010540999999999998, -0.0024129999999999998, 0.00002)
                        uniform token[] xformOpOrder = ["xformOp:translate"]
                    }

                    def Cylinder "Socket_013" (
                        customData = {
                            dictionary j599 = {
                                string collisionMode = "visual_only"
                                int contactId = 13
                                int coordinateSourcePage = 154
                            }
                        }
                    )
                    {
                        uniform token axis = "Z"
                        double height = 0.0003
                        color3f[] primvars:displayColor = [(0.015, 0.018, 0.02)]
                        double radius = 0.0006223
                        double3 xformOp:translate = (-0.010540999999999998, -0.0048259999999999996, 0.00002)
                        uniform token[] xformOpOrder = ["xformOp:translate"]
                    }

                    def Cylinder "Socket_014" (
                        customData = {
                            dictionary j599 = {
                                string collisionMode = "visual_only"
                                int contactId = 14
                                int coordinateSourcePage = 154
                            }
                        }
                    )
                    {
                        uniform token axis = "Z"
                        double height = 0.0003
                        color3f[] primvars:displayColor = [(0.015, 0.018, 0.02)]
                        double radius = 0.0006223
                        double3 xformOp:translate = (-0.010769599999999999, -0.009067799999999999, 0.00002)
                        uniform token[] xformOpOrder = ["xformOp:translate"]
                    }

                    def Cylinder "Socket_015" (
                        customData = {
                            dictionary j599 = {
                                string collisionMode = "visual_only"
                                int contactId = 15
                                int coordinateSourcePage = 154
                            }
                        }
                    )
                    {
                        uniform token axis = "Z"
                        double height = 0.0003
                        color3f[] primvars:displayColor = [(0.015, 0.018, 0.02)]
                        double radius = 0.0006223
                        double3 xformOp:translate = (-0.0084328, 0.0112776, 0.00002)
                        uniform token[] xformOpOrder = ["xformOp:translate"]
                    }

                    def Cylinder "Socket_016" (
                        customData = {
                            dictionary j599 = {
                                string collisionMode = "visual_only"
                                int contactId = 16
                                int coordinateSourcePage = 154
                            }
                        }
                    )
                    {
                        uniform token axis = "Z"
                        double height = 0.0003
                        color3f[] primvars:displayColor = [(0.015, 0.018, 0.02)]
                        double radius = 0.0006223
                        double3 xformOp:translate = (-0.0084328, 0.0084328, 0.00002)
                        uniform token[] xformOpOrder = ["xformOp:translate"]
                    }

                    def Cylinder "Socket_017" (
                        customData = {
                            dictionary j599 = {
                                string collisionMode = "visual_only"
                                int contactId = 17
                                int coordinateSourcePage = 154
                            }
                        }
                    )
                    {
                        uniform token axis = "Z"
                        double height = 0.0003
                        color3f[] primvars:displayColor = [(0.015, 0.018, 0.02)]
                        double radius = 0.0006223
                        double3 xformOp:translate = (-0.0084328, 0.0060198, 0.00002)
                        uniform token[] xformOpOrder = ["xformOp:translate"]
                    }

                    def Cylinder "Socket_018" (
                        customData = {
                            dictionary j599 = {
                                string collisionMode = "visual_only"
                                int contactId = 18
                                int coordinateSourcePage = 155
                            }
                        }
                    )
                    {
                        uniform token axis = "Z"
                        double height = 0.0003
                        color3f[] primvars:displayColor = [(0.015, 0.018, 0.02)]
                        double radius = 0.0006223
                        double3 xformOp:translate = (-0.0084328, 0.0036067999999999994, 0.00002)
                        uniform token[] xformOpOrder = ["xformOp:translate"]
                    }

                    def Cylinder "Socket_019" (
                        customData = {
                            dictionary j599 = {
                                string collisionMode = "visual_only"
                                int contactId = 19
                                int coordinateSourcePage = 155
                            }
                        }
                    )
                    {
                        uniform token axis = "Z"
                        double height = 0.0003
                        color3f[] primvars:displayColor = [(0.015, 0.018, 0.02)]
                        double radius = 0.0006223
                        double3 xformOp:translate = (-0.0084328, 0.0011937999999999999, 0.00002)
                        uniform token[] xformOpOrder = ["xformOp:translate"]
                    }

                    def Cylinder "Socket_020" (
                        customData = {
                            dictionary j599 = {
                                string collisionMode = "visual_only"
                                int contactId = 20
                                int coordinateSourcePage = 155
                            }
                        }
                    )
                    {
                        uniform token axis = "Z"
                        double height = 0.0003
                        color3f[] primvars:displayColor = [(0.015, 0.018, 0.02)]
                        double radius = 0.0006223
                        double3 xformOp:translate = (-0.0084328, -0.0011937999999999999, 0.00002)
                        uniform token[] xformOpOrder = ["xformOp:translate"]
                    }

                    def Cylinder "Socket_021" (
                        customData = {
                            dictionary j599 = {
                                string collisionMode = "visual_only"
                                int contactId = 21
                                int coordinateSourcePage = 155
                            }
                        }
                    )
                    {
                        uniform token axis = "Z"
                        double height = 0.0003
                        color3f[] primvars:displayColor = [(0.015, 0.018, 0.02)]
                        double radius = 0.0006223
                        double3 xformOp:translate = (-0.0084328, -0.0036067999999999994, 0.00002)
                        uniform token[] xformOpOrder = ["xformOp:translate"]
                    }

                    def Cylinder "Socket_022" (
                        customData = {
                            dictionary j599 = {
                                string collisionMode = "visual_only"
                                int contactId = 22
                                int coordinateSourcePage = 155
                            }
                        }
                    )
                    {
                        uniform token axis = "Z"
                        double height = 0.0003
                        color3f[] primvars:displayColor = [(0.015, 0.018, 0.02)]
                        double radius = 0.0006223
                        double3 xformOp:translate = (-0.0084328, -0.0060198, 0.00002)
                        uniform token[] xformOpOrder = ["xformOp:translate"]
                    }

                    def Cylinder "Socket_023" (
                        customData = {
                            dictionary j599 = {
                                string collisionMode = "visual_only"
                                int contactId = 23
                                int coordinateSourcePage = 155
                            }
                        }
                    )
                    {
                        uniform token axis = "Z"
                        double height = 0.0003
                        color3f[] primvars:displayColor = [(0.015, 0.018, 0.02)]
                        double radius = 0.0006223
                        double3 xformOp:translate = (-0.0084328, -0.0084328, 0.00002)
                        uniform token[] xformOpOrder = ["xformOp:translate"]
                    }

                    def Cylinder "Socket_024" (
                        customData = {
                            dictionary j599 = {
                                string collisionMode = "visual_only"
                                int contactId = 24
                                int coordinateSourcePage = 155
                            }
                        }
                    )
                    {
                        uniform token axis = "Z"
                        double height = 0.0003
                        color3f[] primvars:displayColor = [(0.015, 0.018, 0.02)]
                        double radius = 0.0006223
                        double3 xformOp:translate = (-0.0084328, -0.0108458, 0.00002)
                        uniform token[] xformOpOrder = ["xformOp:translate"]
                    }

                    def Cylinder "Socket_025" (
                        customData = {
                            dictionary j599 = {
                                string collisionMode = "visual_only"
                                int contactId = 25
                                int coordinateSourcePage = 155
                            }
                        }
                    )
                    {
                        uniform token axis = "Z"
                        double height = 0.0003
                        color3f[] primvars:displayColor = [(0.015, 0.018, 0.02)]
                        double radius = 0.0006223
                        double3 xformOp:translate = (-0.0063246, 0.0125984, 0.00002)
                        uniform token[] xformOpOrder = ["xformOp:translate"]
                    }

                    def Cylinder "Socket_026" (
                        customData = {
                            dictionary j599 = {
                                string collisionMode = "visual_only"
                                int contactId = 26
                                int coordinateSourcePage = 155
                            }
                        }
                    )
                    {
                        uniform token axis = "Z"
                        double height = 0.0003
                        color3f[] primvars:displayColor = [(0.015, 0.018, 0.02)]
                        double radius = 0.0006223
                        double3 xformOp:translate = (-0.0063246, 0.009651999999999999, 0.00002)
                        uniform token[] xformOpOrder = ["xformOp:translate"]
                    }

                    def Cylinder "Socket_027" (
                        customData = {
                            dictionary j599 = {
                                string collisionMode = "visual_only"
                                int contactId = 27
                                int coordinateSourcePage = 155
                            }
                        }
                    )
                    {
                        uniform token axis = "Z"
                        double height = 0.0003
                        color3f[] primvars:displayColor = [(0.015, 0.018, 0.02)]
                        double radius = 0.0006223
                        double3 xformOp:translate = (-0.0063246, 0.007238999999999999, 0.00002)
                        uniform token[] xformOpOrder = ["xformOp:translate"]
                    }

                    def Cylinder "Socket_028" (
                        customData = {
                            dictionary j599 = {
                                string collisionMode = "visual_only"
                                int contactId = 28
                                int coordinateSourcePage = 155
                            }
                        }
                    )
                    {
                        uniform token axis = "Z"
                        double height = 0.0003
                        color3f[] primvars:displayColor = [(0.015, 0.018, 0.02)]
                        double radius = 0.0006223
                        double3 xformOp:translate = (-0.0063246, 0.0048259999999999996, 0.00002)
                        uniform token[] xformOpOrder = ["xformOp:translate"]
                    }

                    def Cylinder "Socket_029" (
                        customData = {
                            dictionary j599 = {
                                string collisionMode = "visual_only"
                                int contactId = 29
                                int coordinateSourcePage = 155
                            }
                        }
                    )
                    {
                        uniform token axis = "Z"
                        double height = 0.0003
                        color3f[] primvars:displayColor = [(0.015, 0.018, 0.02)]
                        double radius = 0.0006223
                        double3 xformOp:translate = (-0.0063246, 0.0024129999999999998, 0.00002)
                        uniform token[] xformOpOrder = ["xformOp:translate"]
                    }

                    def Cylinder "Socket_030" (
                        customData = {
                            dictionary j599 = {
                                string collisionMode = "visual_only"
                                int contactId = 30
                                int coordinateSourcePage = 155
                            }
                        }
                    )
                    {
                        uniform token axis = "Z"
                        double height = 0.0003
                        color3f[] primvars:displayColor = [(0.015, 0.018, 0.02)]
                        double radius = 0.0006223
                        double3 xformOp:translate = (-0.0063246, 0, 0.00002)
                        uniform token[] xformOpOrder = ["xformOp:translate"]
                    }

                    def Cylinder "Socket_031" (
                        customData = {
                            dictionary j599 = {
                                string collisionMode = "visual_only"
                                int contactId = 31
                                int coordinateSourcePage = 155
                            }
                        }
                    )
                    {
                        uniform token axis = "Z"
                        double height = 0.0003
                        color3f[] primvars:displayColor = [(0.015, 0.018, 0.02)]
                        double radius = 0.0006223
                        double3 xformOp:translate = (-0.0063246, -0.0024129999999999998, 0.00002)
                        uniform token[] xformOpOrder = ["xformOp:translate"]
                    }

                    def Cylinder "Socket_032" (
                        customData = {
                            dictionary j599 = {
                                string collisionMode = "visual_only"
                                int contactId = 32
                                int coordinateSourcePage = 155
                            }
                        }
                    )
                    {
                        uniform token axis = "Z"
                        double height = 0.0003
                        color3f[] primvars:displayColor = [(0.015, 0.018, 0.02)]
                        double radius = 0.0006223
                        double3 xformOp:translate = (-0.0063246, -0.0048259999999999996, 0.00002)
                        uniform token[] xformOpOrder = ["xformOp:translate"]
                    }

                    def Cylinder "Socket_033" (
                        customData = {
                            dictionary j599 = {
                                string collisionMode = "visual_only"
                                int contactId = 33
                                int coordinateSourcePage = 155
                            }
                        }
                    )
                    {
                        uniform token axis = "Z"
                        double height = 0.0003
                        color3f[] primvars:displayColor = [(0.015, 0.018, 0.02)]
                        double radius = 0.0006223
                        double3 xformOp:translate = (-0.0063246, -0.007238999999999999, 0.00002)
                        uniform token[] xformOpOrder = ["xformOp:translate"]
                    }

                    def Cylinder "Socket_034" (
                        customData = {
                            dictionary j599 = {
                                string collisionMode = "visual_only"
                                int contactId = 34
                                int coordinateSourcePage = 155
                            }
                        }
                    )
                    {
                        uniform token axis = "Z"
                        double height = 0.0003
                        color3f[] primvars:displayColor = [(0.015, 0.018, 0.02)]
                        double radius = 0.0006223
                        double3 xformOp:translate = (-0.0063246, -0.009651999999999999, 0.00002)
                        uniform token[] xformOpOrder = ["xformOp:translate"]
                    }

                    def Cylinder "Socket_035" (
                        customData = {
                            dictionary j599 = {
                                string collisionMode = "visual_only"
                                int contactId = 35
                                int coordinateSourcePage = 155
                            }
                        }
                    )
                    {
                        uniform token axis = "Z"
                        double height = 0.0003
                        color3f[] primvars:displayColor = [(0.015, 0.018, 0.02)]
                        double radius = 0.0006223
                        double3 xformOp:translate = (-0.0063246, -0.012065, 0.00002)
                        uniform token[] xformOpOrder = ["xformOp:translate"]
                    }

                    def Cylinder "Socket_036" (
                        customData = {
                            dictionary j599 = {
                                string collisionMode = "visual_only"
                                int contactId = 36
                                int coordinateSourcePage = 155
                            }
                        }
                    )
                    {
                        uniform token axis = "Z"
                        double height = 0.0003
                        color3f[] primvars:displayColor = [(0.015, 0.018, 0.02)]
                        double radius = 0.0006223
                        double3 xformOp:translate = (-0.004064, 0.0134874, 0.00002)
                        uniform token[] xformOpOrder = ["xformOp:translate"]
                    }

                    def Cylinder "Socket_037" (
                        customData = {
                            dictionary j599 = {
                                string collisionMode = "visual_only"
                                int contactId = 37
                                int coordinateSourcePage = 155
                            }
                        }
                    )
                    {
                        uniform token axis = "Z"
                        double height = 0.0003
                        color3f[] primvars:displayColor = [(0.015, 0.018, 0.02)]
                        double radius = 0.0006223
                        double3 xformOp:translate = (-0.0042164, 0.0108458, 0.00002)
                        uniform token[] xformOpOrder = ["xformOp:translate"]
                    }

                    def Cylinder "Socket_038" (
                        customData = {
                            dictionary j599 = {
                                string collisionMode = "visual_only"
                                int contactId = 38
                                int coordinateSourcePage = 155
                            }
                        }
                    )
                    {
                        uniform token axis = "Z"
                        double height = 0.0003
                        color3f[] primvars:displayColor = [(0.015, 0.018, 0.02)]
                        double radius = 0.0006223
                        double3 xformOp:translate = (-0.0042164, 0.0084328, 0.00002)
                        uniform token[] xformOpOrder = ["xformOp:translate"]
                    }

                    def Cylinder "Socket_039" (
                        customData = {
                            dictionary j599 = {
                                string collisionMode = "visual_only"
                                int contactId = 39
                                int coordinateSourcePage = 155
                            }
                        }
                    )
                    {
                        uniform token axis = "Z"
                        double height = 0.0003
                        color3f[] primvars:displayColor = [(0.015, 0.018, 0.02)]
                        double radius = 0.0006223
                        double3 xformOp:translate = (-0.0042164, 0.0060198, 0.00002)
                        uniform token[] xformOpOrder = ["xformOp:translate"]
                    }

                    def Cylinder "Socket_040" (
                        customData = {
                            dictionary j599 = {
                                string collisionMode = "visual_only"
                                int contactId = 40
                                int coordinateSourcePage = 155
                            }
                        }
                    )
                    {
                        uniform token axis = "Z"
                        double height = 0.0003
                        color3f[] primvars:displayColor = [(0.015, 0.018, 0.02)]
                        double radius = 0.0006223
                        double3 xformOp:translate = (-0.0042164, 0.0036067999999999994, 0.00002)
                        uniform token[] xformOpOrder = ["xformOp:translate"]
                    }

                    def Cylinder "Socket_041" (
                        customData = {
                            dictionary j599 = {
                                string collisionMode = "visual_only"
                                int contactId = 41
                                int coordinateSourcePage = 155
                            }
                        }
                    )
                    {
                        uniform token axis = "Z"
                        double height = 0.0003
                        color3f[] primvars:displayColor = [(0.015, 0.018, 0.02)]
                        double radius = 0.0006223
                        double3 xformOp:translate = (-0.0042164, 0.0011937999999999999, 0.00002)
                        uniform token[] xformOpOrder = ["xformOp:translate"]
                    }

                    def Cylinder "Socket_042" (
                        customData = {
                            dictionary j599 = {
                                string collisionMode = "visual_only"
                                int contactId = 42
                                int coordinateSourcePage = 155
                            }
                        }
                    )
                    {
                        uniform token axis = "Z"
                        double height = 0.0003
                        color3f[] primvars:displayColor = [(0.015, 0.018, 0.02)]
                        double radius = 0.0006223
                        double3 xformOp:translate = (-0.0042164, -0.0011937999999999999, 0.00002)
                        uniform token[] xformOpOrder = ["xformOp:translate"]
                    }

                    def Cylinder "Socket_043" (
                        customData = {
                            dictionary j599 = {
                                string collisionMode = "visual_only"
                                int contactId = 43
                                int coordinateSourcePage = 155
                            }
                        }
                    )
                    {
                        uniform token axis = "Z"
                        double height = 0.0003
                        color3f[] primvars:displayColor = [(0.015, 0.018, 0.02)]
                        double radius = 0.0006223
                        double3 xformOp:translate = (-0.0042164, -0.0036067999999999994, 0.00002)
                        uniform token[] xformOpOrder = ["xformOp:translate"]
                    }

                    def Cylinder "Socket_044" (
                        customData = {
                            dictionary j599 = {
                                string collisionMode = "visual_only"
                                int contactId = 44
                                int coordinateSourcePage = 155
                            }
                        }
                    )
                    {
                        uniform token axis = "Z"
                        double height = 0.0003
                        color3f[] primvars:displayColor = [(0.015, 0.018, 0.02)]
                        double radius = 0.0006223
                        double3 xformOp:translate = (-0.0042164, -0.0060198, 0.00002)
                        uniform token[] xformOpOrder = ["xformOp:translate"]
                    }

                    def Cylinder "Socket_045" (
                        customData = {
                            dictionary j599 = {
                                string collisionMode = "visual_only"
                                int contactId = 45
                                int coordinateSourcePage = 155
                            }
                        }
                    )
                    {
                        uniform token axis = "Z"
                        double height = 0.0003
                        color3f[] primvars:displayColor = [(0.015, 0.018, 0.02)]
                        double radius = 0.0006223
                        double3 xformOp:translate = (-0.0042164, -0.0084328, 0.00002)
                        uniform token[] xformOpOrder = ["xformOp:translate"]
                    }

                    def Cylinder "Socket_046" (
                        customData = {
                            dictionary j599 = {
                                string collisionMode = "visual_only"
                                int contactId = 46
                                int coordinateSourcePage = 155
                            }
                        }
                    )
                    {
                        uniform token axis = "Z"
                        double height = 0.0003
                        color3f[] primvars:displayColor = [(0.015, 0.018, 0.02)]
                        double radius = 0.0006223
                        double3 xformOp:translate = (-0.0042164, -0.0108458, 0.00002)
                        uniform token[] xformOpOrder = ["xformOp:translate"]
                    }

                    def Cylinder "Socket_047" (
                        customData = {
                            dictionary j599 = {
                                string collisionMode = "visual_only"
                                int contactId = 47
                                int coordinateSourcePage = 155
                            }
                        }
                    )
                    {
                        uniform token axis = "Z"
                        double height = 0.0003
                        color3f[] primvars:displayColor = [(0.015, 0.018, 0.02)]
                        double radius = 0.0006223
                        double3 xformOp:translate = (-0.0042164, -0.0132588, 0.00002)
                        uniform token[] xformOpOrder = ["xformOp:translate"]
                    }

                    def Cylinder "Socket_048" (
                        customData = {
                            dictionary j599 = {
                                string collisionMode = "visual_only"
                                int contactId = 48
                                int coordinateSourcePage = 155
                            }
                        }
                    )
                    {
                        uniform token axis = "Z"
                        double height = 0.0003
                        color3f[] primvars:displayColor = [(0.015, 0.018, 0.02)]
                        double radius = 0.0006223
                        double3 xformOp:translate = (-0.0021082, 0.012065, 0.00002)
                        uniform token[] xformOpOrder = ["xformOp:translate"]
                    }

                    def Cylinder "Socket_049" (
                        customData = {
                            dictionary j599 = {
                                string collisionMode = "visual_only"
                                int contactId = 49
                                int coordinateSourcePage = 155
                            }
                        }
                    )
                    {
                        uniform token axis = "Z"
                        double height = 0.0003
                        color3f[] primvars:displayColor = [(0.015, 0.018, 0.02)]
                        double radius = 0.0006223
                        double3 xformOp:translate = (-0.0021082, 0.009651999999999999, 0.00002)
                        uniform token[] xformOpOrder = ["xformOp:translate"]
                    }

                    def Cylinder "Socket_050" (
                        customData = {
                            dictionary j599 = {
                                string collisionMode = "visual_only"
                                int contactId = 50
                                int coordinateSourcePage = 155
                            }
                        }
                    )
                    {
                        uniform token axis = "Z"
                        double height = 0.0003
                        color3f[] primvars:displayColor = [(0.015, 0.018, 0.02)]
                        double radius = 0.0006223
                        double3 xformOp:translate = (-0.0021082, 0.007238999999999999, 0.00002)
                        uniform token[] xformOpOrder = ["xformOp:translate"]
                    }

                    def Cylinder "Socket_051" (
                        customData = {
                            dictionary j599 = {
                                string collisionMode = "visual_only"
                                int contactId = 51
                                int coordinateSourcePage = 156
                            }
                        }
                    )
                    {
                        uniform token axis = "Z"
                        double height = 0.0003
                        color3f[] primvars:displayColor = [(0.015, 0.018, 0.02)]
                        double radius = 0.0006223
                        double3 xformOp:translate = (-0.0021082, 0.0048259999999999996, 0.00002)
                        uniform token[] xformOpOrder = ["xformOp:translate"]
                    }

                    def Cylinder "Socket_052" (
                        customData = {
                            dictionary j599 = {
                                string collisionMode = "visual_only"
                                int contactId = 52
                                int coordinateSourcePage = 156
                            }
                        }
                    )
                    {
                        uniform token axis = "Z"
                        double height = 0.0003
                        color3f[] primvars:displayColor = [(0.015, 0.018, 0.02)]
                        double radius = 0.0006223
                        double3 xformOp:translate = (-0.0021082, 0.0024129999999999998, 0.00002)
                        uniform token[] xformOpOrder = ["xformOp:translate"]
                    }

                    def Cylinder "Socket_053" (
                        customData = {
                            dictionary j599 = {
                                string collisionMode = "visual_only"
                                int contactId = 53
                                int coordinateSourcePage = 156
                            }
                        }
                    )
                    {
                        uniform token axis = "Z"
                        double height = 0.0003
                        color3f[] primvars:displayColor = [(0.015, 0.018, 0.02)]
                        double radius = 0.0006223
                        double3 xformOp:translate = (-0.0021082, 0, 0.00002)
                        uniform token[] xformOpOrder = ["xformOp:translate"]
                    }

                    def Cylinder "Socket_054" (
                        customData = {
                            dictionary j599 = {
                                string collisionMode = "visual_only"
                                int contactId = 54
                                int coordinateSourcePage = 156
                            }
                        }
                    )
                    {
                        uniform token axis = "Z"
                        double height = 0.0003
                        color3f[] primvars:displayColor = [(0.015, 0.018, 0.02)]
                        double radius = 0.0006223
                        double3 xformOp:translate = (-0.0021082, -0.0024129999999999998, 0.00002)
                        uniform token[] xformOpOrder = ["xformOp:translate"]
                    }

                    def Cylinder "Socket_055" (
                        customData = {
                            dictionary j599 = {
                                string collisionMode = "visual_only"
                                int contactId = 55
                                int coordinateSourcePage = 156
                            }
                        }
                    )
                    {
                        uniform token axis = "Z"
                        double height = 0.0003
                        color3f[] primvars:displayColor = [(0.015, 0.018, 0.02)]
                        double radius = 0.0006223
                        double3 xformOp:translate = (-0.0021082, -0.0048259999999999996, 0.00002)
                        uniform token[] xformOpOrder = ["xformOp:translate"]
                    }

                    def Cylinder "Socket_056" (
                        customData = {
                            dictionary j599 = {
                                string collisionMode = "visual_only"
                                int contactId = 56
                                int coordinateSourcePage = 156
                            }
                        }
                    )
                    {
                        uniform token axis = "Z"
                        double height = 0.0003
                        color3f[] primvars:displayColor = [(0.015, 0.018, 0.02)]
                        double radius = 0.0006223
                        double3 xformOp:translate = (-0.0021082, -0.007238999999999999, 0.00002)
                        uniform token[] xformOpOrder = ["xformOp:translate"]
                    }

                    def Cylinder "Socket_057" (
                        customData = {
                            dictionary j599 = {
                                string collisionMode = "visual_only"
                                int contactId = 57
                                int coordinateSourcePage = 156
                            }
                        }
                    )
                    {
                        uniform token axis = "Z"
                        double height = 0.0003
                        color3f[] primvars:displayColor = [(0.015, 0.018, 0.02)]
                        double radius = 0.0006223
                        double3 xformOp:translate = (-0.0021082, -0.009651999999999999, 0.00002)
                        uniform token[] xformOpOrder = ["xformOp:translate"]
                    }

                    def Cylinder "Socket_058" (
                        customData = {
                            dictionary j599 = {
                                string collisionMode = "visual_only"
                                int contactId = 58
                                int coordinateSourcePage = 156
                            }
                        }
                    )
                    {
                        uniform token axis = "Z"
                        double height = 0.0003
                        color3f[] primvars:displayColor = [(0.015, 0.018, 0.02)]
                        double radius = 0.0006223
                        double3 xformOp:translate = (-0.0021082, -0.012065, 0.00002)
                        uniform token[] xformOpOrder = ["xformOp:translate"]
                    }

                    def Cylinder "Socket_059" (
                        customData = {
                            dictionary j599 = {
                                string collisionMode = "visual_only"
                                int contactId = 59
                                int coordinateSourcePage = 156
                            }
                        }
                    )
                    {
                        uniform token axis = "Z"
                        double height = 0.0003
                        color3f[] primvars:displayColor = [(0.015, 0.018, 0.02)]
                        double radius = 0.0006223
                        double3 xformOp:translate = (0, 0.0132588, 0.00002)
                        uniform token[] xformOpOrder = ["xformOp:translate"]
                    }

                    def Cylinder "Socket_060" (
                        customData = {
                            dictionary j599 = {
                                string collisionMode = "visual_only"
                                int contactId = 60
                                int coordinateSourcePage = 156
                            }
                        }
                    )
                    {
                        uniform token axis = "Z"
                        double height = 0.0003
                        color3f[] primvars:displayColor = [(0.015, 0.018, 0.02)]
                        double radius = 0.0006223
                        double3 xformOp:translate = (0, 0.0108458, 0.00002)
                        uniform token[] xformOpOrder = ["xformOp:translate"]
                    }

                    def Cylinder "Socket_061" (
                        customData = {
                            dictionary j599 = {
                                string collisionMode = "visual_only"
                                int contactId = 61
                                int coordinateSourcePage = 156
                            }
                        }
                    )
                    {
                        uniform token axis = "Z"
                        double height = 0.0003
                        color3f[] primvars:displayColor = [(0.015, 0.018, 0.02)]
                        double radius = 0.0006223
                        double3 xformOp:translate = (0, 0.0084328, 0.00002)
                        uniform token[] xformOpOrder = ["xformOp:translate"]
                    }

                    def Cylinder "Socket_062" (
                        customData = {
                            dictionary j599 = {
                                string collisionMode = "visual_only"
                                int contactId = 62
                                int coordinateSourcePage = 156
                            }
                        }
                    )
                    {
                        uniform token axis = "Z"
                        double height = 0.0003
                        color3f[] primvars:displayColor = [(0.015, 0.018, 0.02)]
                        double radius = 0.0006223
                        double3 xformOp:translate = (0, 0.0060198, 0.00002)
                        uniform token[] xformOpOrder = ["xformOp:translate"]
                    }

                    def Cylinder "Socket_063" (
                        customData = {
                            dictionary j599 = {
                                string collisionMode = "visual_only"
                                int contactId = 63
                                int coordinateSourcePage = 156
                            }
                        }
                    )
                    {
                        uniform token axis = "Z"
                        double height = 0.0003
                        color3f[] primvars:displayColor = [(0.015, 0.018, 0.02)]
                        double radius = 0.0006223
                        double3 xformOp:translate = (0, 0.0036067999999999994, 0.00002)
                        uniform token[] xformOpOrder = ["xformOp:translate"]
                    }

                    def Cylinder "Socket_064" (
                        customData = {
                            dictionary j599 = {
                                string collisionMode = "visual_only"
                                int contactId = 64
                                int coordinateSourcePage = 156
                            }
                        }
                    )
                    {
                        uniform token axis = "Z"
                        double height = 0.0003
                        color3f[] primvars:displayColor = [(0.015, 0.018, 0.02)]
                        double radius = 0.0006223
                        double3 xformOp:translate = (0, 0.0011937999999999999, 0.00002)
                        uniform token[] xformOpOrder = ["xformOp:translate"]
                    }

                    def Cylinder "Socket_065" (
                        customData = {
                            dictionary j599 = {
                                string collisionMode = "visual_only"
                                int contactId = 65
                                int coordinateSourcePage = 154
                            }
                        }
                    )
                    {
                        uniform token axis = "Z"
                        double height = 0.0003
                        color3f[] primvars:displayColor = [(0.015, 0.018, 0.02)]
                        double radius = 0.0006223
                        double3 xformOp:translate = (0, -0.0011937999999999999, 0.00002)
                        uniform token[] xformOpOrder = ["xformOp:translate"]
                    }

                    def Cylinder "Socket_066" (
                        customData = {
                            dictionary j599 = {
                                string collisionMode = "visual_only"
                                int contactId = 66
                                int coordinateSourcePage = 154
                            }
                        }
                    )
                    {
                        uniform token axis = "Z"
                        double height = 0.0003
                        color3f[] primvars:displayColor = [(0.015, 0.018, 0.02)]
                        double radius = 0.0006223
                        double3 xformOp:translate = (0, -0.0036067999999999994, 0.00002)
                        uniform token[] xformOpOrder = ["xformOp:translate"]
                    }

                    def Cylinder "Socket_067" (
                        customData = {
                            dictionary j599 = {
                                string collisionMode = "visual_only"
                                int contactId = 67
                                int coordinateSourcePage = 154
                            }
                        }
                    )
                    {
                        uniform token axis = "Z"
                        double height = 0.0003
                        color3f[] primvars:displayColor = [(0.015, 0.018, 0.02)]
                        double radius = 0.0006223
                        double3 xformOp:translate = (0, -0.0060198, 0.00002)
                        uniform token[] xformOpOrder = ["xformOp:translate"]
                    }

                    def Cylinder "Socket_068" (
                        customData = {
                            dictionary j599 = {
                                string collisionMode = "visual_only"
                                int contactId = 68
                                int coordinateSourcePage = 154
                            }
                        }
                    )
                    {
                        uniform token axis = "Z"
                        double height = 0.0003
                        color3f[] primvars:displayColor = [(0.015, 0.018, 0.02)]
                        double radius = 0.0006223
                        double3 xformOp:translate = (0, -0.0084328, 0.00002)
                        uniform token[] xformOpOrder = ["xformOp:translate"]
                    }

                    def Cylinder "Socket_069" (
                        customData = {
                            dictionary j599 = {
                                string collisionMode = "visual_only"
                                int contactId = 69
                                int coordinateSourcePage = 154
                            }
                        }
                    )
                    {
                        uniform token axis = "Z"
                        double height = 0.0003
                        color3f[] primvars:displayColor = [(0.015, 0.018, 0.02)]
                        double radius = 0.0006223
                        double3 xformOp:translate = (0, -0.0108458, 0.00002)
                        uniform token[] xformOpOrder = ["xformOp:translate"]
                    }

                    def Cylinder "Socket_070" (
                        customData = {
                            dictionary j599 = {
                                string collisionMode = "visual_only"
                                int contactId = 70
                                int coordinateSourcePage = 154
                            }
                        }
                    )
                    {
                        uniform token axis = "Z"
                        double height = 0.0003
                        color3f[] primvars:displayColor = [(0.015, 0.018, 0.02)]
                        double radius = 0.0006223
                        double3 xformOp:translate = (0, -0.014097, 0.00002)
                        uniform token[] xformOpOrder = ["xformOp:translate"]
                    }

                    def Cylinder "Socket_071" (
                        customData = {
                            dictionary j599 = {
                                string collisionMode = "visual_only"
                                int contactId = 71
                                int coordinateSourcePage = 154
                            }
                        }
                    )
                    {
                        uniform token axis = "Z"
                        double height = 0.0003
                        color3f[] primvars:displayColor = [(0.015, 0.018, 0.02)]
                        double radius = 0.0006223
                        double3 xformOp:translate = (0.0021082, 0.012065, 0.00002)
                        uniform token[] xformOpOrder = ["xformOp:translate"]
                    }

                    def Cylinder "Socket_072" (
                        customData = {
                            dictionary j599 = {
                                string collisionMode = "visual_only"
                                int contactId = 72
                                int coordinateSourcePage = 154
                            }
                        }
                    )
                    {
                        uniform token axis = "Z"
                        double height = 0.0003
                        color3f[] primvars:displayColor = [(0.015, 0.018, 0.02)]
                        double radius = 0.0006223
                        double3 xformOp:translate = (0.0021082, 0.009651999999999999, 0.00002)
                        uniform token[] xformOpOrder = ["xformOp:translate"]
                    }

                    def Cylinder "Socket_073" (
                        customData = {
                            dictionary j599 = {
                                string collisionMode = "visual_only"
                                int contactId = 73
                                int coordinateSourcePage = 154
                            }
                        }
                    )
                    {
                        uniform token axis = "Z"
                        double height = 0.0003
                        color3f[] primvars:displayColor = [(0.015, 0.018, 0.02)]
                        double radius = 0.0006223
                        double3 xformOp:translate = (0.0021082, 0.007238999999999999, 0.00002)
                        uniform token[] xformOpOrder = ["xformOp:translate"]
                    }

                    def Cylinder "Socket_074" (
                        customData = {
                            dictionary j599 = {
                                string collisionMode = "visual_only"
                                int contactId = 74
                                int coordinateSourcePage = 154
                            }
                        }
                    )
                    {
                        uniform token axis = "Z"
                        double height = 0.0003
                        color3f[] primvars:displayColor = [(0.015, 0.018, 0.02)]
                        double radius = 0.0006223
                        double3 xformOp:translate = (0.0021082, 0.0048259999999999996, 0.00002)
                        uniform token[] xformOpOrder = ["xformOp:translate"]
                    }

                    def Cylinder "Socket_075" (
                        customData = {
                            dictionary j599 = {
                                string collisionMode = "visual_only"
                                int contactId = 75
                                int coordinateSourcePage = 154
                            }
                        }
                    )
                    {
                        uniform token axis = "Z"
                        double height = 0.0003
                        color3f[] primvars:displayColor = [(0.015, 0.018, 0.02)]
                        double radius = 0.0006223
                        double3 xformOp:translate = (0.0021082, 0.0024129999999999998, 0.00002)
                        uniform token[] xformOpOrder = ["xformOp:translate"]
                    }

                    def Cylinder "Socket_076" (
                        customData = {
                            dictionary j599 = {
                                string collisionMode = "visual_only"
                                int contactId = 76
                                int coordinateSourcePage = 154
                            }
                        }
                    )
                    {
                        uniform token axis = "Z"
                        double height = 0.0003
                        color3f[] primvars:displayColor = [(0.015, 0.018, 0.02)]
                        double radius = 0.0006223
                        double3 xformOp:translate = (0.0021082, 0, 0.00002)
                        uniform token[] xformOpOrder = ["xformOp:translate"]
                    }

                    def Cylinder "Socket_077" (
                        customData = {
                            dictionary j599 = {
                                string collisionMode = "visual_only"
                                int contactId = 77
                                int coordinateSourcePage = 154
                            }
                        }
                    )
                    {
                        uniform token axis = "Z"
                        double height = 0.0003
                        color3f[] primvars:displayColor = [(0.015, 0.018, 0.02)]
                        double radius = 0.0006223
                        double3 xformOp:translate = (0.0021082, -0.0024129999999999998, 0.00002)
                        uniform token[] xformOpOrder = ["xformOp:translate"]
                    }

                    def Cylinder "Socket_078" (
                        customData = {
                            dictionary j599 = {
                                string collisionMode = "visual_only"
                                int contactId = 78
                                int coordinateSourcePage = 154
                            }
                        }
                    )
                    {
                        uniform token axis = "Z"
                        double height = 0.0003
                        color3f[] primvars:displayColor = [(0.015, 0.018, 0.02)]
                        double radius = 0.0006223
                        double3 xformOp:translate = (0.0021082, -0.0048259999999999996, 0.00002)
                        uniform token[] xformOpOrder = ["xformOp:translate"]
                    }

                    def Cylinder "Socket_079" (
                        customData = {
                            dictionary j599 = {
                                string collisionMode = "visual_only"
                                int contactId = 79
                                int coordinateSourcePage = 154
                            }
                        }
                    )
                    {
                        uniform token axis = "Z"
                        double height = 0.0003
                        color3f[] primvars:displayColor = [(0.015, 0.018, 0.02)]
                        double radius = 0.0006223
                        double3 xformOp:translate = (0.0021082, -0.007238999999999999, 0.00002)
                        uniform token[] xformOpOrder = ["xformOp:translate"]
                    }

                    def Cylinder "Socket_080" (
                        customData = {
                            dictionary j599 = {
                                string collisionMode = "visual_only"
                                int contactId = 80
                                int coordinateSourcePage = 154
                            }
                        }
                    )
                    {
                        uniform token axis = "Z"
                        double height = 0.0003
                        color3f[] primvars:displayColor = [(0.015, 0.018, 0.02)]
                        double radius = 0.0006223
                        double3 xformOp:translate = (0.0021082, -0.009651999999999999, 0.00002)
                        uniform token[] xformOpOrder = ["xformOp:translate"]
                    }

                    def Cylinder "Socket_081" (
                        customData = {
                            dictionary j599 = {
                                string collisionMode = "visual_only"
                                int contactId = 81
                                int coordinateSourcePage = 154
                            }
                        }
                    )
                    {
                        uniform token axis = "Z"
                        double height = 0.0003
                        color3f[] primvars:displayColor = [(0.015, 0.018, 0.02)]
                        double radius = 0.0006223
                        double3 xformOp:translate = (0.0021082, -0.012065, 0.00002)
                        uniform token[] xformOpOrder = ["xformOp:translate"]
                    }

                    def Cylinder "Socket_082" (
                        customData = {
                            dictionary j599 = {
                                string collisionMode = "visual_only"
                                int contactId = 82
                                int coordinateSourcePage = 155
                            }
                        }
                    )
                    {
                        uniform token axis = "Z"
                        double height = 0.0003
                        color3f[] primvars:displayColor = [(0.015, 0.018, 0.02)]
                        double radius = 0.0006223
                        double3 xformOp:translate = (0.004064, 0.0134874, 0.00002)
                        uniform token[] xformOpOrder = ["xformOp:translate"]
                    }

                    def Cylinder "Socket_083" (
                        customData = {
                            dictionary j599 = {
                                string collisionMode = "visual_only"
                                int contactId = 83
                                int coordinateSourcePage = 155
                            }
                        }
                    )
                    {
                        uniform token axis = "Z"
                        double height = 0.0003
                        color3f[] primvars:displayColor = [(0.015, 0.018, 0.02)]
                        double radius = 0.0006223
                        double3 xformOp:translate = (0.0042164, 0.0108458, 0.00002)
                        uniform token[] xformOpOrder = ["xformOp:translate"]
                    }

                    def Cylinder "Socket_084" (
                        customData = {
                            dictionary j599 = {
                                string collisionMode = "visual_only"
                                int contactId = 84
                                int coordinateSourcePage = 155
                            }
                        }
                    )
                    {
                        uniform token axis = "Z"
                        double height = 0.0003
                        color3f[] primvars:displayColor = [(0.015, 0.018, 0.02)]
                        double radius = 0.0006223
                        double3 xformOp:translate = (0.0042164, 0.0084328, 0.00002)
                        uniform token[] xformOpOrder = ["xformOp:translate"]
                    }

                    def Cylinder "Socket_085" (
                        customData = {
                            dictionary j599 = {
                                string collisionMode = "visual_only"
                                int contactId = 85
                                int coordinateSourcePage = 155
                            }
                        }
                    )
                    {
                        uniform token axis = "Z"
                        double height = 0.0003
                        color3f[] primvars:displayColor = [(0.015, 0.018, 0.02)]
                        double radius = 0.0006223
                        double3 xformOp:translate = (0.0042164, 0.0060198, 0.00002)
                        uniform token[] xformOpOrder = ["xformOp:translate"]
                    }

                    def Cylinder "Socket_086" (
                        customData = {
                            dictionary j599 = {
                                string collisionMode = "visual_only"
                                int contactId = 86
                                int coordinateSourcePage = 155
                            }
                        }
                    )
                    {
                        uniform token axis = "Z"
                        double height = 0.0003
                        color3f[] primvars:displayColor = [(0.015, 0.018, 0.02)]
                        double radius = 0.0006223
                        double3 xformOp:translate = (0.0042164, 0.0036067999999999994, 0.00002)
                        uniform token[] xformOpOrder = ["xformOp:translate"]
                    }

                    def Cylinder "Socket_087" (
                        customData = {
                            dictionary j599 = {
                                string collisionMode = "visual_only"
                                int contactId = 87
                                int coordinateSourcePage = 155
                            }
                        }
                    )
                    {
                        uniform token axis = "Z"
                        double height = 0.0003
                        color3f[] primvars:displayColor = [(0.015, 0.018, 0.02)]
                        double radius = 0.0006223
                        double3 xformOp:translate = (0.0042164, 0.0011937999999999999, 0.00002)
                        uniform token[] xformOpOrder = ["xformOp:translate"]
                    }

                    def Cylinder "Socket_088" (
                        customData = {
                            dictionary j599 = {
                                string collisionMode = "visual_only"
                                int contactId = 88
                                int coordinateSourcePage = 155
                            }
                        }
                    )
                    {
                        uniform token axis = "Z"
                        double height = 0.0003
                        color3f[] primvars:displayColor = [(0.015, 0.018, 0.02)]
                        double radius = 0.0006223
                        double3 xformOp:translate = (0.0042164, -0.0011937999999999999, 0.00002)
                        uniform token[] xformOpOrder = ["xformOp:translate"]
                    }

                    def Cylinder "Socket_089" (
                        customData = {
                            dictionary j599 = {
                                string collisionMode = "visual_only"
                                int contactId = 89
                                int coordinateSourcePage = 155
                            }
                        }
                    )
                    {
                        uniform token axis = "Z"
                        double height = 0.0003
                        color3f[] primvars:displayColor = [(0.015, 0.018, 0.02)]
                        double radius = 0.0006223
                        double3 xformOp:translate = (0.0042164, -0.0036067999999999994, 0.00002)
                        uniform token[] xformOpOrder = ["xformOp:translate"]
                    }

                    def Cylinder "Socket_090" (
                        customData = {
                            dictionary j599 = {
                                string collisionMode = "visual_only"
                                int contactId = 90
                                int coordinateSourcePage = 155
                            }
                        }
                    )
                    {
                        uniform token axis = "Z"
                        double height = 0.0003
                        color3f[] primvars:displayColor = [(0.015, 0.018, 0.02)]
                        double radius = 0.0006223
                        double3 xformOp:translate = (0.0042164, -0.0060198, 0.00002)
                        uniform token[] xformOpOrder = ["xformOp:translate"]
                    }

                    def Cylinder "Socket_091" (
                        customData = {
                            dictionary j599 = {
                                string collisionMode = "visual_only"
                                int contactId = 91
                                int coordinateSourcePage = 155
                            }
                        }
                    )
                    {
                        uniform token axis = "Z"
                        double height = 0.0003
                        color3f[] primvars:displayColor = [(0.015, 0.018, 0.02)]
                        double radius = 0.0006223
                        double3 xformOp:translate = (0.0042164, -0.0084328, 0.00002)
                        uniform token[] xformOpOrder = ["xformOp:translate"]
                    }

                    def Cylinder "Socket_092" (
                        customData = {
                            dictionary j599 = {
                                string collisionMode = "visual_only"
                                int contactId = 92
                                int coordinateSourcePage = 155
                            }
                        }
                    )
                    {
                        uniform token axis = "Z"
                        double height = 0.0003
                        color3f[] primvars:displayColor = [(0.015, 0.018, 0.02)]
                        double radius = 0.0006223
                        double3 xformOp:translate = (0.0042164, -0.0108458, 0.00002)
                        uniform token[] xformOpOrder = ["xformOp:translate"]
                    }

                    def Cylinder "Socket_093" (
                        customData = {
                            dictionary j599 = {
                                string collisionMode = "visual_only"
                                int contactId = 93
                                int coordinateSourcePage = 155
                            }
                        }
                    )
                    {
                        uniform token axis = "Z"
                        double height = 0.0003
                        color3f[] primvars:displayColor = [(0.015, 0.018, 0.02)]
                        double radius = 0.0006223
                        double3 xformOp:translate = (0.0042164, -0.0132588, 0.00002)
                        uniform token[] xformOpOrder = ["xformOp:translate"]
                    }

                    def Cylinder "Socket_094" (
                        customData = {
                            dictionary j599 = {
                                string collisionMode = "visual_only"
                                int contactId = 94
                                int coordinateSourcePage = 155
                            }
                        }
                    )
                    {
                        uniform token axis = "Z"
                        double height = 0.0003
                        color3f[] primvars:displayColor = [(0.015, 0.018, 0.02)]
                        double radius = 0.0006223
                        double3 xformOp:translate = (0.0063246, 0.0125984, 0.00002)
                        uniform token[] xformOpOrder = ["xformOp:translate"]
                    }

                    def Cylinder "Socket_095" (
                        customData = {
                            dictionary j599 = {
                                string collisionMode = "visual_only"
                                int contactId = 95
                                int coordinateSourcePage = 155
                            }
                        }
                    )
                    {
                        uniform token axis = "Z"
                        double height = 0.0003
                        color3f[] primvars:displayColor = [(0.015, 0.018, 0.02)]
                        double radius = 0.0006223
                        double3 xformOp:translate = (0.0063246, 0.009651999999999999, 0.00002)
                        uniform token[] xformOpOrder = ["xformOp:translate"]
                    }

                    def Cylinder "Socket_096" (
                        customData = {
                            dictionary j599 = {
                                string collisionMode = "visual_only"
                                int contactId = 96
                                int coordinateSourcePage = 155
                            }
                        }
                    )
                    {
                        uniform token axis = "Z"
                        double height = 0.0003
                        color3f[] primvars:displayColor = [(0.015, 0.018, 0.02)]
                        double radius = 0.0006223
                        double3 xformOp:translate = (0.0063246, 0.007238999999999999, 0.00002)
                        uniform token[] xformOpOrder = ["xformOp:translate"]
                    }

                    def Cylinder "Socket_097" (
                        customData = {
                            dictionary j599 = {
                                string collisionMode = "visual_only"
                                int contactId = 97
                                int coordinateSourcePage = 155
                            }
                        }
                    )
                    {
                        uniform token axis = "Z"
                        double height = 0.0003
                        color3f[] primvars:displayColor = [(0.015, 0.018, 0.02)]
                        double radius = 0.0006223
                        double3 xformOp:translate = (0.0063246, 0.0048259999999999996, 0.00002)
                        uniform token[] xformOpOrder = ["xformOp:translate"]
                    }

                    def Cylinder "Socket_098" (
                        customData = {
                            dictionary j599 = {
                                string collisionMode = "visual_only"
                                int contactId = 98
                                int coordinateSourcePage = 155
                            }
                        }
                    )
                    {
                        uniform token axis = "Z"
                        double height = 0.0003
                        color3f[] primvars:displayColor = [(0.015, 0.018, 0.02)]
                        double radius = 0.0006223
                        double3 xformOp:translate = (0.0063246, 0.0024129999999999998, 0.00002)
                        uniform token[] xformOpOrder = ["xformOp:translate"]
                    }

                    def Cylinder "Socket_099" (
                        customData = {
                            dictionary j599 = {
                                string collisionMode = "visual_only"
                                int contactId = 99
                                int coordinateSourcePage = 155
                            }
                        }
                    )
                    {
                        uniform token axis = "Z"
                        double height = 0.0003
                        color3f[] primvars:displayColor = [(0.015, 0.018, 0.02)]
                        double radius = 0.0006223
                        double3 xformOp:translate = (0.0063246, 0, 0.00002)
                        uniform token[] xformOpOrder = ["xformOp:translate"]
                    }

                    def Cylinder "Socket_100" (
                        customData = {
                            dictionary j599 = {
                                string collisionMode = "visual_only"
                                int contactId = 100
                                int coordinateSourcePage = 155
                            }
                        }
                    )
                    {
                        uniform token axis = "Z"
                        double height = 0.0003
                        color3f[] primvars:displayColor = [(0.015, 0.018, 0.02)]
                        double radius = 0.0006223
                        double3 xformOp:translate = (0.0063246, -0.0024129999999999998, 0.00002)
                        uniform token[] xformOpOrder = ["xformOp:translate"]
                    }

                    def Cylinder "Socket_101" (
                        customData = {
                            dictionary j599 = {
                                string collisionMode = "visual_only"
                                int contactId = 101
                                int coordinateSourcePage = 155
                            }
                        }
                    )
                    {
                        uniform token axis = "Z"
                        double height = 0.0003
                        color3f[] primvars:displayColor = [(0.015, 0.018, 0.02)]
                        double radius = 0.0006223
                        double3 xformOp:translate = (0.0063246, -0.0048259999999999996, 0.00002)
                        uniform token[] xformOpOrder = ["xformOp:translate"]
                    }

                    def Cylinder "Socket_102" (
                        customData = {
                            dictionary j599 = {
                                string collisionMode = "visual_only"
                                int contactId = 102
                                int coordinateSourcePage = 155
                            }
                        }
                    )
                    {
                        uniform token axis = "Z"
                        double height = 0.0003
                        color3f[] primvars:displayColor = [(0.015, 0.018, 0.02)]
                        double radius = 0.0006223
                        double3 xformOp:translate = (0.0063246, -0.007238999999999999, 0.00002)
                        uniform token[] xformOpOrder = ["xformOp:translate"]
                    }

                    def Cylinder "Socket_103" (
                        customData = {
                            dictionary j599 = {
                                string collisionMode = "visual_only"
                                int contactId = 103
                                int coordinateSourcePage = 155
                            }
                        }
                    )
                    {
                        uniform token axis = "Z"
                        double height = 0.0003
                        color3f[] primvars:displayColor = [(0.015, 0.018, 0.02)]
                        double radius = 0.0006223
                        double3 xformOp:translate = (0.0063246, -0.009651999999999999, 0.00002)
                        uniform token[] xformOpOrder = ["xformOp:translate"]
                    }

                    def Cylinder "Socket_104" (
                        customData = {
                            dictionary j599 = {
                                string collisionMode = "visual_only"
                                int contactId = 104
                                int coordinateSourcePage = 155
                            }
                        }
                    )
                    {
                        uniform token axis = "Z"
                        double height = 0.0003
                        color3f[] primvars:displayColor = [(0.015, 0.018, 0.02)]
                        double radius = 0.0006223
                        double3 xformOp:translate = (0.0063246, -0.012065, 0.00002)
                        uniform token[] xformOpOrder = ["xformOp:translate"]
                    }

                    def Cylinder "Socket_105" (
                        customData = {
                            dictionary j599 = {
                                string collisionMode = "visual_only"
                                int contactId = 105
                                int coordinateSourcePage = 155
                            }
                        }
                    )
                    {
                        uniform token axis = "Z"
                        double height = 0.0003
                        color3f[] primvars:displayColor = [(0.015, 0.018, 0.02)]
                        double radius = 0.0006223
                        double3 xformOp:translate = (0.0084328, 0.0112776, 0.00002)
                        uniform token[] xformOpOrder = ["xformOp:translate"]
                    }

                    def Cylinder "Socket_106" (
                        customData = {
                            dictionary j599 = {
                                string collisionMode = "visual_only"
                                int contactId = 106
                                int coordinateSourcePage = 155
                            }
                        }
                    )
                    {
                        uniform token axis = "Z"
                        double height = 0.0003
                        color3f[] primvars:displayColor = [(0.015, 0.018, 0.02)]
                        double radius = 0.0006223
                        double3 xformOp:translate = (0.0084328, 0.0084328, 0.00002)
                        uniform token[] xformOpOrder = ["xformOp:translate"]
                    }

                    def Cylinder "Socket_107" (
                        customData = {
                            dictionary j599 = {
                                string collisionMode = "visual_only"
                                int contactId = 107
                                int coordinateSourcePage = 155
                            }
                        }
                    )
                    {
                        uniform token axis = "Z"
                        double height = 0.0003
                        color3f[] primvars:displayColor = [(0.015, 0.018, 0.02)]
                        double radius = 0.0006223
                        double3 xformOp:translate = (0.0084328, 0.0060198, 0.00002)
                        uniform token[] xformOpOrder = ["xformOp:translate"]
                    }

                    def Cylinder "Socket_108" (
                        customData = {
                            dictionary j599 = {
                                string collisionMode = "visual_only"
                                int contactId = 108
                                int coordinateSourcePage = 155
                            }
                        }
                    )
                    {
                        uniform token axis = "Z"
                        double height = 0.0003
                        color3f[] primvars:displayColor = [(0.015, 0.018, 0.02)]
                        double radius = 0.0006223
                        double3 xformOp:translate = (0.0084328, 0.0036067999999999994, 0.00002)
                        uniform token[] xformOpOrder = ["xformOp:translate"]
                    }

                    def Cylinder "Socket_109" (
                        customData = {
                            dictionary j599 = {
                                string collisionMode = "visual_only"
                                int contactId = 109
                                int coordinateSourcePage = 155
                            }
                        }
                    )
                    {
                        uniform token axis = "Z"
                        double height = 0.0003
                        color3f[] primvars:displayColor = [(0.015, 0.018, 0.02)]
                        double radius = 0.0006223
                        double3 xformOp:translate = (0.0084328, 0.0011937999999999999, 0.00002)
                        uniform token[] xformOpOrder = ["xformOp:translate"]
                    }

                    def Cylinder "Socket_110" (
                        customData = {
                            dictionary j599 = {
                                string collisionMode = "visual_only"
                                int contactId = 110
                                int coordinateSourcePage = 155
                            }
                        }
                    )
                    {
                        uniform token axis = "Z"
                        double height = 0.0003
                        color3f[] primvars:displayColor = [(0.015, 0.018, 0.02)]
                        double radius = 0.0006223
                        double3 xformOp:translate = (0.0084328, -0.0011937999999999999, 0.00002)
                        uniform token[] xformOpOrder = ["xformOp:translate"]
                    }

                    def Cylinder "Socket_111" (
                        customData = {
                            dictionary j599 = {
                                string collisionMode = "visual_only"
                                int contactId = 111
                                int coordinateSourcePage = 155
                            }
                        }
                    )
                    {
                        uniform token axis = "Z"
                        double height = 0.0003
                        color3f[] primvars:displayColor = [(0.015, 0.018, 0.02)]
                        double radius = 0.0006223
                        double3 xformOp:translate = (0.0084328, -0.0036067999999999994, 0.00002)
                        uniform token[] xformOpOrder = ["xformOp:translate"]
                    }

                    def Cylinder "Socket_112" (
                        customData = {
                            dictionary j599 = {
                                string collisionMode = "visual_only"
                                int contactId = 112
                                int coordinateSourcePage = 155
                            }
                        }
                    )
                    {
                        uniform token axis = "Z"
                        double height = 0.0003
                        color3f[] primvars:displayColor = [(0.015, 0.018, 0.02)]
                        double radius = 0.0006223
                        double3 xformOp:translate = (0.0084328, -0.0060198, 0.00002)
                        uniform token[] xformOpOrder = ["xformOp:translate"]
                    }

                    def Cylinder "Socket_113" (
                        customData = {
                            dictionary j599 = {
                                string collisionMode = "visual_only"
                                int contactId = 113
                                int coordinateSourcePage = 155
                            }
                        }
                    )
                    {
                        uniform token axis = "Z"
                        double height = 0.0003
                        color3f[] primvars:displayColor = [(0.015, 0.018, 0.02)]
                        double radius = 0.0006223
                        double3 xformOp:translate = (0.0084328, -0.0084328, 0.00002)
                        uniform token[] xformOpOrder = ["xformOp:translate"]
                    }

                    def Cylinder "Socket_114" (
                        customData = {
                            dictionary j599 = {
                                string collisionMode = "visual_only"
                                int contactId = 114
                                int coordinateSourcePage = 155
                            }
                        }
                    )
                    {
                        uniform token axis = "Z"
                        double height = 0.0003
                        color3f[] primvars:displayColor = [(0.015, 0.018, 0.02)]
                        double radius = 0.0006223
                        double3 xformOp:translate = (0.0084328, -0.0108458, 0.00002)
                        uniform token[] xformOpOrder = ["xformOp:translate"]
                    }

                    def Cylinder "Socket_115" (
                        customData = {
                            dictionary j599 = {
                                string collisionMode = "visual_only"
                                int contactId = 115
                                int coordinateSourcePage = 156
                            }
                        }
                    )
                    {
                        uniform token axis = "Z"
                        double height = 0.0003
                        color3f[] primvars:displayColor = [(0.015, 0.018, 0.02)]
                        double radius = 0.0006223
                        double3 xformOp:translate = (0.010769599999999999, 0.009067799999999999, 0.00002)
                        uniform token[] xformOpOrder = ["xformOp:translate"]
                    }

                    def Cylinder "Socket_116" (
                        customData = {
                            dictionary j599 = {
                                string collisionMode = "visual_only"
                                int contactId = 116
                                int coordinateSourcePage = 156
                            }
                        }
                    )
                    {
                        uniform token axis = "Z"
                        double height = 0.0003
                        color3f[] primvars:displayColor = [(0.015, 0.018, 0.02)]
                        double radius = 0.0006223
                        double3 xformOp:translate = (0.010540999999999998, 0.0048259999999999996, 0.00002)
                        uniform token[] xformOpOrder = ["xformOp:translate"]
                    }

                    def Cylinder "Socket_117" (
                        customData = {
                            dictionary j599 = {
                                string collisionMode = "visual_only"
                                int contactId = 117
                                int coordinateSourcePage = 156
                            }
                        }
                    )
                    {
                        uniform token axis = "Z"
                        double height = 0.0003
                        color3f[] primvars:displayColor = [(0.015, 0.018, 0.02)]
                        double radius = 0.0006223
                        double3 xformOp:translate = (0.010540999999999998, 0.0024129999999999998, 0.00002)
                        uniform token[] xformOpOrder = ["xformOp:translate"]
                    }

                    def Cylinder "Socket_118" (
                        customData = {
                            dictionary j599 = {
                                string collisionMode = "visual_only"
                                int contactId = 118
                                int coordinateSourcePage = 156
                            }
                        }
                    )
                    {
                        uniform token axis = "Z"
                        double height = 0.0003
                        color3f[] primvars:displayColor = [(0.015, 0.018, 0.02)]
                        double radius = 0.0006223
                        double3 xformOp:translate = (0.010540999999999998, 0, 0.00002)
                        uniform token[] xformOpOrder = ["xformOp:translate"]
                    }

                    def Cylinder "Socket_119" (
                        customData = {
                            dictionary j599 = {
                                string collisionMode = "visual_only"
                                int contactId = 119
                                int coordinateSourcePage = 156
                            }
                        }
                    )
                    {
                        uniform token axis = "Z"
                        double height = 0.0003
                        color3f[] primvars:displayColor = [(0.015, 0.018, 0.02)]
                        double radius = 0.0006223
                        double3 xformOp:translate = (0.010540999999999998, -0.0024129999999999998, 0.00002)
                        uniform token[] xformOpOrder = ["xformOp:translate"]
                    }

                    def Cylinder "Socket_120" (
                        customData = {
                            dictionary j599 = {
                                string collisionMode = "visual_only"
                                int contactId = 120
                                int coordinateSourcePage = 156
                            }
                        }
                    )
                    {
                        uniform token axis = "Z"
                        double height = 0.0003
                        color3f[] primvars:displayColor = [(0.015, 0.018, 0.02)]
                        double radius = 0.0006223
                        double3 xformOp:translate = (0.010540999999999998, -0.0048259999999999996, 0.00002)
                        uniform token[] xformOpOrder = ["xformOp:translate"]
                    }

                    def Cylinder "Socket_121" (
                        customData = {
                            dictionary j599 = {
                                string collisionMode = "visual_only"
                                int contactId = 121
                                int coordinateSourcePage = 156
                            }
                        }
                    )
                    {
                        uniform token axis = "Z"
                        double height = 0.0003
                        color3f[] primvars:displayColor = [(0.015, 0.018, 0.02)]
                        double radius = 0.0006223
                        double3 xformOp:translate = (0.010769599999999999, -0.009067799999999999, 0.00002)
                        uniform token[] xformOpOrder = ["xformOp:translate"]
                    }

                    def Cylinder "Socket_122" (
                        customData = {
                            dictionary j599 = {
                                string collisionMode = "visual_only"
                                int contactId = 122
                                int coordinateSourcePage = 156
                            }
                        }
                    )
                    {
                        uniform token axis = "Z"
                        double height = 0.0003
                        color3f[] primvars:displayColor = [(0.015, 0.018, 0.02)]
                        double radius = 0.0006223
                        double3 xformOp:translate = (0.0121666, 0.0070866, 0.00002)
                        uniform token[] xformOpOrder = ["xformOp:translate"]
                    }

                    def Cylinder "Socket_123" (
                        customData = {
                            dictionary j599 = {
                                string collisionMode = "visual_only"
                                int contactId = 123
                                int coordinateSourcePage = 156
                            }
                        }
                    )
                    {
                        uniform token axis = "Z"
                        double height = 0.0003
                        color3f[] primvars:displayColor = [(0.015, 0.018, 0.02)]
                        double radius = 0.0006223
                        double3 xformOp:translate = (0.013208, 0.0048259999999999996, 0.00002)
                        uniform token[] xformOpOrder = ["xformOp:translate"]
                    }

                    def Cylinder "Socket_124" (
                        customData = {
                            dictionary j599 = {
                                string collisionMode = "visual_only"
                                int contactId = 124
                                int coordinateSourcePage = 156
                            }
                        }
                    )
                    {
                        uniform token axis = "Z"
                        double height = 0.0003
                        color3f[] primvars:displayColor = [(0.015, 0.018, 0.02)]
                        double radius = 0.0006223
                        double3 xformOp:translate = (0.013868400000000001, 0.0024129999999999998, 0.00002)
                        uniform token[] xformOpOrder = ["xformOp:translate"]
                    }

                    def Cylinder "Socket_125" (
                        customData = {
                            dictionary j599 = {
                                string collisionMode = "visual_only"
                                int contactId = 125
                                int coordinateSourcePage = 156
                            }
                        }
                    )
                    {
                        uniform token axis = "Z"
                        double height = 0.0003
                        color3f[] primvars:displayColor = [(0.015, 0.018, 0.02)]
                        double radius = 0.0006223
                        double3 xformOp:translate = (0.014097, 0, 0.00002)
                        uniform token[] xformOpOrder = ["xformOp:translate"]
                    }

                    def Cylinder "Socket_126" (
                        customData = {
                            dictionary j599 = {
                                string collisionMode = "visual_only"
                                int contactId = 126
                                int coordinateSourcePage = 156
                            }
                        }
                    )
                    {
                        uniform token axis = "Z"
                        double height = 0.0003
                        color3f[] primvars:displayColor = [(0.015, 0.018, 0.02)]
                        double radius = 0.0006223
                        double3 xformOp:translate = (0.013868400000000001, -0.0024129999999999998, 0.00002)
                        uniform token[] xformOpOrder = ["xformOp:translate"]
                    }

                    def Cylinder "Socket_127" (
                        customData = {
                            dictionary j599 = {
                                string collisionMode = "visual_only"
                                int contactId = 127
                                int coordinateSourcePage = 156
                            }
                        }
                    )
                    {
                        uniform token axis = "Z"
                        double height = 0.0003
                        color3f[] primvars:displayColor = [(0.015, 0.018, 0.02)]
                        double radius = 0.0006223
                        double3 xformOp:translate = (0.013208, -0.0048259999999999996, 0.00002)
                        uniform token[] xformOpOrder = ["xformOp:translate"]
                    }

                    def Cylinder "Socket_128" (
                        customData = {
                            dictionary j599 = {
                                string collisionMode = "visual_only"
                                int contactId = 128
                                int coordinateSourcePage = 156
                            }
                        }
                    )
                    {
                        uniform token axis = "Z"
                        double height = 0.0003
                        color3f[] primvars:displayColor = [(0.015, 0.018, 0.02)]
                        double radius = 0.0006223
                        double3 xformOp:translate = (0.0121666, -0.0070866, 0.00002)
                        uniform token[] xformOpOrder = ["xformOp:translate"]
                    }
                }
            }

            def "Physics"
            {
                def Xform "KeywayBlockingShell"
                {
                    def Cube "Segment_000" (
                        prepend apiSchemas = ["PhysicsCollisionAPI"]
                        customData = {
                            dictionary j599 = {
                                string collisionRole = "fixed_keyway_blocking_shell"
                            }
                        }
                    )
                    {
                        float physxCollision:contactOffset = 0.00001
                        float physxCollision:restOffset = 0
                        color3f[] primvars:displayColor = [(0.49, 0.53, 0.58)]
                        double size = 1
                        token visibility = "invisible"
                        float xformOp:rotateZ = 8
                        float3 xformOp:scale = (0.0016525, 0.0006819036, 0.00724)
                        double3 xformOp:translate = (0.018600947836224475, 0.0026141927351586293, -0.00362)
                        uniform token[] xformOpOrder = ["xformOp:translate", "xformOp:rotateZ", "xformOp:scale"]
                    }

                    def Cube "Segment_001" (
                        prepend apiSchemas = ["PhysicsCollisionAPI"]
                        customData = {
                            dictionary j599 = {
                                string collisionRole = "fixed_keyway_blocking_shell"
                            }
                        }
                    )
                    {
                        float physxCollision:contactOffset = 0.00001
                        float physxCollision:restOffset = 0
                        color3f[] primvars:displayColor = [(0.49, 0.53, 0.58)]
                        double size = 1
                        token visibility = "invisible"
                        float xformOp:rotateZ = 10
                        float3 xformOp:scale = (0.0016525, 0.0006819036, 0.00724)
                        double3 xformOp:translate = (0.018498382630643063, 0.0032617639572512028, -0.00362)
                        uniform token[] xformOpOrder = ["xformOp:translate", "xformOp:rotateZ", "xformOp:scale"]
                    }

                    def Cube "Segment_002" (
                        prepend apiSchemas = ["PhysicsCollisionAPI"]
                        customData = {
                            dictionary j599 = {
                                string collisionRole = "fixed_keyway_blocking_shell"
                            }
                        }
                    )
                    {
                        float physxCollision:contactOffset = 0.00001
                        float physxCollision:restOffset = 0
                        color3f[] primvars:displayColor = [(0.49, 0.53, 0.58)]
                        double size = 1
                        token visibility = "invisible"
                        float xformOp:rotateZ = 12
                        float3 xformOp:scale = (0.0016525, 0.0006819036, 0.00724)
                        double3 xformOp:translate = (0.018373279995283622, 0.0039053612223980878, -0.00362)
                        uniform token[] xformOpOrder = ["xformOp:translate", "xformOp:rotateZ", "xformOp:scale"]
                    }

                    def Cube "Segment_003" (
                        prepend apiSchemas = ["PhysicsCollisionAPI"]
                        customData = {
                            dictionary j599 = {
                                string collisionRole = "fixed_keyway_blocking_shell"
                            }
                        }
                    )
                    {
                        float physxCollision:contactOffset = 0.00001
                        float physxCollision:restOffset = 0
                        color3f[] primvars:displayColor = [(0.49, 0.53, 0.58)]
                        double size = 1
                        token visibility = "invisible"
                        float xformOp:rotateZ = 14
                        float3 xformOp:scale = (0.0016525, 0.0006819036, 0.00724)
                        double3 xformOp:translate = (0.01822579234843675, 0.004544200406470259, -0.00362)
                        uniform token[] xformOpOrder = ["xformOp:translate", "xformOp:rotateZ", "xformOp:scale"]
                    }

                    def Cube "Segment_004" (
                        prepend apiSchemas = ["PhysicsCollisionAPI"]
                        customData = {
                            dictionary j599 = {
                                string collisionRole = "fixed_keyway_blocking_shell"
                            }
                        }
                    )
                    {
                        float physxCollision:contactOffset = 0.00001
                        float physxCollision:restOffset = 0
                        color3f[] primvars:displayColor = [(0.49, 0.53, 0.58)]
                        double size = 1
                        token visibility = "invisible"
                        float xformOp:rotateZ = 16
                        float3 xformOp:scale = (0.0016525, 0.0006819036, 0.00724)
                        double3 xformOp:translate = (0.018056099381081398, 0.005177503182327558, -0.00362)
                        uniform token[] xformOpOrder = ["xformOp:translate", "xformOp:rotateZ", "xformOp:scale"]
                    }

                    def Cube "Segment_005" (
                        prepend apiSchemas = ["PhysicsCollisionAPI"]
                        customData = {
                            dictionary j599 = {
                                string collisionRole = "fixed_keyway_blocking_shell"
                            }
                        }
                    )
                    {
                        float physxCollision:contactOffset = 0.00001
                        float physxCollision:restOffset = 0
                        color3f[] primvars:displayColor = [(0.49, 0.53, 0.58)]
                        double size = 1
                        token visibility = "invisible"
                        float xformOp:rotateZ = 18
                        float3 xformOp:scale = (0.0016525, 0.0006819036, 0.00724)
                        double3 xformOp:translate = (0.017864407837959093, 0.005804497968090419, -0.00362)
                        uniform token[] xformOpOrder = ["xformOp:translate", "xformOp:rotateZ", "xformOp:scale"]
                    }

                    def Cube "Segment_006" (
                        prepend apiSchemas = ["PhysicsCollisionAPI"]
                        customData = {
                            dictionary j599 = {
                                string collisionRole = "fixed_keyway_blocking_shell"
                            }
                        }
                    )
                    {
                        float physxCollision:contactOffset = 0.00001
                        float physxCollision:restOffset = 0
                        color3f[] primvars:displayColor = [(0.49, 0.53, 0.58)]
                        double size = 1
                        token visibility = "invisible"
                        float xformOp:rotateZ = 20
                        float3 xformOp:scale = (0.0016525, 0.0006819036, 0.00724)
                        double3 xformOp:translate = (0.01765095126568731, 0.006424420867193531, -0.00362)
                        uniform token[] xformOpOrder = ["xformOp:translate", "xformOp:rotateZ", "xformOp:scale"]
                    }

                    def Cube "Segment_007" (
                        prepend apiSchemas = ["PhysicsCollisionAPI"]
                        customData = {
                            dictionary j599 = {
                                string collisionRole = "fixed_keyway_blocking_shell"
                            }
                        }
                    )
                    {
                        float physxCollision:contactOffset = 0.00001
                        float physxCollision:restOffset = 0
                        color3f[] primvars:displayColor = [(0.49, 0.53, 0.58)]
                        double size = 1
                        token visibility = "invisible"
                        float xformOp:rotateZ = 22
                        float3 xformOp:scale = (0.0016525, 0.0006819036, 0.00724)
                        double3 xformOp:translate = (0.017415989728218895, 0.007036516599076138, -0.00362)
                        uniform token[] xformOpOrder = ["xformOp:translate", "xformOp:rotateZ", "xformOp:scale"]
                    }

                    def Cube "Segment_008" (
                        prepend apiSchemas = ["PhysicsCollisionAPI"]
                        customData = {
                            dictionary j599 = {
                                string collisionRole = "fixed_keyway_blocking_shell"
                            }
                        }
                    )
                    {
                        float physxCollision:contactOffset = 0.00001
                        float physxCollision:restOffset = 0
                        color3f[] primvars:displayColor = [(0.49, 0.53, 0.58)]
                        double size = 1
                        token visibility = "invisible"
                        float xformOp:rotateZ = 24
                        float3 xformOp:scale = (0.0016525, 0.0006819036, 0.00724)
                        double3 xformOp:translate = (0.017159809489994206, 0.007640039419375064, -0.00362)
                        uniform token[] xformOpOrder = ["xformOp:translate", "xformOp:rotateZ", "xformOp:scale"]
                    }

                    def Cube "Segment_009" (
                        prepend apiSchemas = ["PhysicsCollisionAPI"]
                        customData = {
                            dictionary j599 = {
                                string collisionRole = "fixed_keyway_blocking_shell"
                            }
                        }
                    )
                    {
                        float physxCollision:contactOffset = 0.00001
                        float physxCollision:restOffset = 0
                        color3f[] primvars:displayColor = [(0.49, 0.53, 0.58)]
                        double size = 1
                        token visibility = "invisible"
                        float xformOp:rotateZ = 26
                        float3 xformOp:scale = (0.0016525, 0.0006819036, 0.00724)
                        double3 xformOp:translate = (0.01688272266717198, 0.008234254028499333, -0.00362)
                        uniform token[] xformOpOrder = ["xformOp:translate", "xformOp:rotateZ", "xformOp:scale"]
                    }

                    def Cube "Segment_010" (
                        prepend apiSchemas = ["PhysicsCollisionAPI"]
                        customData = {
                            dictionary j599 = {
                                string collisionRole = "fixed_keyway_blocking_shell"
                            }
                        }
                    )
                    {
                        float physxCollision:contactOffset = 0.00001
                        float physxCollision:restOffset = 0
                        color3f[] primvars:displayColor = [(0.49, 0.53, 0.58)]
                        double size = 1
                        token visibility = "invisible"
                        float xformOp:rotateZ = 28
                        float3 xformOp:scale = (0.0016525, 0.0006819036, 0.00724)
                        double3 xformOp:translate = (0.016585066847363873, 0.008818436467479478, -0.00362)
                        uniform token[] xformOpOrder = ["xformOp:translate", "xformOp:rotateZ", "xformOp:scale"]
                    }

                    def Cube "Segment_011" (
                        prepend apiSchemas = ["PhysicsCollisionAPI"]
                        customData = {
                            dictionary j599 = {
                                string collisionRole = "fixed_keyway_blocking_shell"
                            }
                        }
                    )
                    {
                        float physxCollision:contactOffset = 0.00001
                        float physxCollision:restOffset = 0
                        color3f[] primvars:displayColor = [(0.49, 0.53, 0.58)]
                        double size = 1
                        token visibility = "invisible"
                        float xformOp:rotateZ = 30
                        float3 xformOp:scale = (0.0016525, 0.0006819036, 0.00724)
                        double3 xformOp:translate = (0.016267204678335954, 0.009391875, -0.00362)
                        uniform token[] xformOpOrder = ["xformOp:translate", "xformOp:rotateZ", "xformOp:scale"]
                    }

                    def Cube "Segment_012" (
                        prepend apiSchemas = ["PhysicsCollisionAPI"]
                        customData = {
                            dictionary j599 = {
                                string collisionRole = "fixed_keyway_blocking_shell"
                            }
                        }
                    )
                    {
                        float physxCollision:contactOffset = 0.00001
                        float physxCollision:restOffset = 0
                        color3f[] primvars:displayColor = [(0.49, 0.53, 0.58)]
                        double size = 1
                        token visibility = "invisible"
                        float xformOp:rotateZ = 32
                        float3 xformOp:scale = (0.0016525, 0.0006819036, 0.00724)
                        double3 xformOp:translate = (0.015929523426178267, 0.009953870979540463, -0.00362)
                        uniform token[] xformOpOrder = ["xformOp:translate", "xformOp:rotateZ", "xformOp:scale"]
                    }

                    def Cube "Segment_013" (
                        prepend apiSchemas = ["PhysicsCollisionAPI"]
                        customData = {
                            dictionary j599 = {
                                string collisionRole = "fixed_keyway_blocking_shell"
                            }
                        }
                    )
                    {
                        float physxCollision:contactOffset = 0.00001
                        float physxCollision:restOffset = 0
                        color3f[] primvars:displayColor = [(0.49, 0.53, 0.58)]
                        double size = 1
                        token visibility = "invisible"
                        float xformOp:rotateZ = 34
                        float3 xformOp:scale = (0.0016525, 0.0006819036, 0.00724)
                        double3 xformOp:translate = (0.015572434503480765, 0.010503739700568643, -0.00362)
                        uniform token[] xformOpOrder = ["xformOp:translate", "xformOp:rotateZ", "xformOp:scale"]
                    }

                    def Cube "Segment_014" (
                        prepend apiSchemas = ["PhysicsCollisionAPI"]
                        customData = {
                            dictionary j599 = {
                                string collisionRole = "fixed_keyway_blocking_shell"
                            }
                        }
                    )
                    {
                        float physxCollision:contactOffset = 0.00001
                        float physxCollision:restOffset = 0
                        color3f[] primvars:displayColor = [(0.49, 0.53, 0.58)]
                        double size = 1
                        token visibility = "invisible"
                        float xformOp:rotateZ = 36
                        float3 xformOp:scale = (0.0016525, 0.0006819036, 0.00724)
                        double3 xformOp:translate = (0.01519637296809042, 0.011040811232748743, -0.00362)
                        uniform token[] xformOpOrder = ["xformOp:translate", "xformOp:rotateZ", "xformOp:scale"]
                    }

                    def Cube "Segment_015" (
                        prepend apiSchemas = ["PhysicsCollisionAPI"]
                        customData = {
                            dictionary j599 = {
                                string collisionRole = "fixed_keyway_blocking_shell"
                            }
                        }
                    )
                    {
                        float physxCollision:contactOffset = 0.00001
                        float physxCollision:restOffset = 0
                        color3f[] primvars:displayColor = [(0.49, 0.53, 0.58)]
                        double size = 1
                        token visibility = "invisible"
                        float xformOp:rotateZ = 38
                        float3 xformOp:scale = (0.0016525, 0.0006819036, 0.00724)
                        double3 xformOp:translate = (0.014801796993060263, 0.011564431237148336, -0.00362)
                        uniform token[] xformOpOrder = ["xformOp:translate", "xformOp:rotateZ", "xformOp:scale"]
                    }

                    def Cube "Segment_016" (
                        prepend apiSchemas = ["PhysicsCollisionAPI"]
                        customData = {
                            dictionary j599 = {
                                string collisionRole = "fixed_keyway_blocking_shell"
                            }
                        }
                    )
                    {
                        float physxCollision:contactOffset = 0.00001
                        float physxCollision:restOffset = 0
                        color3f[] primvars:displayColor = [(0.49, 0.53, 0.58)]
                        double size = 1
                        token visibility = "invisible"
                        float xformOp:rotateZ = 40
                        float3 xformOp:scale = (0.0016525, 0.0006819036, 0.00724)
                        double3 xformOp:translate = (0.014389187308436104, 0.012073961763449532, -0.00362)
                        uniform token[] xformOpOrder = ["xformOp:translate", "xformOp:rotateZ", "xformOp:scale"]
                    }

                    def Cube "Segment_017" (
                        prepend apiSchemas = ["PhysicsCollisionAPI"]
                        customData = {
                            dictionary j599 = {
                                string collisionRole = "fixed_keyway_blocking_shell"
                            }
                        }
                    )
                    {
                        float physxCollision:contactOffset = 0.00001
                        float physxCollision:restOffset = 0
                        color3f[] primvars:displayColor = [(0.49, 0.53, 0.58)]
                        double size = 1
                        token visibility = "invisible"
                        float xformOp:rotateZ = 42
                        float3 xformOp:scale = (0.0016525, 0.0006819036, 0.00724)
                        double3 xformOp:translate = (0.013959046615561006, 0.012568782027193205, -0.00362)
                        uniform token[] xformOpOrder = ["xformOp:translate", "xformOp:rotateZ", "xformOp:scale"]
                    }

                    def Cube "Segment_018" (
                        prepend apiSchemas = ["PhysicsCollisionAPI"]
                        customData = {
                            dictionary j599 = {
                                string collisionRole = "fixed_keyway_blocking_shell"
                            }
                        }
                    )
                    {
                        float physxCollision:contactOffset = 0.00001
                        float physxCollision:restOffset = 0
                        color3f[] primvars:displayColor = [(0.49, 0.53, 0.58)]
                        double size = 1
                        token visibility = "invisible"
                        float xformOp:rotateZ = 44
                        float3 xformOp:scale = (0.0016525, 0.0006819036, 0.00724)
                        double3 xformOp:translate = (0.013511898974611141, 0.013048289166109192, -0.00362)
                        uniform token[] xformOpOrder = ["xformOp:translate", "xformOp:rotateZ", "xformOp:scale"]
                    }

                    def Cube "Segment_019" (
                        prepend apiSchemas = ["PhysicsCollisionAPI"]
                        customData = {
                            dictionary j599 = {
                                string collisionRole = "fixed_keyway_blocking_shell"
                            }
                        }
                    )
                    {
                        float physxCollision:contactOffset = 0.00001
                        float physxCollision:restOffset = 0
                        color3f[] primvars:displayColor = [(0.49, 0.53, 0.58)]
                        double size = 1
                        token visibility = "invisible"
                        float xformOp:rotateZ = 46
                        float3 xformOp:scale = (0.0016525, 0.0006819036, 0.00724)
                        double3 xformOp:translate = (0.013048289166109192, 0.013511898974611138, -0.00362)
                        uniform token[] xformOpOrder = ["xformOp:translate", "xformOp:rotateZ", "xformOp:scale"]
                    }

                    def Cube "Segment_020" (
                        prepend apiSchemas = ["PhysicsCollisionAPI"]
                        customData = {
                            dictionary j599 = {
                                string collisionRole = "fixed_keyway_blocking_shell"
                            }
                        }
                    )
                    {
                        float physxCollision:contactOffset = 0.00001
                        float physxCollision:restOffset = 0
                        color3f[] primvars:displayColor = [(0.49, 0.53, 0.58)]
                        double size = 1
                        token visibility = "invisible"
                        float xformOp:rotateZ = 48
                        float3 xformOp:scale = (0.0016525, 0.0006819036, 0.00724)
                        double3 xformOp:translate = (0.012568782027193203, 0.013959046615561008, -0.00362)
                        uniform token[] xformOpOrder = ["xformOp:translate", "xformOp:rotateZ", "xformOp:scale"]
                    }

                    def Cube "Segment_021" (
                        prepend apiSchemas = ["PhysicsCollisionAPI"]
                        customData = {
                            dictionary j599 = {
                                string collisionRole = "fixed_keyway_blocking_shell"
                            }
                        }
                    )
                    {
                        float physxCollision:contactOffset = 0.00001
                        float physxCollision:restOffset = 0
                        color3f[] primvars:displayColor = [(0.49, 0.53, 0.58)]
                        double size = 1
                        token visibility = "invisible"
                        float xformOp:rotateZ = 50
                        float3 xformOp:scale = (0.0016525, 0.0006819036, 0.00724)
                        double3 xformOp:translate = (0.012073961763449536, 0.014389187308436104, -0.00362)
                        uniform token[] xformOpOrder = ["xformOp:translate", "xformOp:rotateZ", "xformOp:scale"]
                    }

                    def Cube "Segment_022" (
                        prepend apiSchemas = ["PhysicsCollisionAPI"]
                        customData = {
                            dictionary j599 = {
                                string collisionRole = "fixed_keyway_blocking_shell"
                            }
                        }
                    )
                    {
                        float physxCollision:contactOffset = 0.00001
                        float physxCollision:restOffset = 0
                        color3f[] primvars:displayColor = [(0.49, 0.53, 0.58)]
                        double size = 1
                        token visibility = "invisible"
                        float xformOp:rotateZ = 52
                        float3 xformOp:scale = (0.0016525, 0.0006819036, 0.00724)
                        double3 xformOp:translate = (0.011564431237148336, 0.014801796993060267, -0.00362)
                        uniform token[] xformOpOrder = ["xformOp:translate", "xformOp:rotateZ", "xformOp:scale"]
                    }

                    def Cube "Segment_023" (
                        prepend apiSchemas = ["PhysicsCollisionAPI"]
                        customData = {
                            dictionary j599 = {
                                string collisionRole = "fixed_keyway_blocking_shell"
                            }
                        }
                    )
                    {
                        float physxCollision:contactOffset = 0.00001
                        float physxCollision:restOffset = 0
                        color3f[] primvars:displayColor = [(0.49, 0.53, 0.58)]
                        double size = 1
                        token visibility = "invisible"
                        float xformOp:rotateZ = 54
                        float3 xformOp:scale = (0.0016525, 0.0006819036, 0.00724)
                        double3 xformOp:translate = (0.011040811232748743, 0.01519637296809042, -0.00362)
                        uniform token[] xformOpOrder = ["xformOp:translate", "xformOp:rotateZ", "xformOp:scale"]
                    }

                    def Cube "Segment_024" (
                        prepend apiSchemas = ["PhysicsCollisionAPI"]
                        customData = {
                            dictionary j599 = {
                                string collisionRole = "fixed_keyway_blocking_shell"
                            }
                        }
                    )
                    {
                        float physxCollision:contactOffset = 0.00001
                        float physxCollision:restOffset = 0
                        color3f[] primvars:displayColor = [(0.49, 0.53, 0.58)]
                        double size = 1
                        token visibility = "invisible"
                        float xformOp:rotateZ = 56
                        float3 xformOp:scale = (0.0016525, 0.0006819036, 0.00724)
                        double3 xformOp:translate = (0.010503739700568641, 0.015572434503480767, -0.00362)
                        uniform token[] xformOpOrder = ["xformOp:translate", "xformOp:rotateZ", "xformOp:scale"]
                    }

                    def Cube "Segment_025" (
                        prepend apiSchemas = ["PhysicsCollisionAPI"]
                        customData = {
                            dictionary j599 = {
                                string collisionRole = "fixed_keyway_blocking_shell"
                            }
                        }
                    )
                    {
                        float physxCollision:contactOffset = 0.00001
                        float physxCollision:restOffset = 0
                        color3f[] primvars:displayColor = [(0.49, 0.53, 0.58)]
                        double size = 1
                        token visibility = "invisible"
                        float xformOp:rotateZ = 58
                        float3 xformOp:scale = (0.0016525, 0.0006819036, 0.00724)
                        double3 xformOp:translate = (0.009953870979540463, 0.015929523426178267, -0.00362)
                        uniform token[] xformOpOrder = ["xformOp:translate", "xformOp:rotateZ", "xformOp:scale"]
                    }

                    def Cube "Segment_026" (
                        prepend apiSchemas = ["PhysicsCollisionAPI"]
                        customData = {
                            dictionary j599 = {
                                string collisionRole = "fixed_keyway_blocking_shell"
                            }
                        }
                    )
                    {
                        float physxCollision:contactOffset = 0.00001
                        float physxCollision:restOffset = 0
                        color3f[] primvars:displayColor = [(0.49, 0.53, 0.58)]
                        double size = 1
                        token visibility = "invisible"
                        float xformOp:rotateZ = 60
                        float3 xformOp:scale = (0.0016525, 0.0006819036, 0.00724)
                        double3 xformOp:translate = (0.009391875000000003, 0.01626720467833595, -0.00362)
                        uniform token[] xformOpOrder = ["xformOp:translate", "xformOp:rotateZ", "xformOp:scale"]
                    }

                    def Cube "Segment_027" (
                        prepend apiSchemas = ["PhysicsCollisionAPI"]
                        customData = {
                            dictionary j599 = {
                                string collisionRole = "fixed_keyway_blocking_shell"
                            }
                        }
                    )
                    {
                        float physxCollision:contactOffset = 0.00001
                        float physxCollision:restOffset = 0
                        color3f[] primvars:displayColor = [(0.49, 0.53, 0.58)]
                        double size = 1
                        token visibility = "invisible"
                        float xformOp:rotateZ = 62
                        float3 xformOp:scale = (0.0016525, 0.0006819036, 0.00724)
                        double3 xformOp:translate = (0.008818436467479478, 0.01658506684736387, -0.00362)
                        uniform token[] xformOpOrder = ["xformOp:translate", "xformOp:rotateZ", "xformOp:scale"]
                    }

                    def Cube "Segment_028" (
                        prepend apiSchemas = ["PhysicsCollisionAPI"]
                        customData = {
                            dictionary j599 = {
                                string collisionRole = "fixed_keyway_blocking_shell"
                            }
                        }
                    )
                    {
                        float physxCollision:contactOffset = 0.00001
                        float physxCollision:restOffset = 0
                        color3f[] primvars:displayColor = [(0.49, 0.53, 0.58)]
                        double size = 1
                        token visibility = "invisible"
                        float xformOp:rotateZ = 64
                        float3 xformOp:scale = (0.0016525, 0.0006819036, 0.00724)
                        double3 xformOp:translate = (0.008234254028499335, 0.01688272266717198, -0.00362)
                        uniform token[] xformOpOrder = ["xformOp:translate", "xformOp:rotateZ", "xformOp:scale"]
                    }

                    def Cube "Segment_029" (
                        prepend apiSchemas = ["PhysicsCollisionAPI"]
                        customData = {
                            dictionary j599 = {
                                string collisionRole = "fixed_keyway_blocking_shell"
                            }
                        }
                    )
                    {
                        float physxCollision:contactOffset = 0.00001
                        float physxCollision:restOffset = 0
                        color3f[] primvars:displayColor = [(0.49, 0.53, 0.58)]
                        double size = 1
                        token visibility = "invisible"
                        float xformOp:rotateZ = 66
                        float3 xformOp:scale = (0.0016525, 0.0006819036, 0.00724)
                        double3 xformOp:translate = (0.007640039419375063, 0.017159809489994206, -0.00362)
                        uniform token[] xformOpOrder = ["xformOp:translate", "xformOp:rotateZ", "xformOp:scale"]
                    }

                    def Cube "Segment_030" (
                        prepend apiSchemas = ["PhysicsCollisionAPI"]
                        customData = {
                            dictionary j599 = {
                                string collisionRole = "fixed_keyway_blocking_shell"
                            }
                        }
                    )
                    {
                        float physxCollision:contactOffset = 0.00001
                        float physxCollision:restOffset = 0
                        color3f[] primvars:displayColor = [(0.49, 0.53, 0.58)]
                        double size = 1
                        token visibility = "invisible"
                        float xformOp:rotateZ = 68
                        float3 xformOp:scale = (0.0016525, 0.0006819036, 0.00724)
                        double3 xformOp:translate = (0.007036516599076137, 0.017415989728218895, -0.00362)
                        uniform token[] xformOpOrder = ["xformOp:translate", "xformOp:rotateZ", "xformOp:scale"]
                    }

                    def Cube "Segment_031" (
                        prepend apiSchemas = ["PhysicsCollisionAPI"]
                        customData = {
                            dictionary j599 = {
                                string collisionRole = "fixed_keyway_blocking_shell"
                            }
                        }
                    )
                    {
                        float physxCollision:contactOffset = 0.00001
                        float physxCollision:restOffset = 0
                        color3f[] primvars:displayColor = [(0.49, 0.53, 0.58)]
                        double size = 1
                        token visibility = "invisible"
                        float xformOp:rotateZ = 70
                        float3 xformOp:scale = (0.0016525, 0.0006819036, 0.00724)
                        double3 xformOp:translate = (0.006424420867193532, 0.017650951265687307, -0.00362)
                        uniform token[] xformOpOrder = ["xformOp:translate", "xformOp:rotateZ", "xformOp:scale"]
                    }

                    def Cube "Segment_032" (
                        prepend apiSchemas = ["PhysicsCollisionAPI"]
                        customData = {
                            dictionary j599 = {
                                string collisionRole = "fixed_keyway_blocking_shell"
                            }
                        }
                    )
                    {
                        float physxCollision:contactOffset = 0.00001
                        float physxCollision:restOffset = 0
                        color3f[] primvars:displayColor = [(0.49, 0.53, 0.58)]
                        double size = 1
                        token visibility = "invisible"
                        float xformOp:rotateZ = 72
                        float3 xformOp:scale = (0.0016525, 0.0006819036, 0.00724)
                        double3 xformOp:translate = (0.00580449796809042, 0.017864407837959093, -0.00362)
                        uniform token[] xformOpOrder = ["xformOp:translate", "xformOp:rotateZ", "xformOp:scale"]
                    }

                    def Cube "Segment_033" (
                        prepend apiSchemas = ["PhysicsCollisionAPI"]
                        customData = {
                            dictionary j599 = {
                                string collisionRole = "fixed_keyway_blocking_shell"
                            }
                        }
                    )
                    {
                        float physxCollision:contactOffset = 0.00001
                        float physxCollision:restOffset = 0
                        color3f[] primvars:displayColor = [(0.49, 0.53, 0.58)]
                        double size = 1
                        token visibility = "invisible"
                        float xformOp:rotateZ = 74
                        float3 xformOp:scale = (0.0016525, 0.0006819036, 0.00724)
                        double3 xformOp:translate = (0.005177503182327558, 0.018056099381081398, -0.00362)
                        uniform token[] xformOpOrder = ["xformOp:translate", "xformOp:rotateZ", "xformOp:scale"]
                    }

                    def Cube "Segment_034" (
                        prepend apiSchemas = ["PhysicsCollisionAPI"]
                        customData = {
                            dictionary j599 = {
                                string collisionRole = "fixed_keyway_blocking_shell"
                            }
                        }
                    )
                    {
                        float physxCollision:contactOffset = 0.00001
                        float physxCollision:restOffset = 0
                        color3f[] primvars:displayColor = [(0.49, 0.53, 0.58)]
                        double size = 1
                        token visibility = "invisible"
                        float xformOp:rotateZ = 76
                        float3 xformOp:scale = (0.0016525, 0.0006819036, 0.00724)
                        double3 xformOp:translate = (0.0045442004064702585, 0.01822579234843675, -0.00362)
                        uniform token[] xformOpOrder = ["xformOp:translate", "xformOp:rotateZ", "xformOp:scale"]
                    }

                    def Cube "Segment_035" (
                        prepend apiSchemas = ["PhysicsCollisionAPI"]
                        customData = {
                            dictionary j599 = {
                                string collisionRole = "fixed_keyway_blocking_shell"
                            }
                        }
                    )
                    {
                        float physxCollision:contactOffset = 0.00001
                        float physxCollision:restOffset = 0
                        color3f[] primvars:displayColor = [(0.49, 0.53, 0.58)]
                        double size = 1
                        token visibility = "invisible"
                        float xformOp:rotateZ = 84
                        float3 xformOp:scale = (0.0016525, 0.0006819036, 0.00724)
                        double3 xformOp:translate = (0.0019634365219037856, 0.018680850652123805, -0.00362)
                        uniform token[] xformOpOrder = ["xformOp:translate", "xformOp:rotateZ", "xformOp:scale"]
                    }

                    def Cube "Segment_036" (
                        prepend apiSchemas = ["PhysicsCollisionAPI"]
                        customData = {
                            dictionary j599 = {
                                string collisionRole = "fixed_keyway_blocking_shell"
                            }
                        }
                    )
                    {
                        float physxCollision:contactOffset = 0.00001
                        float physxCollision:restOffset = 0
                        color3f[] primvars:displayColor = [(0.49, 0.53, 0.58)]
                        double size = 1
                        token visibility = "invisible"
                        float xformOp:rotateZ = 86
                        float3 xformOp:scale = (0.0016525, 0.0006819036, 0.00724)
                        double3 xformOp:translate = (0.0013102881636912124, 0.018737993729067974, -0.00362)
                        uniform token[] xformOpOrder = ["xformOp:translate", "xformOp:rotateZ", "xformOp:scale"]
                    }

                    def Cube "Segment_037" (
                        prepend apiSchemas = ["PhysicsCollisionAPI"]
                        customData = {
                            dictionary j599 = {
                                string collisionRole = "fixed_keyway_blocking_shell"
                            }
                        }
                    )
                    {
                        float physxCollision:contactOffset = 0.00001
                        float physxCollision:restOffset = 0
                        color3f[] primvars:displayColor = [(0.49, 0.53, 0.58)]
                        double size = 1
                        token visibility = "invisible"
                        float xformOp:rotateZ = 88
                        float3 xformOp:scale = (0.0016525, 0.0006819036, 0.00724)
                        double3 xformOp:translate = (0.0006555434211856047, 0.01877230744701994, -0.00362)
                        uniform token[] xformOpOrder = ["xformOp:translate", "xformOp:rotateZ", "xformOp:scale"]
                    }

                    def Cube "Segment_038" (
                        prepend apiSchemas = ["PhysicsCollisionAPI"]
                        customData = {
                            dictionary j599 = {
                                string collisionRole = "fixed_keyway_blocking_shell"
                            }
                        }
                    )
                    {
                        float physxCollision:contactOffset = 0.00001
                        float physxCollision:restOffset = 0
                        color3f[] primvars:displayColor = [(0.49, 0.53, 0.58)]
                        double size = 1
                        token visibility = "invisible"
                        float xformOp:rotateZ = 90
                        float3 xformOp:scale = (0.0016525, 0.0006819036, 0.00724)
                        double3 xformOp:translate = (1.1501729656742049e-18, 0.018783750000000002, -0.00362)
                        uniform token[] xformOpOrder = ["xformOp:translate", "xformOp:rotateZ", "xformOp:scale"]
                    }

                    def Cube "Segment_039" (
                        prepend apiSchemas = ["PhysicsCollisionAPI"]
                        customData = {
                            dictionary j599 = {
                                string collisionRole = "fixed_keyway_blocking_shell"
                            }
                        }
                    )
                    {
                        float physxCollision:contactOffset = 0.00001
                        float physxCollision:restOffset = 0
                        color3f[] primvars:displayColor = [(0.49, 0.53, 0.58)]
                        double size = 1
                        token visibility = "invisible"
                        float xformOp:rotateZ = 92
                        float3 xformOp:scale = (0.0016525, 0.0006819036, 0.00724)
                        double3 xformOp:translate = (-0.0006555434211856024, 0.01877230744701994, -0.00362)
                        uniform token[] xformOpOrder = ["xformOp:translate", "xformOp:rotateZ", "xformOp:scale"]
                    }

                    def Cube "Segment_040" (
                        prepend apiSchemas = ["PhysicsCollisionAPI"]
                        customData = {
                            dictionary j599 = {
                                string collisionRole = "fixed_keyway_blocking_shell"
                            }
                        }
                    )
                    {
                        float physxCollision:contactOffset = 0.00001
                        float physxCollision:restOffset = 0
                        color3f[] primvars:displayColor = [(0.49, 0.53, 0.58)]
                        double size = 1
                        token visibility = "invisible"
                        float xformOp:rotateZ = 94
                        float3 xformOp:scale = (0.0016525, 0.0006819036, 0.00724)
                        double3 xformOp:translate = (-0.0013102881636912144, 0.018737993729067974, -0.00362)
                        uniform token[] xformOpOrder = ["xformOp:translate", "xformOp:rotateZ", "xformOp:scale"]
                    }

                    def Cube "Segment_041" (
                        prepend apiSchemas = ["PhysicsCollisionAPI"]
                        customData = {
                            dictionary j599 = {
                                string collisionRole = "fixed_keyway_blocking_shell"
                            }
                        }
                    )
                    {
                        float physxCollision:contactOffset = 0.00001
                        float physxCollision:restOffset = 0
                        color3f[] primvars:displayColor = [(0.49, 0.53, 0.58)]
                        double size = 1
                        token visibility = "invisible"
                        float xformOp:rotateZ = 96
                        float3 xformOp:scale = (0.0016525, 0.0006819036, 0.00724)
                        double3 xformOp:translate = (-0.0019634365219037917, 0.018680850652123805, -0.00362)
                        uniform token[] xformOpOrder = ["xformOp:translate", "xformOp:rotateZ", "xformOp:scale"]
                    }

                    def Cube "Segment_042" (
                        prepend apiSchemas = ["PhysicsCollisionAPI"]
                        customData = {
                            dictionary j599 = {
                                string collisionRole = "fixed_keyway_blocking_shell"
                            }
                        }
                    )
                    {
                        float physxCollision:contactOffset = 0.00001
                        float physxCollision:restOffset = 0
                        color3f[] primvars:displayColor = [(0.49, 0.53, 0.58)]
                        double size = 1
                        token visibility = "invisible"
                        float xformOp:rotateZ = 98
                        float3 xformOp:scale = (0.0016525, 0.0006819036, 0.00724)
                        double3 xformOp:translate = (-0.002614192735158628, 0.018600947836224475, -0.00362)
                        uniform token[] xformOpOrder = ["xformOp:translate", "xformOp:rotateZ", "xformOp:scale"]
                    }

                    def Cube "Segment_043" (
                        prepend apiSchemas = ["PhysicsCollisionAPI"]
                        customData = {
                            dictionary j599 = {
                                string collisionRole = "fixed_keyway_blocking_shell"
                            }
                        }
                    )
                    {
                        float physxCollision:contactOffset = 0.00001
                        float physxCollision:restOffset = 0
                        color3f[] primvars:displayColor = [(0.49, 0.53, 0.58)]
                        double size = 1
                        token visibility = "invisible"
                        float xformOp:rotateZ = 100
                        float3 xformOp:scale = (0.0016525, 0.0006819036, 0.00724)
                        double3 xformOp:translate = (-0.0032617639572512023, 0.018498382630643063, -0.00362)
                        uniform token[] xformOpOrder = ["xformOp:translate", "xformOp:rotateZ", "xformOp:scale"]
                    }

                    def Cube "Segment_044" (
                        prepend apiSchemas = ["PhysicsCollisionAPI"]
                        customData = {
                            dictionary j599 = {
                                string collisionRole = "fixed_keyway_blocking_shell"
                            }
                        }
                    )
                    {
                        float physxCollision:contactOffset = 0.00001
                        float physxCollision:restOffset = 0
                        color3f[] primvars:displayColor = [(0.49, 0.53, 0.58)]
                        double size = 1
                        token visibility = "invisible"
                        float xformOp:rotateZ = 102
                        float3 xformOp:scale = (0.0016525, 0.0006819036, 0.00724)
                        double3 xformOp:translate = (-0.0039053612223980873, 0.018373279995283626, -0.00362)
                        uniform token[] xformOpOrder = ["xformOp:translate", "xformOp:rotateZ", "xformOp:scale"]
                    }

                    def Cube "Segment_045" (
                        prepend apiSchemas = ["PhysicsCollisionAPI"]
                        customData = {
                            dictionary j599 = {
                                string collisionRole = "fixed_keyway_blocking_shell"
                            }
                        }
                    )
                    {
                        float physxCollision:contactOffset = 0.00001
                        float physxCollision:restOffset = 0
                        color3f[] primvars:displayColor = [(0.49, 0.53, 0.58)]
                        double size = 1
                        token visibility = "invisible"
                        float xformOp:rotateZ = 104
                        float3 xformOp:scale = (0.0016525, 0.0006819036, 0.00724)
                        double3 xformOp:translate = (-0.00454420040647026, 0.01822579234843675, -0.00362)
                        uniform token[] xformOpOrder = ["xformOp:translate", "xformOp:rotateZ", "xformOp:scale"]
                    }

                    def Cube "Segment_046" (
                        prepend apiSchemas = ["PhysicsCollisionAPI"]
                        customData = {
                            dictionary j599 = {
                                string collisionRole = "fixed_keyway_blocking_shell"
                            }
                        }
                    )
                    {
                        float physxCollision:contactOffset = 0.00001
                        float physxCollision:restOffset = 0
                        color3f[] primvars:displayColor = [(0.49, 0.53, 0.58)]
                        double size = 1
                        token visibility = "invisible"
                        float xformOp:rotateZ = 106
                        float3 xformOp:scale = (0.0016525, 0.0006819036, 0.00724)
                        double3 xformOp:translate = (-0.005177503182327557, 0.018056099381081398, -0.00362)
                        uniform token[] xformOpOrder = ["xformOp:translate", "xformOp:rotateZ", "xformOp:scale"]
                    }

                    def Cube "Segment_047" (
                        prepend apiSchemas = ["PhysicsCollisionAPI"]
                        customData = {
                            dictionary j599 = {
                                string collisionRole = "fixed_keyway_blocking_shell"
                            }
                        }
                    )
                    {
                        float physxCollision:contactOffset = 0.00001
                        float physxCollision:restOffset = 0
                        color3f[] primvars:displayColor = [(0.49, 0.53, 0.58)]
                        double size = 1
                        token visibility = "invisible"
                        float xformOp:rotateZ = 108
                        float3 xformOp:scale = (0.0016525, 0.0006819036, 0.00724)
                        double3 xformOp:translate = (-0.005804497968090417, 0.017864407837959093, -0.00362)
                        uniform token[] xformOpOrder = ["xformOp:translate", "xformOp:rotateZ", "xformOp:scale"]
                    }

                    def Cube "Segment_048" (
                        prepend apiSchemas = ["PhysicsCollisionAPI"]
                        customData = {
                            dictionary j599 = {
                                string collisionRole = "fixed_keyway_blocking_shell"
                            }
                        }
                    )
                    {
                        float physxCollision:contactOffset = 0.00001
                        float physxCollision:restOffset = 0
                        color3f[] primvars:displayColor = [(0.49, 0.53, 0.58)]
                        double size = 1
                        token visibility = "invisible"
                        float xformOp:rotateZ = 110
                        float3 xformOp:scale = (0.0016525, 0.0006819036, 0.00724)
                        double3 xformOp:translate = (-0.006424420867193531, 0.01765095126568731, -0.00362)
                        uniform token[] xformOpOrder = ["xformOp:translate", "xformOp:rotateZ", "xformOp:scale"]
                    }

                    def Cube "Segment_049" (
                        prepend apiSchemas = ["PhysicsCollisionAPI"]
                        customData = {
                            dictionary j599 = {
                                string collisionRole = "fixed_keyway_blocking_shell"
                            }
                        }
                    )
                    {
                        float physxCollision:contactOffset = 0.00001
                        float physxCollision:restOffset = 0
                        color3f[] primvars:displayColor = [(0.49, 0.53, 0.58)]
                        double size = 1
                        token visibility = "invisible"
                        float xformOp:rotateZ = 112
                        float3 xformOp:scale = (0.0016525, 0.0006819036, 0.00724)
                        double3 xformOp:translate = (-0.007036516599076139, 0.017415989728218895, -0.00362)
                        uniform token[] xformOpOrder = ["xformOp:translate", "xformOp:rotateZ", "xformOp:scale"]
                    }

                    def Cube "Segment_050" (
                        prepend apiSchemas = ["PhysicsCollisionAPI"]
                        customData = {
                            dictionary j599 = {
                                string collisionRole = "fixed_keyway_blocking_shell"
                            }
                        }
                    )
                    {
                        float physxCollision:contactOffset = 0.00001
                        float physxCollision:restOffset = 0
                        color3f[] primvars:displayColor = [(0.49, 0.53, 0.58)]
                        double size = 1
                        token visibility = "invisible"
                        float xformOp:rotateZ = 114
                        float3 xformOp:scale = (0.0016525, 0.0006819036, 0.00724)
                        double3 xformOp:translate = (-0.007640039419375068, 0.017159809489994203, -0.00362)
                        uniform token[] xformOpOrder = ["xformOp:translate", "xformOp:rotateZ", "xformOp:scale"]
                    }

                    def Cube "Segment_051" (
                        prepend apiSchemas = ["PhysicsCollisionAPI"]
                        customData = {
                            dictionary j599 = {
                                string collisionRole = "fixed_keyway_blocking_shell"
                            }
                        }
                    )
                    {
                        float physxCollision:contactOffset = 0.00001
                        float physxCollision:restOffset = 0
                        color3f[] primvars:displayColor = [(0.49, 0.53, 0.58)]
                        double size = 1
                        token visibility = "invisible"
                        float xformOp:rotateZ = 116
                        float3 xformOp:scale = (0.0016525, 0.0006819036, 0.00724)
                        double3 xformOp:translate = (-0.008234254028499335, 0.016882722667171977, -0.00362)
                        uniform token[] xformOpOrder = ["xformOp:translate", "xformOp:rotateZ", "xformOp:scale"]
                    }

                    def Cube "Segment_052" (
                        prepend apiSchemas = ["PhysicsCollisionAPI"]
                        customData = {
                            dictionary j599 = {
                                string collisionRole = "fixed_keyway_blocking_shell"
                            }
                        }
                    )
                    {
                        float physxCollision:contactOffset = 0.00001
                        float physxCollision:restOffset = 0
                        color3f[] primvars:displayColor = [(0.49, 0.53, 0.58)]
                        double size = 1
                        token visibility = "invisible"
                        float xformOp:rotateZ = 118
                        float3 xformOp:scale = (0.0016525, 0.0006819036, 0.00724)
                        double3 xformOp:translate = (-0.00881843646747948, 0.01658506684736387, -0.00362)
                        uniform token[] xformOpOrder = ["xformOp:translate", "xformOp:rotateZ", "xformOp:scale"]
                    }

                    def Cube "Segment_053" (
                        prepend apiSchemas = ["PhysicsCollisionAPI"]
                        customData = {
                            dictionary j599 = {
                                string collisionRole = "fixed_keyway_blocking_shell"
                            }
                        }
                    )
                    {
                        float physxCollision:contactOffset = 0.00001
                        float physxCollision:restOffset = 0
                        color3f[] primvars:displayColor = [(0.49, 0.53, 0.58)]
                        double size = 1
                        token visibility = "invisible"
                        float xformOp:rotateZ = 120
                        float3 xformOp:scale = (0.0016525, 0.0006819036, 0.00724)
                        double3 xformOp:translate = (-0.009391874999999997, 0.016267204678335954, -0.00362)
                        uniform token[] xformOpOrder = ["xformOp:translate", "xformOp:rotateZ", "xformOp:scale"]
                    }

                    def Cube "Segment_054" (
                        prepend apiSchemas = ["PhysicsCollisionAPI"]
                        customData = {
                            dictionary j599 = {
                                string collisionRole = "fixed_keyway_blocking_shell"
                            }
                        }
                    )
                    {
                        float physxCollision:contactOffset = 0.00001
                        float physxCollision:restOffset = 0
                        color3f[] primvars:displayColor = [(0.49, 0.53, 0.58)]
                        double size = 1
                        token visibility = "invisible"
                        float xformOp:rotateZ = 122
                        float3 xformOp:scale = (0.0016525, 0.0006819036, 0.00724)
                        double3 xformOp:translate = (-0.009953870979540461, 0.01592952342617827, -0.00362)
                        uniform token[] xformOpOrder = ["xformOp:translate", "xformOp:rotateZ", "xformOp:scale"]
                    }

                    def Cube "Segment_055" (
                        prepend apiSchemas = ["PhysicsCollisionAPI"]
                        customData = {
                            dictionary j599 = {
                                string collisionRole = "fixed_keyway_blocking_shell"
                            }
                        }
                    )
                    {
                        float physxCollision:contactOffset = 0.00001
                        float physxCollision:restOffset = 0
                        color3f[] primvars:displayColor = [(0.49, 0.53, 0.58)]
                        double size = 1
                        token visibility = "invisible"
                        float xformOp:rotateZ = 124
                        float3 xformOp:scale = (0.0016525, 0.0006819036, 0.00724)
                        double3 xformOp:translate = (-0.01050373970056864, 0.015572434503480767, -0.00362)
                        uniform token[] xformOpOrder = ["xformOp:translate", "xformOp:rotateZ", "xformOp:scale"]
                    }

                    def Cube "Segment_056" (
                        prepend apiSchemas = ["PhysicsCollisionAPI"]
                        customData = {
                            dictionary j599 = {
                                string collisionRole = "fixed_keyway_blocking_shell"
                            }
                        }
                    )
                    {
                        float physxCollision:contactOffset = 0.00001
                        float physxCollision:restOffset = 0
                        color3f[] primvars:displayColor = [(0.49, 0.53, 0.58)]
                        double size = 1
                        token visibility = "invisible"
                        float xformOp:rotateZ = 126
                        float3 xformOp:scale = (0.0016525, 0.0006819036, 0.00724)
                        double3 xformOp:translate = (-0.011040811232748741, 0.01519637296809042, -0.00362)
                        uniform token[] xformOpOrder = ["xformOp:translate", "xformOp:rotateZ", "xformOp:scale"]
                    }

                    def Cube "Segment_057" (
                        prepend apiSchemas = ["PhysicsCollisionAPI"]
                        customData = {
                            dictionary j599 = {
                                string collisionRole = "fixed_keyway_blocking_shell"
                            }
                        }
                    )
                    {
                        float physxCollision:contactOffset = 0.00001
                        float physxCollision:restOffset = 0
                        color3f[] primvars:displayColor = [(0.49, 0.53, 0.58)]
                        double size = 1
                        token visibility = "invisible"
                        float xformOp:rotateZ = 128
                        float3 xformOp:scale = (0.0016525, 0.0006819036, 0.00724)
                        double3 xformOp:translate = (-0.011564431237148336, 0.014801796993060267, -0.00362)
                        uniform token[] xformOpOrder = ["xformOp:translate", "xformOp:rotateZ", "xformOp:scale"]
                    }

                    def Cube "Segment_058" (
                        prepend apiSchemas = ["PhysicsCollisionAPI"]
                        customData = {
                            dictionary j599 = {
                                string collisionRole = "fixed_keyway_blocking_shell"
                            }
                        }
                    )
                    {
                        float physxCollision:contactOffset = 0.00001
                        float physxCollision:restOffset = 0
                        color3f[] primvars:displayColor = [(0.49, 0.53, 0.58)]
                        double size = 1
                        token visibility = "invisible"
                        float xformOp:rotateZ = 130
                        float3 xformOp:scale = (0.0016525, 0.0006819036, 0.00724)
                        double3 xformOp:translate = (-0.012073961763449536, 0.014389187308436104, -0.00362)
                        uniform token[] xformOpOrder = ["xformOp:translate", "xformOp:rotateZ", "xformOp:scale"]
                    }

                    def Cube "Segment_059" (
                        prepend apiSchemas = ["PhysicsCollisionAPI"]
                        customData = {
                            dictionary j599 = {
                                string collisionRole = "fixed_keyway_blocking_shell"
                            }
                        }
                    )
                    {
                        float physxCollision:contactOffset = 0.00001
                        float physxCollision:restOffset = 0
                        color3f[] primvars:displayColor = [(0.49, 0.53, 0.58)]
                        double size = 1
                        token visibility = "invisible"
                        float xformOp:rotateZ = 132
                        float3 xformOp:scale = (0.0016525, 0.0006819036, 0.00724)
                        double3 xformOp:translate = (-0.012568782027193205, 0.013959046615561006, -0.00362)
                        uniform token[] xformOpOrder = ["xformOp:translate", "xformOp:rotateZ", "xformOp:scale"]
                    }

                    def Cube "Segment_060" (
                        prepend apiSchemas = ["PhysicsCollisionAPI"]
                        customData = {
                            dictionary j599 = {
                                string collisionRole = "fixed_keyway_blocking_shell"
                            }
                        }
                    )
                    {
                        float physxCollision:contactOffset = 0.00001
                        float physxCollision:restOffset = 0
                        color3f[] primvars:displayColor = [(0.49, 0.53, 0.58)]
                        double size = 1
                        token visibility = "invisible"
                        float xformOp:rotateZ = 134
                        float3 xformOp:scale = (0.0016525, 0.0006819036, 0.00724)
                        double3 xformOp:translate = (-0.013048289166109193, 0.013511898974611138, -0.00362)
                        uniform token[] xformOpOrder = ["xformOp:translate", "xformOp:rotateZ", "xformOp:scale"]
                    }

                    def Cube "Segment_061" (
                        prepend apiSchemas = ["PhysicsCollisionAPI"]
                        customData = {
                            dictionary j599 = {
                                string collisionRole = "fixed_keyway_blocking_shell"
                            }
                        }
                    )
                    {
                        float physxCollision:contactOffset = 0.00001
                        float physxCollision:restOffset = 0
                        color3f[] primvars:displayColor = [(0.49, 0.53, 0.58)]
                        double size = 1
                        token visibility = "invisible"
                        float xformOp:rotateZ = 136
                        float3 xformOp:scale = (0.0016525, 0.0006819036, 0.00724)
                        double3 xformOp:translate = (-0.013511898974611141, 0.013048289166109188, -0.00362)
                        uniform token[] xformOpOrder = ["xformOp:translate", "xformOp:rotateZ", "xformOp:scale"]
                    }

                    def Cube "Segment_062" (
                        prepend apiSchemas = ["PhysicsCollisionAPI"]
                        customData = {
                            dictionary j599 = {
                                string collisionRole = "fixed_keyway_blocking_shell"
                            }
                        }
                    )
                    {
                        float physxCollision:contactOffset = 0.00001
                        float physxCollision:restOffset = 0
                        color3f[] primvars:displayColor = [(0.49, 0.53, 0.58)]
                        double size = 1
                        token visibility = "invisible"
                        float xformOp:rotateZ = 138
                        float3 xformOp:scale = (0.0016525, 0.0006819036, 0.00724)
                        double3 xformOp:translate = (-0.013959046615561, 0.012568782027193207, -0.00362)
                        uniform token[] xformOpOrder = ["xformOp:translate", "xformOp:rotateZ", "xformOp:scale"]
                    }

                    def Cube "Segment_063" (
                        prepend apiSchemas = ["PhysicsCollisionAPI"]
                        customData = {
                            dictionary j599 = {
                                string collisionRole = "fixed_keyway_blocking_shell"
                            }
                        }
                    )
                    {
                        float physxCollision:contactOffset = 0.00001
                        float physxCollision:restOffset = 0
                        color3f[] primvars:displayColor = [(0.49, 0.53, 0.58)]
                        double size = 1
                        token visibility = "invisible"
                        float xformOp:rotateZ = 146
                        float3 xformOp:scale = (0.0016525, 0.0006819036, 0.00724)
                        double3 xformOp:translate = (-0.015572434503480765, 0.010503739700568643, -0.00362)
                        uniform token[] xformOpOrder = ["xformOp:translate", "xformOp:rotateZ", "xformOp:scale"]
                    }

                    def Cube "Segment_064" (
                        prepend apiSchemas = ["PhysicsCollisionAPI"]
                        customData = {
                            dictionary j599 = {
                                string collisionRole = "fixed_keyway_blocking_shell"
                            }
                        }
                    )
                    {
                        float physxCollision:contactOffset = 0.00001
                        float physxCollision:restOffset = 0
                        color3f[] primvars:displayColor = [(0.49, 0.53, 0.58)]
                        double size = 1
                        token visibility = "invisible"
                        float xformOp:rotateZ = 148
                        float3 xformOp:scale = (0.0016525, 0.0006819036, 0.00724)
                        double3 xformOp:translate = (-0.015929523426178267, 0.009953870979540463, -0.00362)
                        uniform token[] xformOpOrder = ["xformOp:translate", "xformOp:rotateZ", "xformOp:scale"]
                    }

                    def Cube "Segment_065" (
                        prepend apiSchemas = ["PhysicsCollisionAPI"]
                        customData = {
                            dictionary j599 = {
                                string collisionRole = "fixed_keyway_blocking_shell"
                            }
                        }
                    )
                    {
                        float physxCollision:contactOffset = 0.00001
                        float physxCollision:restOffset = 0
                        color3f[] primvars:displayColor = [(0.49, 0.53, 0.58)]
                        double size = 1
                        token visibility = "invisible"
                        float xformOp:rotateZ = 150
                        float3 xformOp:scale = (0.0016525, 0.0006819036, 0.00724)
                        double3 xformOp:translate = (-0.016267204678335954, 0.009391875, -0.00362)
                        uniform token[] xformOpOrder = ["xformOp:translate", "xformOp:rotateZ", "xformOp:scale"]
                    }

                    def Cube "Segment_066" (
                        prepend apiSchemas = ["PhysicsCollisionAPI"]
                        customData = {
                            dictionary j599 = {
                                string collisionRole = "fixed_keyway_blocking_shell"
                            }
                        }
                    )
                    {
                        float physxCollision:contactOffset = 0.00001
                        float physxCollision:restOffset = 0
                        color3f[] primvars:displayColor = [(0.49, 0.53, 0.58)]
                        double size = 1
                        token visibility = "invisible"
                        float xformOp:rotateZ = 152
                        float3 xformOp:scale = (0.0016525, 0.0006819036, 0.00724)
                        double3 xformOp:translate = (-0.016585066847363873, 0.008818436467479476, -0.00362)
                        uniform token[] xformOpOrder = ["xformOp:translate", "xformOp:rotateZ", "xformOp:scale"]
                    }

                    def Cube "Segment_067" (
                        prepend apiSchemas = ["PhysicsCollisionAPI"]
                        customData = {
                            dictionary j599 = {
                                string collisionRole = "fixed_keyway_blocking_shell"
                            }
                        }
                    )
                    {
                        float physxCollision:contactOffset = 0.00001
                        float physxCollision:restOffset = 0
                        color3f[] primvars:displayColor = [(0.49, 0.53, 0.58)]
                        double size = 1
                        token visibility = "invisible"
                        float xformOp:rotateZ = 154
                        float3 xformOp:scale = (0.0016525, 0.0006819036, 0.00724)
                        double3 xformOp:translate = (-0.01688272266717198, 0.008234254028499331, -0.00362)
                        uniform token[] xformOpOrder = ["xformOp:translate", "xformOp:rotateZ", "xformOp:scale"]
                    }

                    def Cube "Segment_068" (
                        prepend apiSchemas = ["PhysicsCollisionAPI"]
                        customData = {
                            dictionary j599 = {
                                string collisionRole = "fixed_keyway_blocking_shell"
                            }
                        }
                    )
                    {
                        float physxCollision:contactOffset = 0.00001
                        float physxCollision:restOffset = 0
                        color3f[] primvars:displayColor = [(0.49, 0.53, 0.58)]
                        double size = 1
                        token visibility = "invisible"
                        float xformOp:rotateZ = 156
                        float3 xformOp:scale = (0.0016525, 0.0006819036, 0.00724)
                        double3 xformOp:translate = (-0.017159809489994203, 0.007640039419375067, -0.00362)
                        uniform token[] xformOpOrder = ["xformOp:translate", "xformOp:rotateZ", "xformOp:scale"]
                    }

                    def Cube "Segment_069" (
                        prepend apiSchemas = ["PhysicsCollisionAPI"]
                        customData = {
                            dictionary j599 = {
                                string collisionRole = "fixed_keyway_blocking_shell"
                            }
                        }
                    )
                    {
                        float physxCollision:contactOffset = 0.00001
                        float physxCollision:restOffset = 0
                        color3f[] primvars:displayColor = [(0.49, 0.53, 0.58)]
                        double size = 1
                        token visibility = "invisible"
                        float xformOp:rotateZ = 158
                        float3 xformOp:scale = (0.0016525, 0.0006819036, 0.00724)
                        double3 xformOp:translate = (-0.01741598972821889, 0.0070365165990761425, -0.00362)
                        uniform token[] xformOpOrder = ["xformOp:translate", "xformOp:rotateZ", "xformOp:scale"]
                    }

                    def Cube "Segment_070" (
                        prepend apiSchemas = ["PhysicsCollisionAPI"]
                        customData = {
                            dictionary j599 = {
                                string collisionRole = "fixed_keyway_blocking_shell"
                            }
                        }
                    )
                    {
                        float physxCollision:contactOffset = 0.00001
                        float physxCollision:restOffset = 0
                        color3f[] primvars:displayColor = [(0.49, 0.53, 0.58)]
                        double size = 1
                        token visibility = "invisible"
                        float xformOp:rotateZ = 160
                        float3 xformOp:scale = (0.0016525, 0.0006819036, 0.00724)
                        double3 xformOp:translate = (-0.017650951265687307, 0.006424420867193533, -0.00362)
                        uniform token[] xformOpOrder = ["xformOp:translate", "xformOp:rotateZ", "xformOp:scale"]
                    }

                    def Cube "Segment_071" (
                        prepend apiSchemas = ["PhysicsCollisionAPI"]
                        customData = {
                            dictionary j599 = {
                                string collisionRole = "fixed_keyway_blocking_shell"
                            }
                        }
                    )
                    {
                        float physxCollision:contactOffset = 0.00001
                        float physxCollision:restOffset = 0
                        color3f[] primvars:displayColor = [(0.49, 0.53, 0.58)]
                        double size = 1
                        token visibility = "invisible"
                        float xformOp:rotateZ = 162
                        float3 xformOp:scale = (0.0016525, 0.0006819036, 0.00724)
                        double3 xformOp:translate = (-0.017864407837959093, 0.005804497968090421, -0.00362)
                        uniform token[] xformOpOrder = ["xformOp:translate", "xformOp:rotateZ", "xformOp:scale"]
                    }

                    def Cube "Segment_072" (
                        prepend apiSchemas = ["PhysicsCollisionAPI"]
                        customData = {
                            dictionary j599 = {
                                string collisionRole = "fixed_keyway_blocking_shell"
                            }
                        }
                    )
                    {
                        float physxCollision:contactOffset = 0.00001
                        float physxCollision:restOffset = 0
                        color3f[] primvars:displayColor = [(0.49, 0.53, 0.58)]
                        double size = 1
                        token visibility = "invisible"
                        float xformOp:rotateZ = 164
                        float3 xformOp:scale = (0.0016525, 0.0006819036, 0.00724)
                        double3 xformOp:translate = (-0.018056099381081398, 0.005177503182327559, -0.00362)
                        uniform token[] xformOpOrder = ["xformOp:translate", "xformOp:rotateZ", "xformOp:scale"]
                    }

                    def Cube "Segment_073" (
                        prepend apiSchemas = ["PhysicsCollisionAPI"]
                        customData = {
                            dictionary j599 = {
                                string collisionRole = "fixed_keyway_blocking_shell"
                            }
                        }
                    )
                    {
                        float physxCollision:contactOffset = 0.00001
                        float physxCollision:restOffset = 0
                        color3f[] primvars:displayColor = [(0.49, 0.53, 0.58)]
                        double size = 1
                        token visibility = "invisible"
                        float xformOp:rotateZ = 166
                        float3 xformOp:scale = (0.0016525, 0.0006819036, 0.00724)
                        double3 xformOp:translate = (-0.01822579234843675, 0.004544200406470259, -0.00362)
                        uniform token[] xformOpOrder = ["xformOp:translate", "xformOp:rotateZ", "xformOp:scale"]
                    }

                    def Cube "Segment_074" (
                        prepend apiSchemas = ["PhysicsCollisionAPI"]
                        customData = {
                            dictionary j599 = {
                                string collisionRole = "fixed_keyway_blocking_shell"
                            }
                        }
                    )
                    {
                        float physxCollision:contactOffset = 0.00001
                        float physxCollision:restOffset = 0
                        color3f[] primvars:displayColor = [(0.49, 0.53, 0.58)]
                        double size = 1
                        token visibility = "invisible"
                        float xformOp:rotateZ = 168
                        float3 xformOp:scale = (0.0016525, 0.0006819036, 0.00724)
                        double3 xformOp:translate = (-0.018373279995283626, 0.003905361222398087, -0.00362)
                        uniform token[] xformOpOrder = ["xformOp:translate", "xformOp:rotateZ", "xformOp:scale"]
                    }

                    def Cube "Segment_075" (
                        prepend apiSchemas = ["PhysicsCollisionAPI"]
                        customData = {
                            dictionary j599 = {
                                string collisionRole = "fixed_keyway_blocking_shell"
                            }
                        }
                    )
                    {
                        float physxCollision:contactOffset = 0.00001
                        float physxCollision:restOffset = 0
                        color3f[] primvars:displayColor = [(0.49, 0.53, 0.58)]
                        double size = 1
                        token visibility = "invisible"
                        float xformOp:rotateZ = 170
                        float3 xformOp:scale = (0.0016525, 0.0006819036, 0.00724)
                        double3 xformOp:translate = (-0.018498382630643063, 0.003261763957251202, -0.00362)
                        uniform token[] xformOpOrder = ["xformOp:translate", "xformOp:rotateZ", "xformOp:scale"]
                    }

                    def Cube "Segment_076" (
                        prepend apiSchemas = ["PhysicsCollisionAPI"]
                        customData = {
                            dictionary j599 = {
                                string collisionRole = "fixed_keyway_blocking_shell"
                            }
                        }
                    )
                    {
                        float physxCollision:contactOffset = 0.00001
                        float physxCollision:restOffset = 0
                        color3f[] primvars:displayColor = [(0.49, 0.53, 0.58)]
                        double size = 1
                        token visibility = "invisible"
                        float xformOp:rotateZ = 172
                        float3 xformOp:scale = (0.0016525, 0.0006819036, 0.00724)
                        double3 xformOp:translate = (-0.018600947836224475, 0.0026141927351586275, -0.00362)
                        uniform token[] xformOpOrder = ["xformOp:translate", "xformOp:rotateZ", "xformOp:scale"]
                    }

                    def Cube "Segment_077" (
                        prepend apiSchemas = ["PhysicsCollisionAPI"]
                        customData = {
                            dictionary j599 = {
                                string collisionRole = "fixed_keyway_blocking_shell"
                            }
                        }
                    )
                    {
                        float physxCollision:contactOffset = 0.00001
                        float physxCollision:restOffset = 0
                        color3f[] primvars:displayColor = [(0.49, 0.53, 0.58)]
                        double size = 1
                        token visibility = "invisible"
                        float xformOp:rotateZ = 174
                        float3 xformOp:scale = (0.0016525, 0.0006819036, 0.00724)
                        double3 xformOp:translate = (-0.018680850652123805, 0.001963436521903791, -0.00362)
                        uniform token[] xformOpOrder = ["xformOp:translate", "xformOp:rotateZ", "xformOp:scale"]
                    }

                    def Cube "Segment_078" (
                        prepend apiSchemas = ["PhysicsCollisionAPI"]
                        customData = {
                            dictionary j599 = {
                                string collisionRole = "fixed_keyway_blocking_shell"
                            }
                        }
                    )
                    {
                        float physxCollision:contactOffset = 0.00001
                        float physxCollision:restOffset = 0
                        color3f[] primvars:displayColor = [(0.49, 0.53, 0.58)]
                        double size = 1
                        token visibility = "invisible"
                        float xformOp:rotateZ = 176
                        float3 xformOp:scale = (0.0016525, 0.0006819036, 0.00724)
                        double3 xformOp:translate = (-0.018737993729067974, 0.0013102881636912179, -0.00362)
                        uniform token[] xformOpOrder = ["xformOp:translate", "xformOp:rotateZ", "xformOp:scale"]
                    }

                    def Cube "Segment_079" (
                        prepend apiSchemas = ["PhysicsCollisionAPI"]
                        customData = {
                            dictionary j599 = {
                                string collisionRole = "fixed_keyway_blocking_shell"
                            }
                        }
                    )
                    {
                        float physxCollision:contactOffset = 0.00001
                        float physxCollision:restOffset = 0
                        color3f[] primvars:displayColor = [(0.49, 0.53, 0.58)]
                        double size = 1
                        token visibility = "invisible"
                        float xformOp:rotateZ = 178
                        float3 xformOp:scale = (0.0016525, 0.0006819036, 0.00724)
                        double3 xformOp:translate = (-0.01877230744701994, 0.0006555434211856059, -0.00362)
                        uniform token[] xformOpOrder = ["xformOp:translate", "xformOp:rotateZ", "xformOp:scale"]
                    }

                    def Cube "Segment_080" (
                        prepend apiSchemas = ["PhysicsCollisionAPI"]
                        customData = {
                            dictionary j599 = {
                                string collisionRole = "fixed_keyway_blocking_shell"
                            }
                        }
                    )
                    {
                        float physxCollision:contactOffset = 0.00001
                        float physxCollision:restOffset = 0
                        color3f[] primvars:displayColor = [(0.49, 0.53, 0.58)]
                        double size = 1
                        token visibility = "invisible"
                        float xformOp:rotateZ = 180
                        float3 xformOp:scale = (0.0016525, 0.0006819036, 0.00724)
                        double3 xformOp:translate = (-0.018783750000000002, 2.3003459313484097e-18, -0.00362)
                        uniform token[] xformOpOrder = ["xformOp:translate", "xformOp:rotateZ", "xformOp:scale"]
                    }

                    def Cube "Segment_081" (
                        prepend apiSchemas = ["PhysicsCollisionAPI"]
                        customData = {
                            dictionary j599 = {
                                string collisionRole = "fixed_keyway_blocking_shell"
                            }
                        }
                    )
                    {
                        float physxCollision:contactOffset = 0.00001
                        float physxCollision:restOffset = 0
                        color3f[] primvars:displayColor = [(0.49, 0.53, 0.58)]
                        double size = 1
                        token visibility = "invisible"
                        float xformOp:rotateZ = 182
                        float3 xformOp:scale = (0.0016525, 0.0006819036, 0.00724)
                        double3 xformOp:translate = (-0.01877230744701994, -0.0006555434211856013, -0.00362)
                        uniform token[] xformOpOrder = ["xformOp:translate", "xformOp:rotateZ", "xformOp:scale"]
                    }

                    def Cube "Segment_082" (
                        prepend apiSchemas = ["PhysicsCollisionAPI"]
                        customData = {
                            dictionary j599 = {
                                string collisionRole = "fixed_keyway_blocking_shell"
                            }
                        }
                    )
                    {
                        float physxCollision:contactOffset = 0.00001
                        float physxCollision:restOffset = 0
                        color3f[] primvars:displayColor = [(0.49, 0.53, 0.58)]
                        double size = 1
                        token visibility = "invisible"
                        float xformOp:rotateZ = 184
                        float3 xformOp:scale = (0.0016525, 0.0006819036, 0.00724)
                        double3 xformOp:translate = (-0.018737993729067974, -0.0013102881636912133, -0.00362)
                        uniform token[] xformOpOrder = ["xformOp:translate", "xformOp:rotateZ", "xformOp:scale"]
                    }

                    def Cube "Segment_083" (
                        prepend apiSchemas = ["PhysicsCollisionAPI"]
                        customData = {
                            dictionary j599 = {
                                string collisionRole = "fixed_keyway_blocking_shell"
                            }
                        }
                    )
                    {
                        float physxCollision:contactOffset = 0.00001
                        float physxCollision:restOffset = 0
                        color3f[] primvars:displayColor = [(0.49, 0.53, 0.58)]
                        double size = 1
                        token visibility = "invisible"
                        float xformOp:rotateZ = 186
                        float3 xformOp:scale = (0.0016525, 0.0006819036, 0.00724)
                        double3 xformOp:translate = (-0.018680850652123805, -0.0019634365219037865, -0.00362)
                        uniform token[] xformOpOrder = ["xformOp:translate", "xformOp:rotateZ", "xformOp:scale"]
                    }

                    def Cube "Segment_084" (
                        prepend apiSchemas = ["PhysicsCollisionAPI"]
                        customData = {
                            dictionary j599 = {
                                string collisionRole = "fixed_keyway_blocking_shell"
                            }
                        }
                    )
                    {
                        float physxCollision:contactOffset = 0.00001
                        float physxCollision:restOffset = 0
                        color3f[] primvars:displayColor = [(0.49, 0.53, 0.58)]
                        double size = 1
                        token visibility = "invisible"
                        float xformOp:rotateZ = 188
                        float3 xformOp:scale = (0.0016525, 0.0006819036, 0.00724)
                        double3 xformOp:translate = (-0.01860094783622447, -0.002614192735158631, -0.00362)
                        uniform token[] xformOpOrder = ["xformOp:translate", "xformOp:rotateZ", "xformOp:scale"]
                    }

                    def Cube "Segment_085" (
                        prepend apiSchemas = ["PhysicsCollisionAPI"]
                        customData = {
                            dictionary j599 = {
                                string collisionRole = "fixed_keyway_blocking_shell"
                            }
                        }
                    )
                    {
                        float physxCollision:contactOffset = 0.00001
                        float physxCollision:restOffset = 0
                        color3f[] primvars:displayColor = [(0.49, 0.53, 0.58)]
                        double size = 1
                        token visibility = "invisible"
                        float xformOp:rotateZ = 190
                        float3 xformOp:scale = (0.0016525, 0.0006819036, 0.00724)
                        double3 xformOp:translate = (-0.018498382630643063, -0.0032617639572512054, -0.00362)
                        uniform token[] xformOpOrder = ["xformOp:translate", "xformOp:rotateZ", "xformOp:scale"]
                    }

                    def Cube "Segment_086" (
                        prepend apiSchemas = ["PhysicsCollisionAPI"]
                        customData = {
                            dictionary j599 = {
                                string collisionRole = "fixed_keyway_blocking_shell"
                            }
                        }
                    )
                    {
                        float physxCollision:contactOffset = 0.00001
                        float physxCollision:restOffset = 0
                        color3f[] primvars:displayColor = [(0.49, 0.53, 0.58)]
                        double size = 1
                        token visibility = "invisible"
                        float xformOp:rotateZ = 192
                        float3 xformOp:scale = (0.0016525, 0.0006819036, 0.00724)
                        double3 xformOp:translate = (-0.01837327999528362, -0.003905361222398098, -0.00362)
                        uniform token[] xformOpOrder = ["xformOp:translate", "xformOp:rotateZ", "xformOp:scale"]
                    }

                    def Cube "Segment_087" (
                        prepend apiSchemas = ["PhysicsCollisionAPI"]
                        customData = {
                            dictionary j599 = {
                                string collisionRole = "fixed_keyway_blocking_shell"
                            }
                        }
                    )
                    {
                        float physxCollision:contactOffset = 0.00001
                        float physxCollision:restOffset = 0
                        color3f[] primvars:displayColor = [(0.49, 0.53, 0.58)]
                        double size = 1
                        token visibility = "invisible"
                        float xformOp:rotateZ = 200
                        float3 xformOp:scale = (0.0016525, 0.0006819036, 0.00724)
                        double3 xformOp:translate = (-0.01765095126568731, -0.006424420867193529, -0.00362)
                        uniform token[] xformOpOrder = ["xformOp:translate", "xformOp:rotateZ", "xformOp:scale"]
                    }

                    def Cube "Segment_088" (
                        prepend apiSchemas = ["PhysicsCollisionAPI"]
                        customData = {
                            dictionary j599 = {
                                string collisionRole = "fixed_keyway_blocking_shell"
                            }
                        }
                    )
                    {
                        float physxCollision:contactOffset = 0.00001
                        float physxCollision:restOffset = 0
                        color3f[] primvars:displayColor = [(0.49, 0.53, 0.58)]
                        double size = 1
                        token visibility = "invisible"
                        float xformOp:rotateZ = 202
                        float3 xformOp:scale = (0.0016525, 0.0006819036, 0.00724)
                        double3 xformOp:translate = (-0.017415989728218895, -0.007036516599076138, -0.00362)
                        uniform token[] xformOpOrder = ["xformOp:translate", "xformOp:rotateZ", "xformOp:scale"]
                    }

                    def Cube "Segment_089" (
                        prepend apiSchemas = ["PhysicsCollisionAPI"]
                        customData = {
                            dictionary j599 = {
                                string collisionRole = "fixed_keyway_blocking_shell"
                            }
                        }
                    )
                    {
                        float physxCollision:contactOffset = 0.00001
                        float physxCollision:restOffset = 0
                        color3f[] primvars:displayColor = [(0.49, 0.53, 0.58)]
                        double size = 1
                        token visibility = "invisible"
                        float xformOp:rotateZ = 204
                        float3 xformOp:scale = (0.0016525, 0.0006819036, 0.00724)
                        double3 xformOp:translate = (-0.017159809489994206, -0.007640039419375063, -0.00362)
                        uniform token[] xformOpOrder = ["xformOp:translate", "xformOp:rotateZ", "xformOp:scale"]
                    }

                    def Cube "Segment_090" (
                        prepend apiSchemas = ["PhysicsCollisionAPI"]
                        customData = {
                            dictionary j599 = {
                                string collisionRole = "fixed_keyway_blocking_shell"
                            }
                        }
                    )
                    {
                        float physxCollision:contactOffset = 0.00001
                        float physxCollision:restOffset = 0
                        color3f[] primvars:displayColor = [(0.49, 0.53, 0.58)]
                        double size = 1
                        token visibility = "invisible"
                        float xformOp:rotateZ = 206
                        float3 xformOp:scale = (0.0016525, 0.0006819036, 0.00724)
                        double3 xformOp:translate = (-0.016882722667171977, -0.008234254028499335, -0.00362)
                        uniform token[] xformOpOrder = ["xformOp:translate", "xformOp:rotateZ", "xformOp:scale"]
                    }

                    def Cube "Segment_091" (
                        prepend apiSchemas = ["PhysicsCollisionAPI"]
                        customData = {
                            dictionary j599 = {
                                string collisionRole = "fixed_keyway_blocking_shell"
                            }
                        }
                    )
                    {
                        float physxCollision:contactOffset = 0.00001
                        float physxCollision:restOffset = 0
                        color3f[] primvars:displayColor = [(0.49, 0.53, 0.58)]
                        double size = 1
                        token visibility = "invisible"
                        float xformOp:rotateZ = 208
                        float3 xformOp:scale = (0.0016525, 0.0006819036, 0.00724)
                        double3 xformOp:translate = (-0.01658506684736387, -0.008818436467479478, -0.00362)
                        uniform token[] xformOpOrder = ["xformOp:translate", "xformOp:rotateZ", "xformOp:scale"]
                    }

                    def Cube "Segment_092" (
                        prepend apiSchemas = ["PhysicsCollisionAPI"]
                        customData = {
                            dictionary j599 = {
                                string collisionRole = "fixed_keyway_blocking_shell"
                            }
                        }
                    )
                    {
                        float physxCollision:contactOffset = 0.00001
                        float physxCollision:restOffset = 0
                        color3f[] primvars:displayColor = [(0.49, 0.53, 0.58)]
                        double size = 1
                        token visibility = "invisible"
                        float xformOp:rotateZ = 210
                        float3 xformOp:scale = (0.0016525, 0.0006819036, 0.00724)
                        double3 xformOp:translate = (-0.016267204678335947, -0.009391875000000011, -0.00362)
                        uniform token[] xformOpOrder = ["xformOp:translate", "xformOp:rotateZ", "xformOp:scale"]
                    }

                    def Cube "Segment_093" (
                        prepend apiSchemas = ["PhysicsCollisionAPI"]
                        customData = {
                            dictionary j599 = {
                                string collisionRole = "fixed_keyway_blocking_shell"
                            }
                        }
                    )
                    {
                        float physxCollision:contactOffset = 0.00001
                        float physxCollision:restOffset = 0
                        color3f[] primvars:displayColor = [(0.49, 0.53, 0.58)]
                        double size = 1
                        token visibility = "invisible"
                        float xformOp:rotateZ = 212
                        float3 xformOp:scale = (0.0016525, 0.0006819036, 0.00724)
                        double3 xformOp:translate = (-0.01592952342617827, -0.009953870979540461, -0.00362)
                        uniform token[] xformOpOrder = ["xformOp:translate", "xformOp:rotateZ", "xformOp:scale"]
                    }

                    def Cube "Segment_094" (
                        prepend apiSchemas = ["PhysicsCollisionAPI"]
                        customData = {
                            dictionary j599 = {
                                string collisionRole = "fixed_keyway_blocking_shell"
                            }
                        }
                    )
                    {
                        float physxCollision:contactOffset = 0.00001
                        float physxCollision:restOffset = 0
                        color3f[] primvars:displayColor = [(0.49, 0.53, 0.58)]
                        double size = 1
                        token visibility = "invisible"
                        float xformOp:rotateZ = 214
                        float3 xformOp:scale = (0.0016525, 0.0006819036, 0.00724)
                        double3 xformOp:translate = (-0.015572434503480769, -0.01050373970056864, -0.00362)
                        uniform token[] xformOpOrder = ["xformOp:translate", "xformOp:rotateZ", "xformOp:scale"]
                    }

                    def Cube "Segment_095" (
                        prepend apiSchemas = ["PhysicsCollisionAPI"]
                        customData = {
                            dictionary j599 = {
                                string collisionRole = "fixed_keyway_blocking_shell"
                            }
                        }
                    )
                    {
                        float physxCollision:contactOffset = 0.00001
                        float physxCollision:restOffset = 0
                        color3f[] primvars:displayColor = [(0.49, 0.53, 0.58)]
                        double size = 1
                        token visibility = "invisible"
                        float xformOp:rotateZ = 216
                        float3 xformOp:scale = (0.0016525, 0.0006819036, 0.00724)
                        double3 xformOp:translate = (-0.015196372968090423, -0.011040811232748741, -0.00362)
                        uniform token[] xformOpOrder = ["xformOp:translate", "xformOp:rotateZ", "xformOp:scale"]
                    }

                    def Cube "Segment_096" (
                        prepend apiSchemas = ["PhysicsCollisionAPI"]
                        customData = {
                            dictionary j599 = {
                                string collisionRole = "fixed_keyway_blocking_shell"
                            }
                        }
                    )
                    {
                        float physxCollision:contactOffset = 0.00001
                        float physxCollision:restOffset = 0
                        color3f[] primvars:displayColor = [(0.49, 0.53, 0.58)]
                        double size = 1
                        token visibility = "invisible"
                        float xformOp:rotateZ = 218
                        float3 xformOp:scale = (0.0016525, 0.0006819036, 0.00724)
                        double3 xformOp:translate = (-0.014801796993060267, -0.011564431237148332, -0.00362)
                        uniform token[] xformOpOrder = ["xformOp:translate", "xformOp:rotateZ", "xformOp:scale"]
                    }

                    def Cube "Segment_097" (
                        prepend apiSchemas = ["PhysicsCollisionAPI"]
                        customData = {
                            dictionary j599 = {
                                string collisionRole = "fixed_keyway_blocking_shell"
                            }
                        }
                    )
                    {
                        float physxCollision:contactOffset = 0.00001
                        float physxCollision:restOffset = 0
                        color3f[] primvars:displayColor = [(0.49, 0.53, 0.58)]
                        double size = 1
                        token visibility = "invisible"
                        float xformOp:rotateZ = 220
                        float3 xformOp:scale = (0.0016525, 0.0006819036, 0.00724)
                        double3 xformOp:translate = (-0.014389187308436104, -0.012073961763449532, -0.00362)
                        uniform token[] xformOpOrder = ["xformOp:translate", "xformOp:rotateZ", "xformOp:scale"]
                    }

                    def Cube "Segment_098" (
                        prepend apiSchemas = ["PhysicsCollisionAPI"]
                        customData = {
                            dictionary j599 = {
                                string collisionRole = "fixed_keyway_blocking_shell"
                            }
                        }
                    )
                    {
                        float physxCollision:contactOffset = 0.00001
                        float physxCollision:restOffset = 0
                        color3f[] primvars:displayColor = [(0.49, 0.53, 0.58)]
                        double size = 1
                        token visibility = "invisible"
                        float xformOp:rotateZ = 222
                        float3 xformOp:scale = (0.0016525, 0.0006819036, 0.00724)
                        double3 xformOp:translate = (-0.013959046615561006, -0.012568782027193205, -0.00362)
                        uniform token[] xformOpOrder = ["xformOp:translate", "xformOp:rotateZ", "xformOp:scale"]
                    }

                    def Cube "Segment_099" (
                        prepend apiSchemas = ["PhysicsCollisionAPI"]
                        customData = {
                            dictionary j599 = {
                                string collisionRole = "fixed_keyway_blocking_shell"
                            }
                        }
                    )
                    {
                        float physxCollision:contactOffset = 0.00001
                        float physxCollision:restOffset = 0
                        color3f[] primvars:displayColor = [(0.49, 0.53, 0.58)]
                        double size = 1
                        token visibility = "invisible"
                        float xformOp:rotateZ = 224
                        float3 xformOp:scale = (0.0016525, 0.0006819036, 0.00724)
                        double3 xformOp:translate = (-0.013511898974611138, -0.013048289166109193, -0.00362)
                        uniform token[] xformOpOrder = ["xformOp:translate", "xformOp:rotateZ", "xformOp:scale"]
                    }

                    def Cube "Segment_100" (
                        prepend apiSchemas = ["PhysicsCollisionAPI"]
                        customData = {
                            dictionary j599 = {
                                string collisionRole = "fixed_keyway_blocking_shell"
                            }
                        }
                    )
                    {
                        float physxCollision:contactOffset = 0.00001
                        float physxCollision:restOffset = 0
                        color3f[] primvars:displayColor = [(0.49, 0.53, 0.58)]
                        double size = 1
                        token visibility = "invisible"
                        float xformOp:rotateZ = 226
                        float3 xformOp:scale = (0.0016525, 0.0006819036, 0.00724)
                        double3 xformOp:translate = (-0.013048289166109192, -0.013511898974611141, -0.00362)
                        uniform token[] xformOpOrder = ["xformOp:translate", "xformOp:rotateZ", "xformOp:scale"]
                    }

                    def Cube "Segment_101" (
                        prepend apiSchemas = ["PhysicsCollisionAPI"]
                        customData = {
                            dictionary j599 = {
                                string collisionRole = "fixed_keyway_blocking_shell"
                            }
                        }
                    )
                    {
                        float physxCollision:contactOffset = 0.00001
                        float physxCollision:restOffset = 0
                        color3f[] primvars:displayColor = [(0.49, 0.53, 0.58)]
                        double size = 1
                        token visibility = "invisible"
                        float xformOp:rotateZ = 228
                        float3 xformOp:scale = (0.0016525, 0.0006819036, 0.00724)
                        double3 xformOp:translate = (-0.012568782027193196, -0.013959046615561011, -0.00362)
                        uniform token[] xformOpOrder = ["xformOp:translate", "xformOp:rotateZ", "xformOp:scale"]
                    }

                    def Cube "Segment_102" (
                        prepend apiSchemas = ["PhysicsCollisionAPI"]
                        customData = {
                            dictionary j599 = {
                                string collisionRole = "fixed_keyway_blocking_shell"
                            }
                        }
                    )
                    {
                        float physxCollision:contactOffset = 0.00001
                        float physxCollision:restOffset = 0
                        color3f[] primvars:displayColor = [(0.49, 0.53, 0.58)]
                        double size = 1
                        token visibility = "invisible"
                        float xformOp:rotateZ = 230
                        float3 xformOp:scale = (0.0016525, 0.0006819036, 0.00724)
                        double3 xformOp:translate = (-0.012073961763449537, -0.014389187308436103, -0.00362)
                        uniform token[] xformOpOrder = ["xformOp:translate", "xformOp:rotateZ", "xformOp:scale"]
                    }

                    def Cube "Segment_103" (
                        prepend apiSchemas = ["PhysicsCollisionAPI"]
                        customData = {
                            dictionary j599 = {
                                string collisionRole = "fixed_keyway_blocking_shell"
                            }
                        }
                    )
                    {
                        float physxCollision:contactOffset = 0.00001
                        float physxCollision:restOffset = 0
                        color3f[] primvars:displayColor = [(0.49, 0.53, 0.58)]
                        double size = 1
                        token visibility = "invisible"
                        float xformOp:rotateZ = 232
                        float3 xformOp:scale = (0.0016525, 0.0006819036, 0.00724)
                        double3 xformOp:translate = (-0.01156443123714833, -0.014801796993060268, -0.00362)
                        uniform token[] xformOpOrder = ["xformOp:translate", "xformOp:rotateZ", "xformOp:scale"]
                    }

                    def Cube "Segment_104" (
                        prepend apiSchemas = ["PhysicsCollisionAPI"]
                        customData = {
                            dictionary j599 = {
                                string collisionRole = "fixed_keyway_blocking_shell"
                            }
                        }
                    )
                    {
                        float physxCollision:contactOffset = 0.00001
                        float physxCollision:restOffset = 0
                        color3f[] primvars:displayColor = [(0.49, 0.53, 0.58)]
                        double size = 1
                        token visibility = "invisible"
                        float xformOp:rotateZ = 234
                        float3 xformOp:scale = (0.0016525, 0.0006819036, 0.00724)
                        double3 xformOp:translate = (-0.011040811232748745, -0.015196372968090418, -0.00362)
                        uniform token[] xformOpOrder = ["xformOp:translate", "xformOp:rotateZ", "xformOp:scale"]
                    }

                    def Cube "Segment_105" (
                        prepend apiSchemas = ["PhysicsCollisionAPI"]
                        customData = {
                            dictionary j599 = {
                                string collisionRole = "fixed_keyway_blocking_shell"
                            }
                        }
                    )
                    {
                        float physxCollision:contactOffset = 0.00001
                        float physxCollision:restOffset = 0
                        color3f[] primvars:displayColor = [(0.49, 0.53, 0.58)]
                        double size = 1
                        token visibility = "invisible"
                        float xformOp:rotateZ = 236
                        float3 xformOp:scale = (0.0016525, 0.0006819036, 0.00724)
                        double3 xformOp:translate = (-0.010503739700568638, -0.015572434503480769, -0.00362)
                        uniform token[] xformOpOrder = ["xformOp:translate", "xformOp:rotateZ", "xformOp:scale"]
                    }

                    def Cube "Segment_106" (
                        prepend apiSchemas = ["PhysicsCollisionAPI"]
                        customData = {
                            dictionary j599 = {
                                string collisionRole = "fixed_keyway_blocking_shell"
                            }
                        }
                    )
                    {
                        float physxCollision:contactOffset = 0.00001
                        float physxCollision:restOffset = 0
                        color3f[] primvars:displayColor = [(0.49, 0.53, 0.58)]
                        double size = 1
                        token visibility = "invisible"
                        float xformOp:rotateZ = 238
                        float3 xformOp:scale = (0.0016525, 0.0006819036, 0.00724)
                        double3 xformOp:translate = (-0.009953870979540466, -0.015929523426178267, -0.00362)
                        uniform token[] xformOpOrder = ["xformOp:translate", "xformOp:rotateZ", "xformOp:scale"]
                    }

                    def Cube "Segment_107" (
                        prepend apiSchemas = ["PhysicsCollisionAPI"]
                        customData = {
                            dictionary j599 = {
                                string collisionRole = "fixed_keyway_blocking_shell"
                            }
                        }
                    )
                    {
                        float physxCollision:contactOffset = 0.00001
                        float physxCollision:restOffset = 0
                        color3f[] primvars:displayColor = [(0.49, 0.53, 0.58)]
                        double size = 1
                        token visibility = "invisible"
                        float xformOp:rotateZ = 240
                        float3 xformOp:scale = (0.0016525, 0.0006819036, 0.00724)
                        double3 xformOp:translate = (-0.00939187500000001, -0.016267204678335947, -0.00362)
                        uniform token[] xformOpOrder = ["xformOp:translate", "xformOp:rotateZ", "xformOp:scale"]
                    }

                    def Cube "Segment_108" (
                        prepend apiSchemas = ["PhysicsCollisionAPI"]
                        customData = {
                            dictionary j599 = {
                                string collisionRole = "fixed_keyway_blocking_shell"
                            }
                        }
                    )
                    {
                        float physxCollision:contactOffset = 0.00001
                        float physxCollision:restOffset = 0
                        color3f[] primvars:displayColor = [(0.49, 0.53, 0.58)]
                        double size = 1
                        token visibility = "invisible"
                        float xformOp:rotateZ = 242
                        float3 xformOp:scale = (0.0016525, 0.0006819036, 0.00724)
                        double3 xformOp:translate = (-0.008818436467479476, -0.016585066847363873, -0.00362)
                        uniform token[] xformOpOrder = ["xformOp:translate", "xformOp:rotateZ", "xformOp:scale"]
                    }

                    def Cube "Segment_109" (
                        prepend apiSchemas = ["PhysicsCollisionAPI"]
                        customData = {
                            dictionary j599 = {
                                string collisionRole = "fixed_keyway_blocking_shell"
                            }
                        }
                    )
                    {
                        float physxCollision:contactOffset = 0.00001
                        float physxCollision:restOffset = 0
                        color3f[] primvars:displayColor = [(0.49, 0.53, 0.58)]
                        double size = 1
                        token visibility = "invisible"
                        float xformOp:rotateZ = 244
                        float3 xformOp:scale = (0.0016525, 0.0006819036, 0.00724)
                        double3 xformOp:translate = (-0.00823425402849934, -0.016882722667171977, -0.00362)
                        uniform token[] xformOpOrder = ["xformOp:translate", "xformOp:rotateZ", "xformOp:scale"]
                    }

                    def Cube "Segment_110" (
                        prepend apiSchemas = ["PhysicsCollisionAPI"]
                        customData = {
                            dictionary j599 = {
                                string collisionRole = "fixed_keyway_blocking_shell"
                            }
                        }
                    )
                    {
                        float physxCollision:contactOffset = 0.00001
                        float physxCollision:restOffset = 0
                        color3f[] primvars:displayColor = [(0.49, 0.53, 0.58)]
                        double size = 1
                        token visibility = "invisible"
                        float xformOp:rotateZ = 246
                        float3 xformOp:scale = (0.0016525, 0.0006819036, 0.00724)
                        double3 xformOp:translate = (-0.007640039419375061, -0.017159809489994206, -0.00362)
                        uniform token[] xformOpOrder = ["xformOp:translate", "xformOp:rotateZ", "xformOp:scale"]
                    }

                    def Cube "Segment_111" (
                        prepend apiSchemas = ["PhysicsCollisionAPI"]
                        customData = {
                            dictionary j599 = {
                                string collisionRole = "fixed_keyway_blocking_shell"
                            }
                        }
                    )
                    {
                        float physxCollision:contactOffset = 0.00001
                        float physxCollision:restOffset = 0
                        color3f[] primvars:displayColor = [(0.49, 0.53, 0.58)]
                        double size = 1
                        token visibility = "invisible"
                        float xformOp:rotateZ = 248
                        float3 xformOp:scale = (0.0016525, 0.0006819036, 0.00724)
                        double3 xformOp:translate = (-0.007036516599076143, -0.01741598972821889, -0.00362)
                        uniform token[] xformOpOrder = ["xformOp:translate", "xformOp:rotateZ", "xformOp:scale"]
                    }

                    def Cube "Segment_112" (
                        prepend apiSchemas = ["PhysicsCollisionAPI"]
                        customData = {
                            dictionary j599 = {
                                string collisionRole = "fixed_keyway_blocking_shell"
                            }
                        }
                    )
                    {
                        float physxCollision:contactOffset = 0.00001
                        float physxCollision:restOffset = 0
                        color3f[] primvars:displayColor = [(0.49, 0.53, 0.58)]
                        double size = 1
                        token visibility = "invisible"
                        float xformOp:rotateZ = 250
                        float3 xformOp:scale = (0.0016525, 0.0006819036, 0.00724)
                        double3 xformOp:translate = (-0.006424420867193527, -0.01765095126568731, -0.00362)
                        uniform token[] xformOpOrder = ["xformOp:translate", "xformOp:rotateZ", "xformOp:scale"]
                    }

                    def Cube "Segment_113" (
                        prepend apiSchemas = ["PhysicsCollisionAPI"]
                        customData = {
                            dictionary j599 = {
                                string collisionRole = "fixed_keyway_blocking_shell"
                            }
                        }
                    )
                    {
                        float physxCollision:contactOffset = 0.00001
                        float physxCollision:restOffset = 0
                        color3f[] primvars:displayColor = [(0.49, 0.53, 0.58)]
                        double size = 1
                        token visibility = "invisible"
                        float xformOp:rotateZ = 252
                        float3 xformOp:scale = (0.0016525, 0.0006819036, 0.00724)
                        double3 xformOp:translate = (-0.005804497968090422, -0.017864407837959093, -0.00362)
                        uniform token[] xformOpOrder = ["xformOp:translate", "xformOp:rotateZ", "xformOp:scale"]
                    }

                    def Cube "Segment_114" (
                        prepend apiSchemas = ["PhysicsCollisionAPI"]
                        customData = {
                            dictionary j599 = {
                                string collisionRole = "fixed_keyway_blocking_shell"
                            }
                        }
                    )
                    {
                        float physxCollision:contactOffset = 0.00001
                        float physxCollision:restOffset = 0
                        color3f[] primvars:displayColor = [(0.49, 0.53, 0.58)]
                        double size = 1
                        token visibility = "invisible"
                        float xformOp:rotateZ = 254
                        float3 xformOp:scale = (0.0016525, 0.0006819036, 0.00724)
                        double3 xformOp:translate = (-0.005177503182327553, -0.0180560993810814, -0.00362)
                        uniform token[] xformOpOrder = ["xformOp:translate", "xformOp:rotateZ", "xformOp:scale"]
                    }

                    def Cube "Segment_115" (
                        prepend apiSchemas = ["PhysicsCollisionAPI"]
                        customData = {
                            dictionary j599 = {
                                string collisionRole = "fixed_keyway_blocking_shell"
                            }
                        }
                    )
                    {
                        float physxCollision:contactOffset = 0.00001
                        float physxCollision:restOffset = 0
                        color3f[] primvars:displayColor = [(0.49, 0.53, 0.58)]
                        double size = 1
                        token visibility = "invisible"
                        float xformOp:rotateZ = 256
                        float3 xformOp:scale = (0.0016525, 0.0006819036, 0.00724)
                        double3 xformOp:translate = (-0.00454420040647026, -0.01822579234843675, -0.00362)
                        uniform token[] xformOpOrder = ["xformOp:translate", "xformOp:rotateZ", "xformOp:scale"]
                    }

                    def Cube "Segment_116" (
                        prepend apiSchemas = ["PhysicsCollisionAPI"]
                        customData = {
                            dictionary j599 = {
                                string collisionRole = "fixed_keyway_blocking_shell"
                            }
                        }
                    )
                    {
                        float physxCollision:contactOffset = 0.00001
                        float physxCollision:restOffset = 0
                        color3f[] primvars:displayColor = [(0.49, 0.53, 0.58)]
                        double size = 1
                        token visibility = "invisible"
                        float xformOp:rotateZ = 258
                        float3 xformOp:scale = (0.0016525, 0.0006819036, 0.00724)
                        double3 xformOp:translate = (-0.0039053612223980956, -0.018373279995283622, -0.00362)
                        uniform token[] xformOpOrder = ["xformOp:translate", "xformOp:rotateZ", "xformOp:scale"]
                    }

                    def Cube "Segment_117" (
                        prepend apiSchemas = ["PhysicsCollisionAPI"]
                        customData = {
                            dictionary j599 = {
                                string collisionRole = "fixed_keyway_blocking_shell"
                            }
                        }
                    )
                    {
                        float physxCollision:contactOffset = 0.00001
                        float physxCollision:restOffset = 0
                        color3f[] primvars:displayColor = [(0.49, 0.53, 0.58)]
                        double size = 1
                        token visibility = "invisible"
                        float xformOp:rotateZ = 260
                        float3 xformOp:scale = (0.0016525, 0.0006819036, 0.00724)
                        double3 xformOp:translate = (-0.0032617639572512028, -0.018498382630643063, -0.00362)
                        uniform token[] xformOpOrder = ["xformOp:translate", "xformOp:rotateZ", "xformOp:scale"]
                    }

                    def Cube "Segment_118" (
                        prepend apiSchemas = ["PhysicsCollisionAPI"]
                        customData = {
                            dictionary j599 = {
                                string collisionRole = "fixed_keyway_blocking_shell"
                            }
                        }
                    )
                    {
                        float physxCollision:contactOffset = 0.00001
                        float physxCollision:restOffset = 0
                        color3f[] primvars:displayColor = [(0.49, 0.53, 0.58)]
                        double size = 1
                        token visibility = "invisible"
                        float xformOp:rotateZ = 262
                        float3 xformOp:scale = (0.0016525, 0.0006819036, 0.00724)
                        double3 xformOp:translate = (-0.0026141927351586366, -0.01860094783622447, -0.00362)
                        uniform token[] xformOpOrder = ["xformOp:translate", "xformOp:rotateZ", "xformOp:scale"]
                    }

                    def Cube "Segment_119" (
                        prepend apiSchemas = ["PhysicsCollisionAPI"]
                        customData = {
                            dictionary j599 = {
                                string collisionRole = "fixed_keyway_blocking_shell"
                            }
                        }
                    )
                    {
                        float physxCollision:contactOffset = 0.00001
                        float physxCollision:restOffset = 0
                        color3f[] primvars:displayColor = [(0.49, 0.53, 0.58)]
                        double size = 1
                        token visibility = "invisible"
                        float xformOp:rotateZ = 264
                        float3 xformOp:scale = (0.0016525, 0.0006819036, 0.00724)
                        double3 xformOp:translate = (-0.001963436521903784, -0.01868085065212381, -0.00362)
                        uniform token[] xformOpOrder = ["xformOp:translate", "xformOp:rotateZ", "xformOp:scale"]
                    }

                    def Cube "Segment_120" (
                        prepend apiSchemas = ["PhysicsCollisionAPI"]
                        customData = {
                            dictionary j599 = {
                                string collisionRole = "fixed_keyway_blocking_shell"
                            }
                        }
                    )
                    {
                        float physxCollision:contactOffset = 0.00001
                        float physxCollision:restOffset = 0
                        color3f[] primvars:displayColor = [(0.49, 0.53, 0.58)]
                        double size = 1
                        token visibility = "invisible"
                        float xformOp:rotateZ = 266
                        float3 xformOp:scale = (0.0016525, 0.0006819036, 0.00724)
                        double3 xformOp:translate = (-0.001310288163691219, -0.018737993729067974, -0.00362)
                        uniform token[] xformOpOrder = ["xformOp:translate", "xformOp:rotateZ", "xformOp:scale"]
                    }

                    def Cube "Segment_121" (
                        prepend apiSchemas = ["PhysicsCollisionAPI"]
                        customData = {
                            dictionary j599 = {
                                string collisionRole = "fixed_keyway_blocking_shell"
                            }
                        }
                    )
                    {
                        float physxCollision:contactOffset = 0.00001
                        float physxCollision:restOffset = 0
                        color3f[] primvars:displayColor = [(0.49, 0.53, 0.58)]
                        double size = 1
                        token visibility = "invisible"
                        float xformOp:rotateZ = 268
                        float3 xformOp:scale = (0.0016525, 0.0006819036, 0.00724)
                        double3 xformOp:translate = (-0.0006555434211855987, -0.01877230744701994, -0.00362)
                        uniform token[] xformOpOrder = ["xformOp:translate", "xformOp:rotateZ", "xformOp:scale"]
                    }

                    def Cube "Segment_122" (
                        prepend apiSchemas = ["PhysicsCollisionAPI"]
                        customData = {
                            dictionary j599 = {
                                string collisionRole = "fixed_keyway_blocking_shell"
                            }
                        }
                    )
                    {
                        float physxCollision:contactOffset = 0.00001
                        float physxCollision:restOffset = 0
                        color3f[] primvars:displayColor = [(0.49, 0.53, 0.58)]
                        double size = 1
                        token visibility = "invisible"
                        float xformOp:rotateZ = 270
                        float3 xformOp:scale = (0.0016525, 0.0006819036, 0.00724)
                        double3 xformOp:translate = (-3.4505188970226146e-18, -0.018783750000000002, -0.00362)
                        uniform token[] xformOpOrder = ["xformOp:translate", "xformOp:rotateZ", "xformOp:scale"]
                    }

                    def Cube "Segment_123" (
                        prepend apiSchemas = ["PhysicsCollisionAPI"]
                        customData = {
                            dictionary j599 = {
                                string collisionRole = "fixed_keyway_blocking_shell"
                            }
                        }
                    )
                    {
                        float physxCollision:contactOffset = 0.00001
                        float physxCollision:restOffset = 0
                        color3f[] primvars:displayColor = [(0.49, 0.53, 0.58)]
                        double size = 1
                        token visibility = "invisible"
                        float xformOp:rotateZ = 272
                        float3 xformOp:scale = (0.0016525, 0.0006819036, 0.00724)
                        double3 xformOp:translate = (0.0006555434211856085, -0.01877230744701994, -0.00362)
                        uniform token[] xformOpOrder = ["xformOp:translate", "xformOp:rotateZ", "xformOp:scale"]
                    }

                    def Cube "Segment_124" (
                        prepend apiSchemas = ["PhysicsCollisionAPI"]
                        customData = {
                            dictionary j599 = {
                                string collisionRole = "fixed_keyway_blocking_shell"
                            }
                        }
                    )
                    {
                        float physxCollision:contactOffset = 0.00001
                        float physxCollision:restOffset = 0
                        color3f[] primvars:displayColor = [(0.49, 0.53, 0.58)]
                        double size = 1
                        token visibility = "invisible"
                        float xformOp:rotateZ = 274
                        float3 xformOp:scale = (0.0016525, 0.0006819036, 0.00724)
                        double3 xformOp:translate = (0.0013102881636912122, -0.018737993729067978, -0.00362)
                        uniform token[] xformOpOrder = ["xformOp:translate", "xformOp:rotateZ", "xformOp:scale"]
                    }

                    def Cube "Segment_125" (
                        prepend apiSchemas = ["PhysicsCollisionAPI"]
                        customData = {
                            dictionary j599 = {
                                string collisionRole = "fixed_keyway_blocking_shell"
                            }
                        }
                    )
                    {
                        float physxCollision:contactOffset = 0.00001
                        float physxCollision:restOffset = 0
                        color3f[] primvars:displayColor = [(0.49, 0.53, 0.58)]
                        double size = 1
                        token visibility = "invisible"
                        float xformOp:rotateZ = 276
                        float3 xformOp:scale = (0.0016525, 0.0006819036, 0.00724)
                        double3 xformOp:translate = (0.001963436521903777, -0.01868085065212381, -0.00362)
                        uniform token[] xformOpOrder = ["xformOp:translate", "xformOp:rotateZ", "xformOp:scale"]
                    }

                    def Cube "Segment_126" (
                        prepend apiSchemas = ["PhysicsCollisionAPI"]
                        customData = {
                            dictionary j599 = {
                                string collisionRole = "fixed_keyway_blocking_shell"
                            }
                        }
                    )
                    {
                        float physxCollision:contactOffset = 0.00001
                        float physxCollision:restOffset = 0
                        color3f[] primvars:displayColor = [(0.49, 0.53, 0.58)]
                        double size = 1
                        token visibility = "invisible"
                        float xformOp:rotateZ = 278
                        float3 xformOp:scale = (0.0016525, 0.0006819036, 0.00724)
                        double3 xformOp:translate = (0.00261419273515863, -0.018600947836224475, -0.00362)
                        uniform token[] xformOpOrder = ["xformOp:translate", "xformOp:rotateZ", "xformOp:scale"]
                    }

                    def Cube "Segment_127" (
                        prepend apiSchemas = ["PhysicsCollisionAPI"]
                        customData = {
                            dictionary j599 = {
                                string collisionRole = "fixed_keyway_blocking_shell"
                            }
                        }
                    )
                    {
                        float physxCollision:contactOffset = 0.00001
                        float physxCollision:restOffset = 0
                        color3f[] primvars:displayColor = [(0.49, 0.53, 0.58)]
                        double size = 1
                        token visibility = "invisible"
                        float xformOp:rotateZ = 280
                        float3 xformOp:scale = (0.0016525, 0.0006819036, 0.00724)
                        double3 xformOp:translate = (0.0032617639572511963, -0.018498382630643066, -0.00362)
                        uniform token[] xformOpOrder = ["xformOp:translate", "xformOp:rotateZ", "xformOp:scale"]
                    }

                    def Cube "Segment_128" (
                        prepend apiSchemas = ["PhysicsCollisionAPI"]
                        customData = {
                            dictionary j599 = {
                                string collisionRole = "fixed_keyway_blocking_shell"
                            }
                        }
                    )
                    {
                        float physxCollision:contactOffset = 0.00001
                        float physxCollision:restOffset = 0
                        color3f[] primvars:displayColor = [(0.49, 0.53, 0.58)]
                        double size = 1
                        token visibility = "invisible"
                        float xformOp:rotateZ = 282
                        float3 xformOp:scale = (0.0016525, 0.0006819036, 0.00724)
                        double3 xformOp:translate = (0.003905361222398089, -0.018373279995283622, -0.00362)
                        uniform token[] xformOpOrder = ["xformOp:translate", "xformOp:rotateZ", "xformOp:scale"]
                    }

                    def Cube "Segment_129" (
                        prepend apiSchemas = ["PhysicsCollisionAPI"]
                        customData = {
                            dictionary j599 = {
                                string collisionRole = "fixed_keyway_blocking_shell"
                            }
                        }
                    )
                    {
                        float physxCollision:contactOffset = 0.00001
                        float physxCollision:restOffset = 0
                        color3f[] primvars:displayColor = [(0.49, 0.53, 0.58)]
                        double size = 1
                        token visibility = "invisible"
                        float xformOp:rotateZ = 284
                        float3 xformOp:scale = (0.0016525, 0.0006819036, 0.00724)
                        double3 xformOp:translate = (0.004544200406470254, -0.018225792348436753, -0.00362)
                        uniform token[] xformOpOrder = ["xformOp:translate", "xformOp:rotateZ", "xformOp:scale"]
                    }

                    def Cube "Segment_130" (
                        prepend apiSchemas = ["PhysicsCollisionAPI"]
                        customData = {
                            dictionary j599 = {
                                string collisionRole = "fixed_keyway_blocking_shell"
                            }
                        }
                    )
                    {
                        float physxCollision:contactOffset = 0.00001
                        float physxCollision:restOffset = 0
                        color3f[] primvars:displayColor = [(0.49, 0.53, 0.58)]
                        double size = 1
                        token visibility = "invisible"
                        float xformOp:rotateZ = 286
                        float3 xformOp:scale = (0.0016525, 0.0006819036, 0.00724)
                        double3 xformOp:translate = (0.005177503182327563, -0.018056099381081398, -0.00362)
                        uniform token[] xformOpOrder = ["xformOp:translate", "xformOp:rotateZ", "xformOp:scale"]
                    }

                    def Cube "Segment_131" (
                        prepend apiSchemas = ["PhysicsCollisionAPI"]
                        customData = {
                            dictionary j599 = {
                                string collisionRole = "fixed_keyway_blocking_shell"
                            }
                        }
                    )
                    {
                        float physxCollision:contactOffset = 0.00001
                        float physxCollision:restOffset = 0
                        color3f[] primvars:displayColor = [(0.49, 0.53, 0.58)]
                        double size = 1
                        token visibility = "invisible"
                        float xformOp:rotateZ = 288
                        float3 xformOp:scale = (0.0016525, 0.0006819036, 0.00724)
                        double3 xformOp:translate = (0.005804497968090416, -0.017864407837959093, -0.00362)
                        uniform token[] xformOpOrder = ["xformOp:translate", "xformOp:rotateZ", "xformOp:scale"]
                    }

                    def Cube "Segment_132" (
                        prepend apiSchemas = ["PhysicsCollisionAPI"]
                        customData = {
                            dictionary j599 = {
                                string collisionRole = "fixed_keyway_blocking_shell"
                            }
                        }
                    )
                    {
                        float physxCollision:contactOffset = 0.00001
                        float physxCollision:restOffset = 0
                        color3f[] primvars:displayColor = [(0.49, 0.53, 0.58)]
                        double size = 1
                        token visibility = "invisible"
                        float xformOp:rotateZ = 298
                        float3 xformOp:scale = (0.0016525, 0.0006819036, 0.00724)
                        double3 xformOp:translate = (0.00881843646747947, -0.016585066847363873, -0.00362)
                        uniform token[] xformOpOrder = ["xformOp:translate", "xformOp:rotateZ", "xformOp:scale"]
                    }

                    def Cube "Segment_133" (
                        prepend apiSchemas = ["PhysicsCollisionAPI"]
                        customData = {
                            dictionary j599 = {
                                string collisionRole = "fixed_keyway_blocking_shell"
                            }
                        }
                    )
                    {
                        float physxCollision:contactOffset = 0.00001
                        float physxCollision:restOffset = 0
                        color3f[] primvars:displayColor = [(0.49, 0.53, 0.58)]
                        double size = 1
                        token visibility = "invisible"
                        float xformOp:rotateZ = 300
                        float3 xformOp:scale = (0.0016525, 0.0006819036, 0.00724)
                        double3 xformOp:translate = (0.009391875000000003, -0.01626720467833595, -0.00362)
                        uniform token[] xformOpOrder = ["xformOp:translate", "xformOp:rotateZ", "xformOp:scale"]
                    }

                    def Cube "Segment_134" (
                        prepend apiSchemas = ["PhysicsCollisionAPI"]
                        customData = {
                            dictionary j599 = {
                                string collisionRole = "fixed_keyway_blocking_shell"
                            }
                        }
                    )
                    {
                        float physxCollision:contactOffset = 0.00001
                        float physxCollision:restOffset = 0
                        color3f[] primvars:displayColor = [(0.49, 0.53, 0.58)]
                        double size = 1
                        token visibility = "invisible"
                        float xformOp:rotateZ = 302
                        float3 xformOp:scale = (0.0016525, 0.0006819036, 0.00724)
                        double3 xformOp:translate = (0.00995387097954046, -0.01592952342617827, -0.00362)
                        uniform token[] xformOpOrder = ["xformOp:translate", "xformOp:rotateZ", "xformOp:scale"]
                    }

                    def Cube "Segment_135" (
                        prepend apiSchemas = ["PhysicsCollisionAPI"]
                        customData = {
                            dictionary j599 = {
                                string collisionRole = "fixed_keyway_blocking_shell"
                            }
                        }
                    )
                    {
                        float physxCollision:contactOffset = 0.00001
                        float physxCollision:restOffset = 0
                        color3f[] primvars:displayColor = [(0.49, 0.53, 0.58)]
                        double size = 1
                        token visibility = "invisible"
                        float xformOp:rotateZ = 304
                        float3 xformOp:scale = (0.0016525, 0.0006819036, 0.00724)
                        double3 xformOp:translate = (0.010503739700568645, -0.015572434503480765, -0.00362)
                        uniform token[] xformOpOrder = ["xformOp:translate", "xformOp:rotateZ", "xformOp:scale"]
                    }

                    def Cube "Segment_136" (
                        prepend apiSchemas = ["PhysicsCollisionAPI"]
                        customData = {
                            dictionary j599 = {
                                string collisionRole = "fixed_keyway_blocking_shell"
                            }
                        }
                    )
                    {
                        float physxCollision:contactOffset = 0.00001
                        float physxCollision:restOffset = 0
                        color3f[] primvars:displayColor = [(0.49, 0.53, 0.58)]
                        double size = 1
                        token visibility = "invisible"
                        float xformOp:rotateZ = 306
                        float3 xformOp:scale = (0.0016525, 0.0006819036, 0.00724)
                        double3 xformOp:translate = (0.01104081123274874, -0.015196372968090423, -0.00362)
                        uniform token[] xformOpOrder = ["xformOp:translate", "xformOp:rotateZ", "xformOp:scale"]
                    }

                    def Cube "Segment_137" (
                        prepend apiSchemas = ["PhysicsCollisionAPI"]
                        customData = {
                            dictionary j599 = {
                                string collisionRole = "fixed_keyway_blocking_shell"
                            }
                        }
                    )
                    {
                        float physxCollision:contactOffset = 0.00001
                        float physxCollision:restOffset = 0
                        color3f[] primvars:displayColor = [(0.49, 0.53, 0.58)]
                        double size = 1
                        token visibility = "invisible"
                        float xformOp:rotateZ = 308
                        float3 xformOp:scale = (0.0016525, 0.0006819036, 0.00724)
                        double3 xformOp:translate = (0.01156443123714834, -0.014801796993060262, -0.00362)
                        uniform token[] xformOpOrder = ["xformOp:translate", "xformOp:rotateZ", "xformOp:scale"]
                    }

                    def Cube "Segment_138" (
                        prepend apiSchemas = ["PhysicsCollisionAPI"]
                        customData = {
                            dictionary j599 = {
                                string collisionRole = "fixed_keyway_blocking_shell"
                            }
                        }
                    )
                    {
                        float physxCollision:contactOffset = 0.00001
                        float physxCollision:restOffset = 0
                        color3f[] primvars:displayColor = [(0.49, 0.53, 0.58)]
                        double size = 1
                        token visibility = "invisible"
                        float xformOp:rotateZ = 310
                        float3 xformOp:scale = (0.0016525, 0.0006819036, 0.00724)
                        double3 xformOp:translate = (0.012073961763449532, -0.014389187308436106, -0.00362)
                        uniform token[] xformOpOrder = ["xformOp:translate", "xformOp:rotateZ", "xformOp:scale"]
                    }

                    def Cube "Segment_139" (
                        prepend apiSchemas = ["PhysicsCollisionAPI"]
                        customData = {
                            dictionary j599 = {
                                string collisionRole = "fixed_keyway_blocking_shell"
                            }
                        }
                    )
                    {
                        float physxCollision:contactOffset = 0.00001
                        float physxCollision:restOffset = 0
                        color3f[] primvars:displayColor = [(0.49, 0.53, 0.58)]
                        double size = 1
                        token visibility = "invisible"
                        float xformOp:rotateZ = 312
                        float3 xformOp:scale = (0.0016525, 0.0006819036, 0.00724)
                        double3 xformOp:translate = (0.012568782027193196, -0.013959046615561011, -0.00362)
                        uniform token[] xformOpOrder = ["xformOp:translate", "xformOp:rotateZ", "xformOp:scale"]
                    }

                    def Cube "Segment_140" (
                        prepend apiSchemas = ["PhysicsCollisionAPI"]
                        customData = {
                            dictionary j599 = {
                                string collisionRole = "fixed_keyway_blocking_shell"
                            }
                        }
                    )
                    {
                        float physxCollision:contactOffset = 0.00001
                        float physxCollision:restOffset = 0
                        color3f[] primvars:displayColor = [(0.49, 0.53, 0.58)]
                        double size = 1
                        token visibility = "invisible"
                        float xformOp:rotateZ = 314
                        float3 xformOp:scale = (0.0016525, 0.0006819036, 0.00724)
                        double3 xformOp:translate = (0.013048289166109192, -0.013511898974611141, -0.00362)
                        uniform token[] xformOpOrder = ["xformOp:translate", "xformOp:rotateZ", "xformOp:scale"]
                    }

                    def Cube "Segment_141" (
                        prepend apiSchemas = ["PhysicsCollisionAPI"]
                        customData = {
                            dictionary j599 = {
                                string collisionRole = "fixed_keyway_blocking_shell"
                            }
                        }
                    )
                    {
                        float physxCollision:contactOffset = 0.00001
                        float physxCollision:restOffset = 0
                        color3f[] primvars:displayColor = [(0.49, 0.53, 0.58)]
                        double size = 1
                        token visibility = "invisible"
                        float xformOp:rotateZ = 316
                        float3 xformOp:scale = (0.0016525, 0.0006819036, 0.00724)
                        double3 xformOp:translate = (0.013511898974611134, -0.013048289166109197, -0.00362)
                        uniform token[] xformOpOrder = ["xformOp:translate", "xformOp:rotateZ", "xformOp:scale"]
                    }

                    def Cube "Segment_142" (
                        prepend apiSchemas = ["PhysicsCollisionAPI"]
                        customData = {
                            dictionary j599 = {
                                string collisionRole = "fixed_keyway_blocking_shell"
                            }
                        }
                    )
                    {
                        float physxCollision:contactOffset = 0.00001
                        float physxCollision:restOffset = 0
                        color3f[] primvars:displayColor = [(0.49, 0.53, 0.58)]
                        double size = 1
                        token visibility = "invisible"
                        float xformOp:rotateZ = 318
                        float3 xformOp:scale = (0.0016525, 0.0006819036, 0.00724)
                        double3 xformOp:translate = (0.013959046615561006, -0.012568782027193203, -0.00362)
                        uniform token[] xformOpOrder = ["xformOp:translate", "xformOp:rotateZ", "xformOp:scale"]
                    }

                    def Cube "Segment_143" (
                        prepend apiSchemas = ["PhysicsCollisionAPI"]
                        customData = {
                            dictionary j599 = {
                                string collisionRole = "fixed_keyway_blocking_shell"
                            }
                        }
                    )
                    {
                        float physxCollision:contactOffset = 0.00001
                        float physxCollision:restOffset = 0
                        color3f[] primvars:displayColor = [(0.49, 0.53, 0.58)]
                        double size = 1
                        token visibility = "invisible"
                        float xformOp:rotateZ = 320
                        float3 xformOp:scale = (0.0016525, 0.0006819036, 0.00724)
                        double3 xformOp:translate = (0.0143891873084361, -0.012073961763449539, -0.00362)
                        uniform token[] xformOpOrder = ["xformOp:translate", "xformOp:rotateZ", "xformOp:scale"]
                    }

                    def Cube "Segment_144" (
                        prepend apiSchemas = ["PhysicsCollisionAPI"]
                        customData = {
                            dictionary j599 = {
                                string collisionRole = "fixed_keyway_blocking_shell"
                            }
                        }
                    )
                    {
                        float physxCollision:contactOffset = 0.00001
                        float physxCollision:restOffset = 0
                        color3f[] primvars:displayColor = [(0.49, 0.53, 0.58)]
                        double size = 1
                        token visibility = "invisible"
                        float xformOp:rotateZ = 322
                        float3 xformOp:scale = (0.0016525, 0.0006819036, 0.00724)
                        double3 xformOp:translate = (0.014801796993060267, -0.011564431237148332, -0.00362)
                        uniform token[] xformOpOrder = ["xformOp:translate", "xformOp:rotateZ", "xformOp:scale"]
                    }

                    def Cube "Segment_145" (
                        prepend apiSchemas = ["PhysicsCollisionAPI"]
                        customData = {
                            dictionary j599 = {
                                string collisionRole = "fixed_keyway_blocking_shell"
                            }
                        }
                    )
                    {
                        float physxCollision:contactOffset = 0.00001
                        float physxCollision:restOffset = 0
                        color3f[] primvars:displayColor = [(0.49, 0.53, 0.58)]
                        double size = 1
                        token visibility = "invisible"
                        float xformOp:rotateZ = 324
                        float3 xformOp:scale = (0.0016525, 0.0006819036, 0.00724)
                        double3 xformOp:translate = (0.015196372968090418, -0.011040811232748747, -0.00362)
                        uniform token[] xformOpOrder = ["xformOp:translate", "xformOp:rotateZ", "xformOp:scale"]
                    }

                    def Cube "Segment_146" (
                        prepend apiSchemas = ["PhysicsCollisionAPI"]
                        customData = {
                            dictionary j599 = {
                                string collisionRole = "fixed_keyway_blocking_shell"
                            }
                        }
                    )
                    {
                        float physxCollision:contactOffset = 0.00001
                        float physxCollision:restOffset = 0
                        color3f[] primvars:displayColor = [(0.49, 0.53, 0.58)]
                        double size = 1
                        token visibility = "invisible"
                        float xformOp:rotateZ = 326
                        float3 xformOp:scale = (0.0016525, 0.0006819036, 0.00724)
                        double3 xformOp:translate = (0.015572434503480769, -0.010503739700568638, -0.00362)
                        uniform token[] xformOpOrder = ["xformOp:translate", "xformOp:rotateZ", "xformOp:scale"]
                    }

                    def Cube "Segment_147" (
                        prepend apiSchemas = ["PhysicsCollisionAPI"]
                        customData = {
                            dictionary j599 = {
                                string collisionRole = "fixed_keyway_blocking_shell"
                            }
                        }
                    )
                    {
                        float physxCollision:contactOffset = 0.00001
                        float physxCollision:restOffset = 0
                        color3f[] primvars:displayColor = [(0.49, 0.53, 0.58)]
                        double size = 1
                        token visibility = "invisible"
                        float xformOp:rotateZ = 328
                        float3 xformOp:scale = (0.0016525, 0.0006819036, 0.00724)
                        double3 xformOp:translate = (0.015929523426178267, -0.009953870979540466, -0.00362)
                        uniform token[] xformOpOrder = ["xformOp:translate", "xformOp:rotateZ", "xformOp:scale"]
                    }

                    def Cube "Segment_148" (
                        prepend apiSchemas = ["PhysicsCollisionAPI"]
                        customData = {
                            dictionary j599 = {
                                string collisionRole = "fixed_keyway_blocking_shell"
                            }
                        }
                    )
                    {
                        float physxCollision:contactOffset = 0.00001
                        float physxCollision:restOffset = 0
                        color3f[] primvars:displayColor = [(0.49, 0.53, 0.58)]
                        double size = 1
                        token visibility = "invisible"
                        float xformOp:rotateZ = 330
                        float3 xformOp:scale = (0.0016525, 0.0006819036, 0.00724)
                        double3 xformOp:translate = (0.016267204678335947, -0.00939187500000001, -0.00362)
                        uniform token[] xformOpOrder = ["xformOp:translate", "xformOp:rotateZ", "xformOp:scale"]
                    }

                    def Cube "Segment_149" (
                        prepend apiSchemas = ["PhysicsCollisionAPI"]
                        customData = {
                            dictionary j599 = {
                                string collisionRole = "fixed_keyway_blocking_shell"
                            }
                        }
                    )
                    {
                        float physxCollision:contactOffset = 0.00001
                        float physxCollision:restOffset = 0
                        color3f[] primvars:displayColor = [(0.49, 0.53, 0.58)]
                        double size = 1
                        token visibility = "invisible"
                        float xformOp:rotateZ = 332
                        float3 xformOp:scale = (0.0016525, 0.0006819036, 0.00724)
                        double3 xformOp:translate = (0.01658506684736387, -0.008818436467479478, -0.00362)
                        uniform token[] xformOpOrder = ["xformOp:translate", "xformOp:rotateZ", "xformOp:scale"]
                    }

                    def Cube "Segment_150" (
                        prepend apiSchemas = ["PhysicsCollisionAPI"]
                        customData = {
                            dictionary j599 = {
                                string collisionRole = "fixed_keyway_blocking_shell"
                            }
                        }
                    )
                    {
                        float physxCollision:contactOffset = 0.00001
                        float physxCollision:restOffset = 0
                        color3f[] primvars:displayColor = [(0.49, 0.53, 0.58)]
                        double size = 1
                        token visibility = "invisible"
                        float xformOp:rotateZ = 334
                        float3 xformOp:scale = (0.0016525, 0.0006819036, 0.00724)
                        double3 xformOp:translate = (0.016882722667171977, -0.008234254028499342, -0.00362)
                        uniform token[] xformOpOrder = ["xformOp:translate", "xformOp:rotateZ", "xformOp:scale"]
                    }

                    def Cube "Segment_151" (
                        prepend apiSchemas = ["PhysicsCollisionAPI"]
                        customData = {
                            dictionary j599 = {
                                string collisionRole = "fixed_keyway_blocking_shell"
                            }
                        }
                    )
                    {
                        float physxCollision:contactOffset = 0.00001
                        float physxCollision:restOffset = 0
                        color3f[] primvars:displayColor = [(0.49, 0.53, 0.58)]
                        double size = 1
                        token visibility = "invisible"
                        float xformOp:rotateZ = 336
                        float3 xformOp:scale = (0.0016525, 0.0006819036, 0.00724)
                        double3 xformOp:translate = (0.017159809489994206, -0.007640039419375062, -0.00362)
                        uniform token[] xformOpOrder = ["xformOp:translate", "xformOp:rotateZ", "xformOp:scale"]
                    }

                    def Cube "Segment_152" (
                        prepend apiSchemas = ["PhysicsCollisionAPI"]
                        customData = {
                            dictionary j599 = {
                                string collisionRole = "fixed_keyway_blocking_shell"
                            }
                        }
                    )
                    {
                        float physxCollision:contactOffset = 0.00001
                        float physxCollision:restOffset = 0
                        color3f[] primvars:displayColor = [(0.49, 0.53, 0.58)]
                        double size = 1
                        token visibility = "invisible"
                        float xformOp:rotateZ = 338
                        float3 xformOp:scale = (0.0016525, 0.0006819036, 0.00724)
                        double3 xformOp:translate = (0.01741598972821889, -0.007036516599076144, -0.00362)
                        uniform token[] xformOpOrder = ["xformOp:translate", "xformOp:rotateZ", "xformOp:scale"]
                    }

                    def Cube "Segment_153" (
                        prepend apiSchemas = ["PhysicsCollisionAPI"]
                        customData = {
                            dictionary j599 = {
                                string collisionRole = "fixed_keyway_blocking_shell"
                            }
                        }
                    )
                    {
                        float physxCollision:contactOffset = 0.00001
                        float physxCollision:restOffset = 0
                        color3f[] primvars:displayColor = [(0.49, 0.53, 0.58)]
                        double size = 1
                        token visibility = "invisible"
                        float xformOp:rotateZ = 340
                        float3 xformOp:scale = (0.0016525, 0.0006819036, 0.00724)
                        double3 xformOp:translate = (0.01765095126568731, -0.006424420867193528, -0.00362)
                        uniform token[] xformOpOrder = ["xformOp:translate", "xformOp:rotateZ", "xformOp:scale"]
                    }

                    def Cube "Segment_154" (
                        prepend apiSchemas = ["PhysicsCollisionAPI"]
                        customData = {
                            dictionary j599 = {
                                string collisionRole = "fixed_keyway_blocking_shell"
                            }
                        }
                    )
                    {
                        float physxCollision:contactOffset = 0.00001
                        float physxCollision:restOffset = 0
                        color3f[] primvars:displayColor = [(0.49, 0.53, 0.58)]
                        double size = 1
                        token visibility = "invisible"
                        float xformOp:rotateZ = 342
                        float3 xformOp:scale = (0.0016525, 0.0006819036, 0.00724)
                        double3 xformOp:translate = (0.017864407837959093, -0.0058044979680904225, -0.00362)
                        uniform token[] xformOpOrder = ["xformOp:translate", "xformOp:rotateZ", "xformOp:scale"]
                    }

                    def Cube "Segment_155" (
                        prepend apiSchemas = ["PhysicsCollisionAPI"]
                        customData = {
                            dictionary j599 = {
                                string collisionRole = "fixed_keyway_blocking_shell"
                            }
                        }
                    )
                    {
                        float physxCollision:contactOffset = 0.00001
                        float physxCollision:restOffset = 0
                        color3f[] primvars:displayColor = [(0.49, 0.53, 0.58)]
                        double size = 1
                        token visibility = "invisible"
                        float xformOp:rotateZ = 344
                        float3 xformOp:scale = (0.0016525, 0.0006819036, 0.00724)
                        double3 xformOp:translate = (0.018056099381081398, -0.005177503182327554, -0.00362)
                        uniform token[] xformOpOrder = ["xformOp:translate", "xformOp:rotateZ", "xformOp:scale"]
                    }

                    def Cube "Segment_156" (
                        prepend apiSchemas = ["PhysicsCollisionAPI"]
                        customData = {
                            dictionary j599 = {
                                string collisionRole = "fixed_keyway_blocking_shell"
                            }
                        }
                    )
                    {
                        float physxCollision:contactOffset = 0.00001
                        float physxCollision:restOffset = 0
                        color3f[] primvars:displayColor = [(0.49, 0.53, 0.58)]
                        double size = 1
                        token visibility = "invisible"
                        float xformOp:rotateZ = 346
                        float3 xformOp:scale = (0.0016525, 0.0006819036, 0.00724)
                        double3 xformOp:translate = (0.01822579234843675, -0.004544200406470262, -0.00362)
                        uniform token[] xformOpOrder = ["xformOp:translate", "xformOp:rotateZ", "xformOp:scale"]
                    }

                    def Cube "Segment_157" (
                        prepend apiSchemas = ["PhysicsCollisionAPI"]
                        customData = {
                            dictionary j599 = {
                                string collisionRole = "fixed_keyway_blocking_shell"
                            }
                        }
                    )
                    {
                        float physxCollision:contactOffset = 0.00001
                        float physxCollision:restOffset = 0
                        color3f[] primvars:displayColor = [(0.49, 0.53, 0.58)]
                        double size = 1
                        token visibility = "invisible"
                        float xformOp:rotateZ = 348
                        float3 xformOp:scale = (0.0016525, 0.0006819036, 0.00724)
                        double3 xformOp:translate = (0.018373279995283622, -0.0039053612223980973, -0.00362)
                        uniform token[] xformOpOrder = ["xformOp:translate", "xformOp:rotateZ", "xformOp:scale"]
                    }

                    def Cube "Segment_158" (
                        prepend apiSchemas = ["PhysicsCollisionAPI"]
                        customData = {
                            dictionary j599 = {
                                string collisionRole = "fixed_keyway_blocking_shell"
                            }
                        }
                    )
                    {
                        float physxCollision:contactOffset = 0.00001
                        float physxCollision:restOffset = 0
                        color3f[] primvars:displayColor = [(0.49, 0.53, 0.58)]
                        double size = 1
                        token visibility = "invisible"
                        float xformOp:rotateZ = 350
                        float3 xformOp:scale = (0.0016525, 0.0006819036, 0.00724)
                        double3 xformOp:translate = (0.018498382630643063, -0.003261763957251204, -0.00362)
                        uniform token[] xformOpOrder = ["xformOp:translate", "xformOp:rotateZ", "xformOp:scale"]
                    }

                    def Cube "Segment_159" (
                        prepend apiSchemas = ["PhysicsCollisionAPI"]
                        customData = {
                            dictionary j599 = {
                                string collisionRole = "fixed_keyway_blocking_shell"
                            }
                        }
                    )
                    {
                        float physxCollision:contactOffset = 0.00001
                        float physxCollision:restOffset = 0
                        color3f[] primvars:displayColor = [(0.49, 0.53, 0.58)]
                        double size = 1
                        token visibility = "invisible"
                        float xformOp:rotateZ = 352
                        float3 xformOp:scale = (0.0016525, 0.0006819036, 0.00724)
                        double3 xformOp:translate = (0.01860094783622447, -0.002614192735158638, -0.00362)
                        uniform token[] xformOpOrder = ["xformOp:translate", "xformOp:rotateZ", "xformOp:scale"]
                    }
                }

                def "Keyways"
                {
                    def Xform "Keyway_0_Main"
                    {
                        def Cube "SideWall_0" (
                            prepend apiSchemas = ["PhysicsCollisionAPI"]
                            customData = {
                                dictionary j599 = {
                                    string collisionRole = "fixed_keyway_sidewall"
                                    int keyIndex = 0
                                }
                            }
                        )
                        {
                            float physxCollision:contactOffset = 0.00001
                            float physxCollision:restOffset = 0
                            color3f[] primvars:displayColor = [(0.78, 0.22, 0.08)]
                            double size = 1
                            token visibility = "invisible"
                            float3 xformOp:scale = (0.0010725, 0.0002, 0.00724)
                            double3 xformOp:translate = (0.01849375, -0.0017000000000000001, -0.00362)
                            uniform token[] xformOpOrder = ["xformOp:translate", "xformOp:scale"]
                        }

                        def Cube "SideWall_1" (
                            prepend apiSchemas = ["PhysicsCollisionAPI"]
                            customData = {
                                dictionary j599 = {
                                    string collisionRole = "fixed_keyway_sidewall"
                                    int keyIndex = 0
                                }
                            }
                        )
                        {
                            float physxCollision:contactOffset = 0.00001
                            float physxCollision:restOffset = 0
                            color3f[] primvars:displayColor = [(0.78, 0.22, 0.08)]
                            double size = 1
                            token visibility = "invisible"
                            float3 xformOp:scale = (0.0010725, 0.0002, 0.00724)
                            double3 xformOp:translate = (0.01849375, 0.0017000000000000001, -0.00362)
                            uniform token[] xformOpOrder = ["xformOp:translate", "xformOp:scale"]
                        }
                    }

                    def Xform "Keyway_1_Minor1"
                    {
                        def Cube "SideWall_0" (
                            prepend apiSchemas = ["PhysicsCollisionAPI"]
                            customData = {
                                dictionary j599 = {
                                    string collisionRole = "fixed_keyway_sidewall"
                                    int keyIndex = 1
                                }
                            }
                        )
                        {
                            float physxCollision:contactOffset = 0.00001
                            float physxCollision:restOffset = 0
                            color3f[] primvars:displayColor = [(0.78, 0.22, 0.08)]
                            double size = 1
                            token visibility = "invisible"
                            float xformOp:rotateZ = 80
                            float3 xformOp:scale = (0.0010725, 0.0002, 0.00724)
                            double3 xformOp:translate = (0.004097732963438782, 0.018056505022369284, -0.00362)
                            uniform token[] xformOpOrder = ["xformOp:translate", "xformOp:rotateZ", "xformOp:scale"]
                        }

                        def Cube "SideWall_1" (
                            prepend apiSchemas = ["PhysicsCollisionAPI"]
                            customData = {
                                dictionary j599 = {
                                    string collisionRole = "fixed_keyway_sidewall"
                                    int keyIndex = 1
                                }
                            }
                        )
                        {
                            float physxCollision:contactOffset = 0.00001
                            float physxCollision:restOffset = 0
                            color3f[] primvars:displayColor = [(0.78, 0.22, 0.08)]
                            double size = 1
                            token visibility = "invisible"
                            float xformOp:rotateZ = 80
                            float3 xformOp:scale = (0.0010725, 0.0002, 0.00724)
                            double3 xformOp:translate = (0.0023250790080168067, 0.01836907174216976, -0.00362)
                            uniform token[] xformOpOrder = ["xformOp:translate", "xformOp:rotateZ", "xformOp:scale"]
                        }
                    }

                    def Xform "Keyway_2_Minor2"
                    {
                        def Cube "SideWall_0" (
                            prepend apiSchemas = ["PhysicsCollisionAPI"]
                            customData = {
                                dictionary j599 = {
                                    string collisionRole = "fixed_keyway_sidewall"
                                    int keyIndex = 2
                                }
                            }
                        )
                        {
                            float physxCollision:contactOffset = 0.00001
                            float physxCollision:restOffset = 0
                            color3f[] primvars:displayColor = [(0.78, 0.22, 0.08)]
                            double size = 1
                            token visibility = "invisible"
                            float xformOp:rotateZ = 142
                            float3 xformOp:scale = (0.0010725, 0.0002, 0.00724)
                            double3 xformOp:translate = (-0.01401917854672122, 0.012095099087549945, -0.00362)
                            uniform token[] xformOpOrder = ["xformOp:translate", "xformOp:rotateZ", "xformOp:scale"]
                        }

                        def Cube "SideWall_1" (
                            prepend apiSchemas = ["PhysicsCollisionAPI"]
                            customData = {
                                dictionary j599 = {
                                    string collisionRole = "fixed_keyway_sidewall"
                                    int keyIndex = 2
                                }
                            }
                        )
                        {
                            float physxCollision:contactOffset = 0.00001
                            float physxCollision:restOffset = 0
                            color3f[] primvars:displayColor = [(0.78, 0.22, 0.08)]
                            double size = 1
                            token visibility = "invisible"
                            float xformOp:rotateZ = 142
                            float3 xformOp:scale = (0.0010725, 0.0002, 0.00724)
                            double3 xformOp:translate = (-0.015127369202307405, 0.010676679731057844, -0.00362)
                            uniform token[] xformOpOrder = ["xformOp:translate", "xformOp:rotateZ", "xformOp:scale"]
                        }
                    }

                    def Xform "Keyway_3_Minor3"
                    {
                        def Cube "SideWall_0" (
                            prepend apiSchemas = ["PhysicsCollisionAPI"]
                            customData = {
                                dictionary j599 = {
                                    string collisionRole = "fixed_keyway_sidewall"
                                    int keyIndex = 3
                                }
                            }
                        )
                        {
                            float physxCollision:contactOffset = 0.00001
                            float physxCollision:restOffset = 0
                            color3f[] primvars:displayColor = [(0.78, 0.22, 0.08)]
                            double size = 1
                            token visibility = "invisible"
                            float xformOp:rotateZ = 196
                            float3 xformOp:scale = (0.0010725, 0.0002, 0.00724)
                            double3 xformOp:translate = (-0.018025407109494584, -0.004232432822796138, -0.00362)
                            uniform token[] xformOpOrder = ["xformOp:translate", "xformOp:rotateZ", "xformOp:scale"]
                        }

                        def Cube "SideWall_1" (
                            prepend apiSchemas = ["PhysicsCollisionAPI"]
                            customData = {
                                dictionary j599 = {
                                    string collisionRole = "fixed_keyway_sidewall"
                                    int keyIndex = 3
                                }
                            }
                        )
                        {
                            float physxCollision:contactOffset = 0.00001
                            float physxCollision:restOffset = 0
                            color3f[] primvars:displayColor = [(0.78, 0.22, 0.08)]
                            double size = 1
                            token visibility = "invisible"
                            float xformOp:rotateZ = 196
                            float3 xformOp:scale = (0.0010725, 0.0002, 0.00724)
                            double3 xformOp:translate = (-0.017529259869023987, -0.005962703875485113, -0.00362)
                            uniform token[] xformOpOrder = ["xformOp:translate", "xformOp:rotateZ", "xformOp:scale"]
                        }
                    }

                    def Xform "Keyway_4_Minor4"
                    {
                        def Cube "SideWall_0" (
                            prepend apiSchemas = ["PhysicsCollisionAPI"]
                            customData = {
                                dictionary j599 = {
                                    string collisionRole = "fixed_keyway_sidewall"
                                    int keyIndex = 4
                                }
                            }
                        )
                        {
                            float physxCollision:contactOffset = 0.00001
                            float physxCollision:restOffset = 0
                            color3f[] primvars:displayColor = [(0.78, 0.22, 0.08)]
                            double size = 1
                            token visibility = "invisible"
                            float xformOp:rotateZ = 293
                            float3 xformOp:scale = (0.0010725, 0.0002, 0.00724)
                            double3 xformOp:translate = (0.006397629439391305, -0.01737524464917642, -0.00362)
                            uniform token[] xformOpOrder = ["xformOp:translate", "xformOp:rotateZ", "xformOp:scale"]
                        }

                        def Cube "SideWall_1" (
                            prepend apiSchemas = ["PhysicsCollisionAPI"]
                            customData = {
                                dictionary j599 = {
                                    string collisionRole = "fixed_keyway_sidewall"
                                    int keyIndex = 4
                                }
                            }
                        )
                        {
                            float physxCollision:contactOffset = 0.00001
                            float physxCollision:restOffset = 0
                            color3f[] primvars:displayColor = [(0.78, 0.22, 0.08)]
                            double size = 1
                            token visibility = "invisible"
                            float xformOp:rotateZ = 293
                            float3 xformOp:scale = (0.0010725, 0.0002, 0.00724)
                            double3 xformOp:translate = (0.008054538175605698, -0.016671928617895723, -0.00362)
                            uniform token[] xformOpOrder = ["xformOp:translate", "xformOp:rotateZ", "xformOp:scale"]
                        }
                    }
                }

                def Xform "MetalStop"
                {
                    def Cube "Segment_000" (
                        prepend apiSchemas = ["PhysicsCollisionAPI"]
                        customData = {
                            dictionary j599 = {
                                string collisionRole = "fixed_metal_stop"
                            }
                        }
                    )
                    {
                        float physxCollision:contactOffset = 0.00001
                        float physxCollision:restOffset = 0
                        color3f[] primvars:displayColor = [(0.27, 0.3, 0.34)]
                        double size = 1
                        token visibility = "invisible"
                        float3 xformOp:scale = (0.0009, 0.0021577505, 0.0003)
                        double3 xformOp:translate = (0.01585, 0, -0.00015)
                        uniform token[] xformOpOrder = ["xformOp:translate", "xformOp:scale"]
                    }

                    def Cube "Segment_001" (
                        prepend apiSchemas = ["PhysicsCollisionAPI"]
                        customData = {
                            dictionary j599 = {
                                string collisionRole = "fixed_metal_stop"
                            }
                        }
                    )
                    {
                        float physxCollision:contactOffset = 0.00001
                        float physxCollision:restOffset = 0
                        color3f[] primvars:displayColor = [(0.27, 0.3, 0.34)]
                        double size = 1
                        token visibility = "invisible"
                        float xformOp:rotateZ = 7.5
                        float3 xformOp:scale = (0.0009, 0.0021577505, 0.0003)
                        double3 xformOp:translate = (0.015714401052774895, 0.0020688401466878175, -0.00015)
                        uniform token[] xformOpOrder = ["xformOp:translate", "xformOp:rotateZ", "xformOp:scale"]
                    }

                    def Cube "Segment_002" (
                        prepend apiSchemas = ["PhysicsCollisionAPI"]
                        customData = {
                            dictionary j599 = {
                                string collisionRole = "fixed_metal_stop"
                            }
                        }
                    )
                    {
                        float physxCollision:contactOffset = 0.00001
                        float physxCollision:restOffset = 0
                        color3f[] primvars:displayColor = [(0.27, 0.3, 0.34)]
                        double size = 1
                        token visibility = "invisible"
                        float xformOp:rotateZ = 15
                        float3 xformOp:scale = (0.0009, 0.0021577505, 0.0003)
                        double3 xformOp:translate = (0.015309924346681733, 0.004102281864874954, -0.00015)
                        uniform token[] xformOpOrder = ["xformOp:translate", "xformOp:rotateZ", "xformOp:scale"]
                    }

                    def Cube "Segment_003" (
                        prepend apiSchemas = ["PhysicsCollisionAPI"]
                        customData = {
                            dictionary j599 = {
                                string collisionRole = "fixed_metal_stop"
                            }
                        }
                    )
                    {
                        float physxCollision:contactOffset = 0.00001
                        float physxCollision:restOffset = 0
                        color3f[] primvars:displayColor = [(0.27, 0.3, 0.34)]
                        double size = 1
                        token visibility = "invisible"
                        float xformOp:rotateZ = 22.5
                        float3 xformOp:scale = (0.0009, 0.0021577505, 0.0003)
                        double3 xformOp:translate = (0.014643490590303895, 0.006065532402986673, -0.00015)
                        uniform token[] xformOpOrder = ["xformOp:translate", "xformOp:rotateZ", "xformOp:scale"]
                    }

                    def Cube "Segment_004" (
                        prepend apiSchemas = ["PhysicsCollisionAPI"]
                        customData = {
                            dictionary j599 = {
                                string collisionRole = "fixed_metal_stop"
                            }
                        }
                    )
                    {
                        float physxCollision:contactOffset = 0.00001
                        float physxCollision:restOffset = 0
                        color3f[] primvars:displayColor = [(0.27, 0.3, 0.34)]
                        double size = 1
                        token visibility = "invisible"
                        float xformOp:rotateZ = 30
                        float3 xformOp:scale = (0.0009, 0.0021577505, 0.0003)
                        double3 xformOp:translate = (0.013726502649983353, 0.007924999999999998, -0.00015)
                        uniform token[] xformOpOrder = ["xformOp:translate", "xformOp:rotateZ", "xformOp:scale"]
                    }

                    def Cube "Segment_005" (
                        prepend apiSchemas = ["PhysicsCollisionAPI"]
                        customData = {
                            dictionary j599 = {
                                string collisionRole = "fixed_metal_stop"
                            }
                        }
                    )
                    {
                        float physxCollision:contactOffset = 0.00001
                        float physxCollision:restOffset = 0
                        color3f[] primvars:displayColor = [(0.27, 0.3, 0.34)]
                        double size = 1
                        token visibility = "invisible"
                        float xformOp:rotateZ = 37.5
                        float3 xformOp:scale = (0.0009, 0.0021577505, 0.0003)
                        double3 xformOp:translate = (0.012574650443616078, 0.009648868649788223, -0.00015)
                        uniform token[] xformOpOrder = ["xformOp:translate", "xformOp:rotateZ", "xformOp:scale"]
                    }

                    def Cube "Segment_006" (
                        prepend apiSchemas = ["PhysicsCollisionAPI"]
                        customData = {
                            dictionary j599 = {
                                string collisionRole = "fixed_metal_stop"
                            }
                        }
                    )
                    {
                        float physxCollision:contactOffset = 0.00001
                        float physxCollision:restOffset = 0
                        color3f[] primvars:displayColor = [(0.27, 0.3, 0.34)]
                        double size = 1
                        token visibility = "invisible"
                        float xformOp:rotateZ = 45
                        float3 xformOp:scale = (0.0009, 0.0021577505, 0.0003)
                        double3 xformOp:translate = (0.011207642481806779, 0.011207642481806777, -0.00015)
                        uniform token[] xformOpOrder = ["xformOp:translate", "xformOp:rotateZ", "xformOp:scale"]
                    }

                    def Cube "Segment_007" (
                        prepend apiSchemas = ["PhysicsCollisionAPI"]
                        customData = {
                            dictionary j599 = {
                                string collisionRole = "fixed_metal_stop"
                            }
                        }
                    )
                    {
                        float physxCollision:contactOffset = 0.00001
                        float physxCollision:restOffset = 0
                        color3f[] primvars:displayColor = [(0.27, 0.3, 0.34)]
                        double size = 1
                        token visibility = "invisible"
                        float xformOp:rotateZ = 52.5
                        float3 xformOp:scale = (0.0009, 0.0021577505, 0.0003)
                        double3 xformOp:translate = (0.009648868649788223, 0.012574650443616078, -0.00015)
                        uniform token[] xformOpOrder = ["xformOp:translate", "xformOp:rotateZ", "xformOp:scale"]
                    }

                    def Cube "Segment_008" (
                        prepend apiSchemas = ["PhysicsCollisionAPI"]
                        customData = {
                            dictionary j599 = {
                                string collisionRole = "fixed_metal_stop"
                            }
                        }
                    )
                    {
                        float physxCollision:contactOffset = 0.00001
                        float physxCollision:restOffset = 0
                        color3f[] primvars:displayColor = [(0.27, 0.3, 0.34)]
                        double size = 1
                        token visibility = "invisible"
                        float xformOp:rotateZ = 60
                        float3 xformOp:scale = (0.0009, 0.0021577505, 0.0003)
                        double3 xformOp:translate = (0.007925000000000001, 0.013726502649983352, -0.00015)
                        uniform token[] xformOpOrder = ["xformOp:translate", "xformOp:rotateZ", "xformOp:scale"]
                    }

                    def Cube "Segment_009" (
                        prepend apiSchemas = ["PhysicsCollisionAPI"]
                        customData = {
                            dictionary j599 = {
                                string collisionRole = "fixed_metal_stop"
                            }
                        }
                    )
                    {
                        float physxCollision:contactOffset = 0.00001
                        float physxCollision:restOffset = 0
                        color3f[] primvars:displayColor = [(0.27, 0.3, 0.34)]
                        double size = 1
                        token visibility = "invisible"
                        float xformOp:rotateZ = 67.5
                        float3 xformOp:scale = (0.0009, 0.0021577505, 0.0003)
                        double3 xformOp:translate = (0.006065532402986674, 0.014643490590303895, -0.00015)
                        uniform token[] xformOpOrder = ["xformOp:translate", "xformOp:rotateZ", "xformOp:scale"]
                    }

                    def Cube "Segment_010" (
                        prepend apiSchemas = ["PhysicsCollisionAPI"]
                        customData = {
                            dictionary j599 = {
                                string collisionRole = "fixed_metal_stop"
                            }
                        }
                    )
                    {
                        float physxCollision:contactOffset = 0.00001
                        float physxCollision:restOffset = 0
                        color3f[] primvars:displayColor = [(0.27, 0.3, 0.34)]
                        double size = 1
                        token visibility = "invisible"
                        float xformOp:rotateZ = 75
                        float3 xformOp:scale = (0.0009, 0.0021577505, 0.0003)
                        double3 xformOp:translate = (0.004102281864874954, 0.015309924346681733, -0.00015)
                        uniform token[] xformOpOrder = ["xformOp:translate", "xformOp:rotateZ", "xformOp:scale"]
                    }

                    def Cube "Segment_011" (
                        prepend apiSchemas = ["PhysicsCollisionAPI"]
                        customData = {
                            dictionary j599 = {
                                string collisionRole = "fixed_metal_stop"
                            }
                        }
                    )
                    {
                        float physxCollision:contactOffset = 0.00001
                        float physxCollision:restOffset = 0
                        color3f[] primvars:displayColor = [(0.27, 0.3, 0.34)]
                        double size = 1
                        token visibility = "invisible"
                        float xformOp:rotateZ = 82.5
                        float3 xformOp:scale = (0.0009, 0.0021577505, 0.0003)
                        double3 xformOp:translate = (0.0020688401466878196, 0.015714401052774895, -0.00015)
                        uniform token[] xformOpOrder = ["xformOp:translate", "xformOp:rotateZ", "xformOp:scale"]
                    }

                    def Cube "Segment_012" (
                        prepend apiSchemas = ["PhysicsCollisionAPI"]
                        customData = {
                            dictionary j599 = {
                                string collisionRole = "fixed_metal_stop"
                            }
                        }
                    )
                    {
                        float physxCollision:contactOffset = 0.00001
                        float physxCollision:restOffset = 0
                        color3f[] primvars:displayColor = [(0.27, 0.3, 0.34)]
                        double size = 1
                        token visibility = "invisible"
                        float xformOp:rotateZ = 90
                        float3 xformOp:scale = (0.0009, 0.0021577505, 0.0003)
                        double3 xformOp:translate = (9.705325883242775e-19, 0.01585, -0.00015)
                        uniform token[] xformOpOrder = ["xformOp:translate", "xformOp:rotateZ", "xformOp:scale"]
                    }

                    def Cube "Segment_013" (
                        prepend apiSchemas = ["PhysicsCollisionAPI"]
                        customData = {
                            dictionary j599 = {
                                string collisionRole = "fixed_metal_stop"
                            }
                        }
                    )
                    {
                        float physxCollision:contactOffset = 0.00001
                        float physxCollision:restOffset = 0
                        color3f[] primvars:displayColor = [(0.27, 0.3, 0.34)]
                        double size = 1
                        token visibility = "invisible"
                        float xformOp:rotateZ = 97.5
                        float3 xformOp:scale = (0.0009, 0.0021577505, 0.0003)
                        double3 xformOp:translate = (-0.002068840146687818, 0.015714401052774895, -0.00015)
                        uniform token[] xformOpOrder = ["xformOp:translate", "xformOp:rotateZ", "xformOp:scale"]
                    }

                    def Cube "Segment_014" (
                        prepend apiSchemas = ["PhysicsCollisionAPI"]
                        customData = {
                            dictionary j599 = {
                                string collisionRole = "fixed_metal_stop"
                            }
                        }
                    )
                    {
                        float physxCollision:contactOffset = 0.00001
                        float physxCollision:restOffset = 0
                        color3f[] primvars:displayColor = [(0.27, 0.3, 0.34)]
                        double size = 1
                        token visibility = "invisible"
                        float xformOp:rotateZ = 105
                        float3 xformOp:scale = (0.0009, 0.0021577505, 0.0003)
                        double3 xformOp:translate = (-0.004102281864874956, 0.015309924346681733, -0.00015)
                        uniform token[] xformOpOrder = ["xformOp:translate", "xformOp:rotateZ", "xformOp:scale"]
                    }

                    def Cube "Segment_015" (
                        prepend apiSchemas = ["PhysicsCollisionAPI"]
                        customData = {
                            dictionary j599 = {
                                string collisionRole = "fixed_metal_stop"
                            }
                        }
                    )
                    {
                        float physxCollision:contactOffset = 0.00001
                        float physxCollision:restOffset = 0
                        color3f[] primvars:displayColor = [(0.27, 0.3, 0.34)]
                        double size = 1
                        token visibility = "invisible"
                        float xformOp:rotateZ = 112.5
                        float3 xformOp:scale = (0.0009, 0.0021577505, 0.0003)
                        double3 xformOp:translate = (-0.006065532402986672, 0.014643490590303895, -0.00015)
                        uniform token[] xformOpOrder = ["xformOp:translate", "xformOp:rotateZ", "xformOp:scale"]
                    }

                    def Cube "Segment_016" (
                        prepend apiSchemas = ["PhysicsCollisionAPI"]
                        customData = {
                            dictionary j599 = {
                                string collisionRole = "fixed_metal_stop"
                            }
                        }
                    )
                    {
                        float physxCollision:contactOffset = 0.00001
                        float physxCollision:restOffset = 0
                        color3f[] primvars:displayColor = [(0.27, 0.3, 0.34)]
                        double size = 1
                        token visibility = "invisible"
                        float xformOp:rotateZ = 120
                        float3 xformOp:scale = (0.0009, 0.0021577505, 0.0003)
                        double3 xformOp:translate = (-0.007924999999999996, 0.013726502649983353, -0.00015)
                        uniform token[] xformOpOrder = ["xformOp:translate", "xformOp:rotateZ", "xformOp:scale"]
                    }

                    def Cube "Segment_017" (
                        prepend apiSchemas = ["PhysicsCollisionAPI"]
                        customData = {
                            dictionary j599 = {
                                string collisionRole = "fixed_metal_stop"
                            }
                        }
                    )
                    {
                        float physxCollision:contactOffset = 0.00001
                        float physxCollision:restOffset = 0
                        color3f[] primvars:displayColor = [(0.27, 0.3, 0.34)]
                        double size = 1
                        token visibility = "invisible"
                        float xformOp:rotateZ = 127.5
                        float3 xformOp:scale = (0.0009, 0.0021577505, 0.0003)
                        double3 xformOp:translate = (-0.009648868649788223, 0.012574650443616078, -0.00015)
                        uniform token[] xformOpOrder = ["xformOp:translate", "xformOp:rotateZ", "xformOp:scale"]
                    }

                    def Cube "Segment_018" (
                        prepend apiSchemas = ["PhysicsCollisionAPI"]
                        customData = {
                            dictionary j599 = {
                                string collisionRole = "fixed_metal_stop"
                            }
                        }
                    )
                    {
                        float physxCollision:contactOffset = 0.00001
                        float physxCollision:restOffset = 0
                        color3f[] primvars:displayColor = [(0.27, 0.3, 0.34)]
                        double size = 1
                        token visibility = "invisible"
                        float xformOp:rotateZ = 135
                        float3 xformOp:scale = (0.0009, 0.0021577505, 0.0003)
                        double3 xformOp:translate = (-0.011207642481806777, 0.011207642481806779, -0.00015)
                        uniform token[] xformOpOrder = ["xformOp:translate", "xformOp:rotateZ", "xformOp:scale"]
                    }

                    def Cube "Segment_019" (
                        prepend apiSchemas = ["PhysicsCollisionAPI"]
                        customData = {
                            dictionary j599 = {
                                string collisionRole = "fixed_metal_stop"
                            }
                        }
                    )
                    {
                        float physxCollision:contactOffset = 0.00001
                        float physxCollision:restOffset = 0
                        color3f[] primvars:displayColor = [(0.27, 0.3, 0.34)]
                        double size = 1
                        token visibility = "invisible"
                        float xformOp:rotateZ = 142.5
                        float3 xformOp:scale = (0.0009, 0.0021577505, 0.0003)
                        double3 xformOp:translate = (-0.012574650443616076, 0.009648868649788226, -0.00015)
                        uniform token[] xformOpOrder = ["xformOp:translate", "xformOp:rotateZ", "xformOp:scale"]
                    }

                    def Cube "Segment_020" (
                        prepend apiSchemas = ["PhysicsCollisionAPI"]
                        customData = {
                            dictionary j599 = {
                                string collisionRole = "fixed_metal_stop"
                            }
                        }
                    )
                    {
                        float physxCollision:contactOffset = 0.00001
                        float physxCollision:restOffset = 0
                        color3f[] primvars:displayColor = [(0.27, 0.3, 0.34)]
                        double size = 1
                        token visibility = "invisible"
                        float xformOp:rotateZ = 150
                        float3 xformOp:scale = (0.0009, 0.0021577505, 0.0003)
                        double3 xformOp:translate = (-0.013726502649983353, 0.007924999999999998, -0.00015)
                        uniform token[] xformOpOrder = ["xformOp:translate", "xformOp:rotateZ", "xformOp:scale"]
                    }

                    def Cube "Segment_021" (
                        prepend apiSchemas = ["PhysicsCollisionAPI"]
                        customData = {
                            dictionary j599 = {
                                string collisionRole = "fixed_metal_stop"
                            }
                        }
                    )
                    {
                        float physxCollision:contactOffset = 0.00001
                        float physxCollision:restOffset = 0
                        color3f[] primvars:displayColor = [(0.27, 0.3, 0.34)]
                        double size = 1
                        token visibility = "invisible"
                        float xformOp:rotateZ = 157.5
                        float3 xformOp:scale = (0.0009, 0.0021577505, 0.0003)
                        double3 xformOp:translate = (-0.014643490590303895, 0.006065532402986675, -0.00015)
                        uniform token[] xformOpOrder = ["xformOp:translate", "xformOp:rotateZ", "xformOp:scale"]
                    }

                    def Cube "Segment_022" (
                        prepend apiSchemas = ["PhysicsCollisionAPI"]
                        customData = {
                            dictionary j599 = {
                                string collisionRole = "fixed_metal_stop"
                            }
                        }
                    )
                    {
                        float physxCollision:contactOffset = 0.00001
                        float physxCollision:restOffset = 0
                        color3f[] primvars:displayColor = [(0.27, 0.3, 0.34)]
                        double size = 1
                        token visibility = "invisible"
                        float xformOp:rotateZ = 165
                        float3 xformOp:scale = (0.0009, 0.0021577505, 0.0003)
                        double3 xformOp:translate = (-0.015309924346681731, 0.004102281864874958, -0.00015)
                        uniform token[] xformOpOrder = ["xformOp:translate", "xformOp:rotateZ", "xformOp:scale"]
                    }

                    def Cube "Segment_023" (
                        prepend apiSchemas = ["PhysicsCollisionAPI"]
                        customData = {
                            dictionary j599 = {
                                string collisionRole = "fixed_metal_stop"
                            }
                        }
                    )
                    {
                        float physxCollision:contactOffset = 0.00001
                        float physxCollision:restOffset = 0
                        color3f[] primvars:displayColor = [(0.27, 0.3, 0.34)]
                        double size = 1
                        token visibility = "invisible"
                        float xformOp:rotateZ = 172.5
                        float3 xformOp:scale = (0.0009, 0.0021577505, 0.0003)
                        double3 xformOp:translate = (-0.015714401052774895, 0.0020688401466878175, -0.00015)
                        uniform token[] xformOpOrder = ["xformOp:translate", "xformOp:rotateZ", "xformOp:scale"]
                    }

                    def Cube "Segment_024" (
                        prepend apiSchemas = ["PhysicsCollisionAPI"]
                        customData = {
                            dictionary j599 = {
                                string collisionRole = "fixed_metal_stop"
                            }
                        }
                    )
                    {
                        float physxCollision:contactOffset = 0.00001
                        float physxCollision:restOffset = 0
                        color3f[] primvars:displayColor = [(0.27, 0.3, 0.34)]
                        double size = 1
                        token visibility = "invisible"
                        float xformOp:rotateZ = 180
                        float3 xformOp:scale = (0.0009, 0.0021577505, 0.0003)
                        double3 xformOp:translate = (-0.01585, 1.941065176648555e-18, -0.00015)
                        uniform token[] xformOpOrder = ["xformOp:translate", "xformOp:rotateZ", "xformOp:scale"]
                    }

                    def Cube "Segment_025" (
                        prepend apiSchemas = ["PhysicsCollisionAPI"]
                        customData = {
                            dictionary j599 = {
                                string collisionRole = "fixed_metal_stop"
                            }
                        }
                    )
                    {
                        float physxCollision:contactOffset = 0.00001
                        float physxCollision:restOffset = 0
                        color3f[] primvars:displayColor = [(0.27, 0.3, 0.34)]
                        double size = 1
                        token visibility = "invisible"
                        float xformOp:rotateZ = 187.5
                        float3 xformOp:scale = (0.0009, 0.0021577505, 0.0003)
                        double3 xformOp:translate = (-0.015714401052774895, -0.0020688401466878135, -0.00015)
                        uniform token[] xformOpOrder = ["xformOp:translate", "xformOp:rotateZ", "xformOp:scale"]
                    }

                    def Cube "Segment_026" (
                        prepend apiSchemas = ["PhysicsCollisionAPI"]
                        customData = {
                            dictionary j599 = {
                                string collisionRole = "fixed_metal_stop"
                            }
                        }
                    )
                    {
                        float physxCollision:contactOffset = 0.00001
                        float physxCollision:restOffset = 0
                        color3f[] primvars:displayColor = [(0.27, 0.3, 0.34)]
                        double size = 1
                        token visibility = "invisible"
                        float xformOp:rotateZ = 195
                        float3 xformOp:scale = (0.0009, 0.0021577505, 0.0003)
                        double3 xformOp:translate = (-0.015309924346681733, -0.004102281864874955, -0.00015)
                        uniform token[] xformOpOrder = ["xformOp:translate", "xformOp:rotateZ", "xformOp:scale"]
                    }

                    def Cube "Segment_027" (
                        prepend apiSchemas = ["PhysicsCollisionAPI"]
                        customData = {
                            dictionary j599 = {
                                string collisionRole = "fixed_metal_stop"
                            }
                        }
                    )
                    {
                        float physxCollision:contactOffset = 0.00001
                        float physxCollision:restOffset = 0
                        color3f[] primvars:displayColor = [(0.27, 0.3, 0.34)]
                        double size = 1
                        token visibility = "invisible"
                        float xformOp:rotateZ = 202.5
                        float3 xformOp:scale = (0.0009, 0.0021577505, 0.0003)
                        double3 xformOp:translate = (-0.014643490590303896, -0.006065532402986671, -0.00015)
                        uniform token[] xformOpOrder = ["xformOp:translate", "xformOp:rotateZ", "xformOp:scale"]
                    }

                    def Cube "Segment_028" (
                        prepend apiSchemas = ["PhysicsCollisionAPI"]
                        customData = {
                            dictionary j599 = {
                                string collisionRole = "fixed_metal_stop"
                            }
                        }
                    )
                    {
                        float physxCollision:contactOffset = 0.00001
                        float physxCollision:restOffset = 0
                        color3f[] primvars:displayColor = [(0.27, 0.3, 0.34)]
                        double size = 1
                        token visibility = "invisible"
                        float xformOp:rotateZ = 210
                        float3 xformOp:scale = (0.0009, 0.0021577505, 0.0003)
                        double3 xformOp:translate = (-0.013726502649983352, -0.007925000000000001, -0.00015)
                        uniform token[] xformOpOrder = ["xformOp:translate", "xformOp:rotateZ", "xformOp:scale"]
                    }

                    def Cube "Segment_029" (
                        prepend apiSchemas = ["PhysicsCollisionAPI"]
                        customData = {
                            dictionary j599 = {
                                string collisionRole = "fixed_metal_stop"
                            }
                        }
                    )
                    {
                        float physxCollision:contactOffset = 0.00001
                        float physxCollision:restOffset = 0
                        color3f[] primvars:displayColor = [(0.27, 0.3, 0.34)]
                        double size = 1
                        token visibility = "invisible"
                        float xformOp:rotateZ = 217.5
                        float3 xformOp:scale = (0.0009, 0.0021577505, 0.0003)
                        double3 xformOp:translate = (-0.012574650443616078, -0.009648868649788223, -0.00015)
                        uniform token[] xformOpOrder = ["xformOp:translate", "xformOp:rotateZ", "xformOp:scale"]
                    }

                    def Cube "Segment_030" (
                        prepend apiSchemas = ["PhysicsCollisionAPI"]
                        customData = {
                            dictionary j599 = {
                                string collisionRole = "fixed_metal_stop"
                            }
                        }
                    )
                    {
                        float physxCollision:contactOffset = 0.00001
                        float physxCollision:restOffset = 0
                        color3f[] primvars:displayColor = [(0.27, 0.3, 0.34)]
                        double size = 1
                        token visibility = "invisible"
                        float xformOp:rotateZ = 225
                        float3 xformOp:scale = (0.0009, 0.0021577505, 0.0003)
                        double3 xformOp:translate = (-0.01120764248180678, -0.011207642481806777, -0.00015)
                        uniform token[] xformOpOrder = ["xformOp:translate", "xformOp:rotateZ", "xformOp:scale"]
                    }

                    def Cube "Segment_031" (
                        prepend apiSchemas = ["PhysicsCollisionAPI"]
                        customData = {
                            dictionary j599 = {
                                string collisionRole = "fixed_metal_stop"
                            }
                        }
                    )
                    {
                        float physxCollision:contactOffset = 0.00001
                        float physxCollision:restOffset = 0
                        color3f[] primvars:displayColor = [(0.27, 0.3, 0.34)]
                        double size = 1
                        token visibility = "invisible"
                        float xformOp:rotateZ = 232.5
                        float3 xformOp:scale = (0.0009, 0.0021577505, 0.0003)
                        double3 xformOp:translate = (-0.009648868649788226, -0.012574650443616074, -0.00015)
                        uniform token[] xformOpOrder = ["xformOp:translate", "xformOp:rotateZ", "xformOp:scale"]
                    }

                    def Cube "Segment_032" (
                        prepend apiSchemas = ["PhysicsCollisionAPI"]
                        customData = {
                            dictionary j599 = {
                                string collisionRole = "fixed_metal_stop"
                            }
                        }
                    )
                    {
                        float physxCollision:contactOffset = 0.00001
                        float physxCollision:restOffset = 0
                        color3f[] primvars:displayColor = [(0.27, 0.3, 0.34)]
                        double size = 1
                        token visibility = "invisible"
                        float xformOp:rotateZ = 240
                        float3 xformOp:scale = (0.0009, 0.0021577505, 0.0003)
                        double3 xformOp:translate = (-0.007925000000000007, -0.013726502649983348, -0.00015)
                        uniform token[] xformOpOrder = ["xformOp:translate", "xformOp:rotateZ", "xformOp:scale"]
                    }

                    def Cube "Segment_033" (
                        prepend apiSchemas = ["PhysicsCollisionAPI"]
                        customData = {
                            dictionary j599 = {
                                string collisionRole = "fixed_metal_stop"
                            }
                        }
                    )
                    {
                        float physxCollision:contactOffset = 0.00001
                        float physxCollision:restOffset = 0
                        color3f[] primvars:displayColor = [(0.27, 0.3, 0.34)]
                        double size = 1
                        token visibility = "invisible"
                        float xformOp:rotateZ = 247.5
                        float3 xformOp:scale = (0.0009, 0.0021577505, 0.0003)
                        double3 xformOp:translate = (-0.0060655324029866686, -0.014643490590303896, -0.00015)
                        uniform token[] xformOpOrder = ["xformOp:translate", "xformOp:rotateZ", "xformOp:scale"]
                    }

                    def Cube "Segment_034" (
                        prepend apiSchemas = ["PhysicsCollisionAPI"]
                        customData = {
                            dictionary j599 = {
                                string collisionRole = "fixed_metal_stop"
                            }
                        }
                    )
                    {
                        float physxCollision:contactOffset = 0.00001
                        float physxCollision:restOffset = 0
                        color3f[] primvars:displayColor = [(0.27, 0.3, 0.34)]
                        double size = 1
                        token visibility = "invisible"
                        float xformOp:rotateZ = 255
                        float3 xformOp:scale = (0.0009, 0.0021577505, 0.0003)
                        double3 xformOp:translate = (-0.004102281864874952, -0.015309924346681733, -0.00015)
                        uniform token[] xformOpOrder = ["xformOp:translate", "xformOp:rotateZ", "xformOp:scale"]
                    }

                    def Cube "Segment_035" (
                        prepend apiSchemas = ["PhysicsCollisionAPI"]
                        customData = {
                            dictionary j599 = {
                                string collisionRole = "fixed_metal_stop"
                            }
                        }
                    )
                    {
                        float physxCollision:contactOffset = 0.00001
                        float physxCollision:restOffset = 0
                        color3f[] primvars:displayColor = [(0.27, 0.3, 0.34)]
                        double size = 1
                        token visibility = "invisible"
                        float xformOp:rotateZ = 262.5
                        float3 xformOp:scale = (0.0009, 0.0021577505, 0.0003)
                        double3 xformOp:translate = (-0.0020688401466878183, -0.015714401052774895, -0.00015)
                        uniform token[] xformOpOrder = ["xformOp:translate", "xformOp:rotateZ", "xformOp:scale"]
                    }

                    def Cube "Segment_036" (
                        prepend apiSchemas = ["PhysicsCollisionAPI"]
                        customData = {
                            dictionary j599 = {
                                string collisionRole = "fixed_metal_stop"
                            }
                        }
                    )
                    {
                        float physxCollision:contactOffset = 0.00001
                        float physxCollision:restOffset = 0
                        color3f[] primvars:displayColor = [(0.27, 0.3, 0.34)]
                        double size = 1
                        token visibility = "invisible"
                        float xformOp:rotateZ = 270
                        float3 xformOp:scale = (0.0009, 0.0021577505, 0.0003)
                        double3 xformOp:translate = (-2.911597764972832e-18, -0.01585, -0.00015)
                        uniform token[] xformOpOrder = ["xformOp:translate", "xformOp:rotateZ", "xformOp:scale"]
                    }

                    def Cube "Segment_037" (
                        prepend apiSchemas = ["PhysicsCollisionAPI"]
                        customData = {
                            dictionary j599 = {
                                string collisionRole = "fixed_metal_stop"
                            }
                        }
                    )
                    {
                        float physxCollision:contactOffset = 0.00001
                        float physxCollision:restOffset = 0
                        color3f[] primvars:displayColor = [(0.27, 0.3, 0.34)]
                        double size = 1
                        token visibility = "invisible"
                        float xformOp:rotateZ = 277.5
                        float3 xformOp:scale = (0.0009, 0.0021577505, 0.0003)
                        double3 xformOp:translate = (0.0020688401466878127, -0.015714401052774895, -0.00015)
                        uniform token[] xformOpOrder = ["xformOp:translate", "xformOp:rotateZ", "xformOp:scale"]
                    }

                    def Cube "Segment_038" (
                        prepend apiSchemas = ["PhysicsCollisionAPI"]
                        customData = {
                            dictionary j599 = {
                                string collisionRole = "fixed_metal_stop"
                            }
                        }
                    )
                    {
                        float physxCollision:contactOffset = 0.00001
                        float physxCollision:restOffset = 0
                        color3f[] primvars:displayColor = [(0.27, 0.3, 0.34)]
                        double size = 1
                        token visibility = "invisible"
                        float xformOp:rotateZ = 285
                        float3 xformOp:scale = (0.0009, 0.0021577505, 0.0003)
                        double3 xformOp:translate = (0.004102281864874946, -0.015309924346681734, -0.00015)
                        uniform token[] xformOpOrder = ["xformOp:translate", "xformOp:rotateZ", "xformOp:scale"]
                    }

                    def Cube "Segment_039" (
                        prepend apiSchemas = ["PhysicsCollisionAPI"]
                        customData = {
                            dictionary j599 = {
                                string collisionRole = "fixed_metal_stop"
                            }
                        }
                    )
                    {
                        float physxCollision:contactOffset = 0.00001
                        float physxCollision:restOffset = 0
                        color3f[] primvars:displayColor = [(0.27, 0.3, 0.34)]
                        double size = 1
                        token visibility = "invisible"
                        float xformOp:rotateZ = 292.5
                        float3 xformOp:scale = (0.0009, 0.0021577505, 0.0003)
                        double3 xformOp:translate = (0.006065532402986676, -0.014643490590303893, -0.00015)
                        uniform token[] xformOpOrder = ["xformOp:translate", "xformOp:rotateZ", "xformOp:scale"]
                    }

                    def Cube "Segment_040" (
                        prepend apiSchemas = ["PhysicsCollisionAPI"]
                        customData = {
                            dictionary j599 = {
                                string collisionRole = "fixed_metal_stop"
                            }
                        }
                    )
                    {
                        float physxCollision:contactOffset = 0.00001
                        float physxCollision:restOffset = 0
                        color3f[] primvars:displayColor = [(0.27, 0.3, 0.34)]
                        double size = 1
                        token visibility = "invisible"
                        float xformOp:rotateZ = 300
                        float3 xformOp:scale = (0.0009, 0.0021577505, 0.0003)
                        double3 xformOp:translate = (0.007925000000000001, -0.013726502649983352, -0.00015)
                        uniform token[] xformOpOrder = ["xformOp:translate", "xformOp:rotateZ", "xformOp:scale"]
                    }

                    def Cube "Segment_041" (
                        prepend apiSchemas = ["PhysicsCollisionAPI"]
                        customData = {
                            dictionary j599 = {
                                string collisionRole = "fixed_metal_stop"
                            }
                        }
                    )
                    {
                        float physxCollision:contactOffset = 0.00001
                        float physxCollision:restOffset = 0
                        color3f[] primvars:displayColor = [(0.27, 0.3, 0.34)]
                        double size = 1
                        token visibility = "invisible"
                        float xformOp:rotateZ = 307.5
                        float3 xformOp:scale = (0.0009, 0.0021577505, 0.0003)
                        double3 xformOp:translate = (0.009648868649788221, -0.012574650443616078, -0.00015)
                        uniform token[] xformOpOrder = ["xformOp:translate", "xformOp:rotateZ", "xformOp:scale"]
                    }

                    def Cube "Segment_042" (
                        prepend apiSchemas = ["PhysicsCollisionAPI"]
                        customData = {
                            dictionary j599 = {
                                string collisionRole = "fixed_metal_stop"
                            }
                        }
                    )
                    {
                        float physxCollision:contactOffset = 0.00001
                        float physxCollision:restOffset = 0
                        color3f[] primvars:displayColor = [(0.27, 0.3, 0.34)]
                        double size = 1
                        token visibility = "invisible"
                        float xformOp:rotateZ = 315
                        float3 xformOp:scale = (0.0009, 0.0021577505, 0.0003)
                        double3 xformOp:translate = (0.011207642481806775, -0.01120764248180678, -0.00015)
                        uniform token[] xformOpOrder = ["xformOp:translate", "xformOp:rotateZ", "xformOp:scale"]
                    }

                    def Cube "Segment_043" (
                        prepend apiSchemas = ["PhysicsCollisionAPI"]
                        customData = {
                            dictionary j599 = {
                                string collisionRole = "fixed_metal_stop"
                            }
                        }
                    )
                    {
                        float physxCollision:contactOffset = 0.00001
                        float physxCollision:restOffset = 0
                        color3f[] primvars:displayColor = [(0.27, 0.3, 0.34)]
                        double size = 1
                        token visibility = "invisible"
                        float xformOp:rotateZ = 322.5
                        float3 xformOp:scale = (0.0009, 0.0021577505, 0.0003)
                        double3 xformOp:translate = (0.012574650443616074, -0.009648868649788226, -0.00015)
                        uniform token[] xformOpOrder = ["xformOp:translate", "xformOp:rotateZ", "xformOp:scale"]
                    }

                    def Cube "Segment_044" (
                        prepend apiSchemas = ["PhysicsCollisionAPI"]
                        customData = {
                            dictionary j599 = {
                                string collisionRole = "fixed_metal_stop"
                            }
                        }
                    )
                    {
                        float physxCollision:contactOffset = 0.00001
                        float physxCollision:restOffset = 0
                        color3f[] primvars:displayColor = [(0.27, 0.3, 0.34)]
                        double size = 1
                        token visibility = "invisible"
                        float xformOp:rotateZ = 330
                        float3 xformOp:scale = (0.0009, 0.0021577505, 0.0003)
                        double3 xformOp:translate = (0.013726502649983348, -0.007925000000000007, -0.00015)
                        uniform token[] xformOpOrder = ["xformOp:translate", "xformOp:rotateZ", "xformOp:scale"]
                    }

                    def Cube "Segment_045" (
                        prepend apiSchemas = ["PhysicsCollisionAPI"]
                        customData = {
                            dictionary j599 = {
                                string collisionRole = "fixed_metal_stop"
                            }
                        }
                    )
                    {
                        float physxCollision:contactOffset = 0.00001
                        float physxCollision:restOffset = 0
                        color3f[] primvars:displayColor = [(0.27, 0.3, 0.34)]
                        double size = 1
                        token visibility = "invisible"
                        float xformOp:rotateZ = 337.5
                        float3 xformOp:scale = (0.0009, 0.0021577505, 0.0003)
                        double3 xformOp:translate = (0.014643490590303896, -0.006065532402986669, -0.00015)
                        uniform token[] xformOpOrder = ["xformOp:translate", "xformOp:rotateZ", "xformOp:scale"]
                    }

                    def Cube "Segment_046" (
                        prepend apiSchemas = ["PhysicsCollisionAPI"]
                        customData = {
                            dictionary j599 = {
                                string collisionRole = "fixed_metal_stop"
                            }
                        }
                    )
                    {
                        float physxCollision:contactOffset = 0.00001
                        float physxCollision:restOffset = 0
                        color3f[] primvars:displayColor = [(0.27, 0.3, 0.34)]
                        double size = 1
                        token visibility = "invisible"
                        float xformOp:rotateZ = 345
                        float3 xformOp:scale = (0.0009, 0.0021577505, 0.0003)
                        double3 xformOp:translate = (0.015309924346681733, -0.004102281864874953, -0.00015)
                        uniform token[] xformOpOrder = ["xformOp:translate", "xformOp:rotateZ", "xformOp:scale"]
                    }

                    def Cube "Segment_047" (
                        prepend apiSchemas = ["PhysicsCollisionAPI"]
                        customData = {
                            dictionary j599 = {
                                string collisionRole = "fixed_metal_stop"
                            }
                        }
                    )
                    {
                        float physxCollision:contactOffset = 0.00001
                        float physxCollision:restOffset = 0
                        color3f[] primvars:displayColor = [(0.27, 0.3, 0.34)]
                        double size = 1
                        token visibility = "invisible"
                        float xformOp:rotateZ = 352.5
                        float3 xformOp:scale = (0.0009, 0.0021577505, 0.0003)
                        double3 xformOp:translate = (0.015714401052774895, -0.002068840146687819, -0.00015)
                        uniform token[] xformOpOrder = ["xformOp:translate", "xformOp:rotateZ", "xformOp:scale"]
                    }
                }
            }
        }

        def Xform "LoosePlug_J599_26FJ35PN"
        {
            def Xform "Body" (
                prepend apiSchemas = ["PhysicsRigidBodyAPI", "PhysicsMassAPI"]
                customData = {
                    dictionary j599 = {
                        string partNumber = "J599/26FJ35PN"
                        string role = "loose_pin_plug_body"
                    }
                }
            )
            {
                point3f physics:centerOfMass = (0, 0, 0.011)
                float3 physics:diagonalInertia = (0.0000082, 0.0000082, 0.0000081)
                float physics:mass = 0.0504
                quatf physics:principalAxes = (1, 0, 0, 0)
                double3 xformOp:translate = (0, 0, 0.008)
                uniform token[] xformOpOrder = ["xformOp:translate"]

                def "Visual"
                {
                    def Cylinder "PinInsertFace"
                    {
                        uniform token axis = "Z"
                        double height = 0.00055
                        color3f[] primvars:displayColor = [(0.12, 0.16, 0.17)]
                        double radius = 0.0165
                        double3 xformOp:translate = (0, 0, 0.00032)
                        uniform token[] xformOpOrder = ["xformOp:translate"]
                    }

                    def Xform "MatingShell"
                    {
                        def Cube "Segment_000"
                        {
                            color3f[] primvars:displayColor = [(0.49, 0.53, 0.58)]
                            double size = 1
                            float3 xformOp:scale = (0.001145, 0.0015676024, 0.00724)
                            double3 xformOp:translate = (0.0172725, 0, -0.00362)
                            uniform token[] xformOpOrder = ["xformOp:translate", "xformOp:scale"]
                        }

                        def Cube "Segment_001"
                        {
                            color3f[] primvars:displayColor = [(0.49, 0.53, 0.58)]
                            double size = 1
                            float xformOp:rotateZ = 5
                            float3 xformOp:scale = (0.001145, 0.0015676024, 0.00724)
                            double3 xformOp:translate = (0.017206772922789673, 0.0015053975666089257, -0.00362)
                            uniform token[] xformOpOrder = ["xformOp:translate", "xformOp:rotateZ", "xformOp:scale"]
                        }

                        def Cube "Segment_002"
                        {
                            color3f[] primvars:displayColor = [(0.49, 0.53, 0.58)]
                            double size = 1
                            float xformOp:rotateZ = 10
                            float3 xformOp:scale = (0.001145, 0.0015676024, 0.00724)
                            double3 xformOp:translate = (0.017010091913903364, 0.002999338148752054, -0.00362)
                            uniform token[] xformOpOrder = ["xformOp:translate", "xformOp:rotateZ", "xformOp:scale"]
                        }

                        def Cube "Segment_003"
                        {
                            color3f[] primvars:displayColor = [(0.49, 0.53, 0.58)]
                            double size = 1
                            float xformOp:rotateZ = 15
                            float3 xformOp:scale = (0.001145, 0.0015676024, 0.00724)
                            double3 xformOp:translate = (0.016683953834577932, 0.0044704519565332895, -0.00362)
                            uniform token[] xformOpOrder = ["xformOp:translate", "xformOp:rotateZ", "xformOp:scale"]
                        }

                        def Cube "Segment_004"
                        {
                            color3f[] primvars:displayColor = [(0.49, 0.53, 0.58)]
                            double size = 1
                            float xformOp:rotateZ = 20
                            float3 xformOp:scale = (0.001145, 0.0015676024, 0.00724)
                            double3 xformOp:translate = (0.0162308407925246, 0.005907542925592613, -0.00362)
                            uniform token[] xformOpOrder = ["xformOp:translate", "xformOp:rotateZ", "xformOp:scale"]
                        }

                        def Cube "Segment_005"
                        {
                            color3f[] primvars:displayColor = [(0.49, 0.53, 0.58)]
                            double size = 1
                            float xformOp:rotateZ = 25
                            float3 xformOp:scale = (0.001145, 0.0015676024, 0.00724)
                            double3 xformOp:translate = (0.015654201251590536, 0.007299673925916231, -0.00362)
                            uniform token[] xformOpOrder = ["xformOp:translate", "xformOp:rotateZ", "xformOp:scale"]
                        }

                        def Cube "Segment_006"
                        {
                            color3f[] primvars:displayColor = [(0.49, 0.53, 0.58)]
                            double size = 1
                            float xformOp:rotateZ = 30
                            float3 xformOp:scale = (0.001145, 0.0015676024, 0.00724)
                            double3 xformOp:translate = (0.014958423786866718, 0.008636249999999998, -0.00362)
                            uniform token[] xformOpOrder = ["xformOp:translate", "xformOp:rotateZ", "xformOp:scale"]
                        }

                        def Cube "Segment_007"
                        {
                            color3f[] primvars:displayColor = [(0.49, 0.53, 0.58)]
                            double size = 1
                            float xformOp:rotateZ = 35
                            float3 xformOp:scale = (0.001145, 0.0015676024, 0.00724)
                            double3 xformOp:translate = (0.014148803684981611, 0.009907098996873443, -0.00362)
                            uniform token[] xformOpOrder = ["xformOp:translate", "xformOp:rotateZ", "xformOp:scale"]
                        }

                        def Cube "Segment_008"
                        {
                            color3f[] primvars:displayColor = [(0.49, 0.53, 0.58)]
                            double size = 1
                            float xformOp:rotateZ = 40
                            float3 xformOp:scale = (0.001145, 0.0015676024, 0.00724)
                            double3 xformOp:translate = (0.013231502643772548, 0.01110254898831075, -0.00362)
                            uniform token[] xformOpOrder = ["xformOp:translate", "xformOp:rotateZ", "xformOp:scale"]
                        }

                        def Cube "Segment_009"
                        {
                            color3f[] primvars:displayColor = [(0.49, 0.53, 0.58)]
                            double size = 1
                            float xformOp:rotateZ = 45
                            float3 xformOp:scale = (0.001145, 0.0015676024, 0.00724)
                            double3 xformOp:translate = (0.012213501878044642, 0.01221350187804464, -0.00362)
                            uniform token[] xformOpOrder = ["xformOp:translate", "xformOp:rotateZ", "xformOp:scale"]
                        }

                        def Cube "Segment_010"
                        {
                            color3f[] primvars:displayColor = [(0.49, 0.53, 0.58)]
                            double size = 1
                            float xformOp:rotateZ = 50
                            float3 xformOp:scale = (0.001145, 0.0015676024, 0.00724)
                            double3 xformOp:translate = (0.011102548988310751, 0.013231502643772548, -0.00362)
                            uniform token[] xformOpOrder = ["xformOp:translate", "xformOp:rotateZ", "xformOp:scale"]
                        }

                        def Cube "Segment_011"
                        {
                            color3f[] primvars:displayColor = [(0.49, 0.53, 0.58)]
                            double size = 1
                            float xformOp:rotateZ = 55
                            float3 xformOp:scale = (0.001145, 0.0015676024, 0.00724)
                            double3 xformOp:translate = (0.009907098996873445, 0.014148803684981611, -0.00362)
                            uniform token[] xformOpOrder = ["xformOp:translate", "xformOp:rotateZ", "xformOp:scale"]
                        }

                        def Cube "Segment_012"
                        {
                            color3f[] primvars:displayColor = [(0.49, 0.53, 0.58)]
                            double size = 1
                            float xformOp:rotateZ = 60
                            float3 xformOp:scale = (0.001145, 0.0015676024, 0.00724)
                            double3 xformOp:translate = (0.008636250000000002, 0.014958423786866716, -0.00362)
                            uniform token[] xformOpOrder = ["xformOp:translate", "xformOp:rotateZ", "xformOp:scale"]
                        }

                        def Cube "Segment_013"
                        {
                            color3f[] primvars:displayColor = [(0.49, 0.53, 0.58)]
                            double size = 1
                            float xformOp:rotateZ = 65
                            float3 xformOp:scale = (0.001145, 0.0015676024, 0.00724)
                            double3 xformOp:translate = (0.007299673925916231, 0.015654201251590536, -0.00362)
                            uniform token[] xformOpOrder = ["xformOp:translate", "xformOp:rotateZ", "xformOp:scale"]
                        }

                        def Cube "Segment_014"
                        {
                            color3f[] primvars:displayColor = [(0.49, 0.53, 0.58)]
                            double size = 1
                            float xformOp:rotateZ = 70
                            float3 xformOp:scale = (0.001145, 0.0015676024, 0.00724)
                            double3 xformOp:translate = (0.005907542925592615, 0.0162308407925246, -0.00362)
                            uniform token[] xformOpOrder = ["xformOp:translate", "xformOp:rotateZ", "xformOp:scale"]
                        }

                        def Cube "Segment_015"
                        {
                            color3f[] primvars:displayColor = [(0.49, 0.53, 0.58)]
                            double size = 1
                            float xformOp:rotateZ = 75
                            float3 xformOp:scale = (0.001145, 0.0015676024, 0.00724)
                            double3 xformOp:translate = (0.0044704519565332895, 0.016683953834577932, -0.00362)
                            uniform token[] xformOpOrder = ["xformOp:translate", "xformOp:rotateZ", "xformOp:scale"]
                        }

                        def Cube "Segment_016"
                        {
                            color3f[] primvars:displayColor = [(0.49, 0.53, 0.58)]
                            double size = 1
                            float xformOp:rotateZ = 80
                            float3 xformOp:scale = (0.001145, 0.0015676024, 0.00724)
                            double3 xformOp:translate = (0.0029993381487520556, 0.017010091913903364, -0.00362)
                            uniform token[] xformOpOrder = ["xformOp:translate", "xformOp:rotateZ", "xformOp:scale"]
                        }

                        def Cube "Segment_017"
                        {
                            color3f[] primvars:displayColor = [(0.49, 0.53, 0.58)]
                            double size = 1
                            float xformOp:rotateZ = 85
                            float3 xformOp:scale = (0.001145, 0.0015676024, 0.00724)
                            double3 xformOp:translate = (0.0015053975666089253, 0.017206772922789673, -0.00362)
                            uniform token[] xformOpOrder = ["xformOp:translate", "xformOp:rotateZ", "xformOp:scale"]
                        }

                        def Cube "Segment_018"
                        {
                            color3f[] primvars:displayColor = [(0.49, 0.53, 0.58)]
                            double size = 1
                            float xformOp:rotateZ = 90
                            float3 xformOp:scale = (0.001145, 0.0015676024, 0.00724)
                            double3 xformOp:translate = (1.0576355919136329e-18, 0.0172725, -0.00362)
                            uniform token[] xformOpOrder = ["xformOp:translate", "xformOp:rotateZ", "xformOp:scale"]
                        }

                        def Cube "Segment_019"
                        {
                            color3f[] primvars:displayColor = [(0.49, 0.53, 0.58)]
                            double size = 1
                            float xformOp:rotateZ = 95
                            float3 xformOp:scale = (0.001145, 0.0015676024, 0.00724)
                            double3 xformOp:translate = (-0.0015053975666089268, 0.017206772922789673, -0.00362)
                            uniform token[] xformOpOrder = ["xformOp:translate", "xformOp:rotateZ", "xformOp:scale"]
                        }

                        def Cube "Segment_020"
                        {
                            color3f[] primvars:displayColor = [(0.49, 0.53, 0.58)]
                            double size = 1
                            float xformOp:rotateZ = 100
                            float3 xformOp:scale = (0.001145, 0.0015676024, 0.00724)
                            double3 xformOp:translate = (-0.0029993381487520535, 0.017010091913903364, -0.00362)
                            uniform token[] xformOpOrder = ["xformOp:translate", "xformOp:rotateZ", "xformOp:scale"]
                        }

                        def Cube "Segment_021"
                        {
                            color3f[] primvars:displayColor = [(0.49, 0.53, 0.58)]
                            double size = 1
                            float xformOp:rotateZ = 105
                            float3 xformOp:scale = (0.001145, 0.0015676024, 0.00724)
                            double3 xformOp:translate = (-0.004470451956533291, 0.016683953834577932, -0.00362)
                            uniform token[] xformOpOrder = ["xformOp:translate", "xformOp:rotateZ", "xformOp:scale"]
                        }

                        def Cube "Segment_022"
                        {
                            color3f[] primvars:displayColor = [(0.49, 0.53, 0.58)]
                            double size = 1
                            float xformOp:rotateZ = 110
                            float3 xformOp:scale = (0.001145, 0.0015676024, 0.00724)
                            double3 xformOp:translate = (-0.005907542925592613, 0.0162308407925246, -0.00362)
                            uniform token[] xformOpOrder = ["xformOp:translate", "xformOp:rotateZ", "xformOp:scale"]
                        }

                        def Cube "Segment_023"
                        {
                            color3f[] primvars:displayColor = [(0.49, 0.53, 0.58)]
                            double size = 1
                            float xformOp:rotateZ = 115
                            float3 xformOp:scale = (0.001145, 0.0015676024, 0.00724)
                            double3 xformOp:translate = (-0.007299673925916229, 0.015654201251590536, -0.00362)
                            uniform token[] xformOpOrder = ["xformOp:translate", "xformOp:rotateZ", "xformOp:scale"]
                        }

                        def Cube "Segment_024"
                        {
                            color3f[] primvars:displayColor = [(0.49, 0.53, 0.58)]
                            double size = 1
                            float xformOp:rotateZ = 120
                            float3 xformOp:scale = (0.001145, 0.0015676024, 0.00724)
                            double3 xformOp:translate = (-0.008636249999999996, 0.014958423786866718, -0.00362)
                            uniform token[] xformOpOrder = ["xformOp:translate", "xformOp:rotateZ", "xformOp:scale"]
                        }

                        def Cube "Segment_025"
                        {
                            color3f[] primvars:displayColor = [(0.49, 0.53, 0.58)]
                            double size = 1
                            float xformOp:rotateZ = 125
                            float3 xformOp:scale = (0.001145, 0.0015676024, 0.00724)
                            double3 xformOp:translate = (-0.009907098996873445, 0.01414880368498161, -0.00362)
                            uniform token[] xformOpOrder = ["xformOp:translate", "xformOp:rotateZ", "xformOp:scale"]
                        }

                        def Cube "Segment_026"
                        {
                            color3f[] primvars:displayColor = [(0.49, 0.53, 0.58)]
                            double size = 1
                            float xformOp:rotateZ = 130
                            float3 xformOp:scale = (0.001145, 0.0015676024, 0.00724)
                            double3 xformOp:translate = (-0.011102548988310751, 0.013231502643772548, -0.00362)
                            uniform token[] xformOpOrder = ["xformOp:translate", "xformOp:rotateZ", "xformOp:scale"]
                        }

                        def Cube "Segment_027"
                        {
                            color3f[] primvars:displayColor = [(0.49, 0.53, 0.58)]
                            double size = 1
                            float xformOp:rotateZ = 135
                            float3 xformOp:scale = (0.001145, 0.0015676024, 0.00724)
                            double3 xformOp:translate = (-0.01221350187804464, 0.012213501878044642, -0.00362)
                            uniform token[] xformOpOrder = ["xformOp:translate", "xformOp:rotateZ", "xformOp:scale"]
                        }

                        def Cube "Segment_028"
                        {
                            color3f[] primvars:displayColor = [(0.49, 0.53, 0.58)]
                            double size = 1
                            float xformOp:rotateZ = 140
                            float3 xformOp:scale = (0.001145, 0.0015676024, 0.00724)
                            double3 xformOp:translate = (-0.013231502643772545, 0.011102548988310753, -0.00362)
                            uniform token[] xformOpOrder = ["xformOp:translate", "xformOp:rotateZ", "xformOp:scale"]
                        }

                        def Cube "Segment_029"
                        {
                            color3f[] primvars:displayColor = [(0.49, 0.53, 0.58)]
                            double size = 1
                            float xformOp:rotateZ = 145
                            float3 xformOp:scale = (0.001145, 0.0015676024, 0.00724)
                            double3 xformOp:translate = (-0.014148803684981613, 0.009907098996873441, -0.00362)
                            uniform token[] xformOpOrder = ["xformOp:translate", "xformOp:rotateZ", "xformOp:scale"]
                        }

                        def Cube "Segment_030"
                        {
                            color3f[] primvars:displayColor = [(0.49, 0.53, 0.58)]
                            double size = 1
                            float xformOp:rotateZ = 150
                            float3 xformOp:scale = (0.001145, 0.0015676024, 0.00724)
                            double3 xformOp:translate = (-0.014958423786866718, 0.008636249999999998, -0.00362)
                            uniform token[] xformOpOrder = ["xformOp:translate", "xformOp:rotateZ", "xformOp:scale"]
                        }

                        def Cube "Segment_031"
                        {
                            color3f[] primvars:displayColor = [(0.49, 0.53, 0.58)]
                            double size = 1
                            float xformOp:rotateZ = 155
                            float3 xformOp:scale = (0.001145, 0.0015676024, 0.00724)
                            double3 xformOp:translate = (-0.015654201251590536, 0.007299673925916232, -0.00362)
                            uniform token[] xformOpOrder = ["xformOp:translate", "xformOp:rotateZ", "xformOp:scale"]
                        }

                        def Cube "Segment_032"
                        {
                            color3f[] primvars:displayColor = [(0.49, 0.53, 0.58)]
                            double size = 1
                            float xformOp:rotateZ = 160
                            float3 xformOp:scale = (0.001145, 0.0015676024, 0.00724)
                            double3 xformOp:translate = (-0.0162308407925246, 0.005907542925592616, -0.00362)
                            uniform token[] xformOpOrder = ["xformOp:translate", "xformOp:rotateZ", "xformOp:scale"]
                        }

                        def Cube "Segment_033"
                        {
                            color3f[] primvars:displayColor = [(0.49, 0.53, 0.58)]
                            double size = 1
                            float xformOp:rotateZ = 165
                            float3 xformOp:scale = (0.001145, 0.0015676024, 0.00724)
                            double3 xformOp:translate = (-0.01668395383457793, 0.004470451956533294, -0.00362)
                            uniform token[] xformOpOrder = ["xformOp:translate", "xformOp:rotateZ", "xformOp:scale"]
                        }

                        def Cube "Segment_034"
                        {
                            color3f[] primvars:displayColor = [(0.49, 0.53, 0.58)]
                            double size = 1
                            float xformOp:rotateZ = 170
                            float3 xformOp:scale = (0.001145, 0.0015676024, 0.00724)
                            double3 xformOp:translate = (-0.017010091913903364, 0.002999338148752053, -0.00362)
                            uniform token[] xformOpOrder = ["xformOp:translate", "xformOp:rotateZ", "xformOp:scale"]
                        }

                        def Cube "Segment_035"
                        {
                            color3f[] primvars:displayColor = [(0.49, 0.53, 0.58)]
                            double size = 1
                            float xformOp:rotateZ = 175
                            float3 xformOp:scale = (0.001145, 0.0015676024, 0.00724)
                            double3 xformOp:translate = (-0.017206772922789673, 0.0015053975666089261, -0.00362)
                            uniform token[] xformOpOrder = ["xformOp:translate", "xformOp:rotateZ", "xformOp:scale"]
                        }

                        def Cube "Segment_036"
                        {
                            color3f[] primvars:displayColor = [(0.49, 0.53, 0.58)]
                            double size = 1
                            float xformOp:rotateZ = 180
                            float3 xformOp:scale = (0.001145, 0.0015676024, 0.00724)
                            double3 xformOp:translate = (-0.0172725, 2.1152711838272658e-18, -0.00362)
                            uniform token[] xformOpOrder = ["xformOp:translate", "xformOp:rotateZ", "xformOp:scale"]
                        }

                        def Cube "Segment_037"
                        {
                            color3f[] primvars:displayColor = [(0.49, 0.53, 0.58)]
                            double size = 1
                            float xformOp:rotateZ = 185
                            float3 xformOp:scale = (0.001145, 0.0015676024, 0.00724)
                            double3 xformOp:translate = (-0.017206772922789673, -0.0015053975666089218, -0.00362)
                            uniform token[] xformOpOrder = ["xformOp:translate", "xformOp:rotateZ", "xformOp:scale"]
                        }

                        def Cube "Segment_038"
                        {
                            color3f[] primvars:displayColor = [(0.49, 0.53, 0.58)]
                            double size = 1
                            float xformOp:rotateZ = 190
                            float3 xformOp:scale = (0.001145, 0.0015676024, 0.00724)
                            double3 xformOp:translate = (-0.017010091913903364, -0.0029993381487520565, -0.00362)
                            uniform token[] xformOpOrder = ["xformOp:translate", "xformOp:rotateZ", "xformOp:scale"]
                        }

                        def Cube "Segment_039"
                        {
                            color3f[] primvars:displayColor = [(0.49, 0.53, 0.58)]
                            double size = 1
                            float xformOp:rotateZ = 195
                            float3 xformOp:scale = (0.001145, 0.0015676024, 0.00724)
                            double3 xformOp:translate = (-0.016683953834577932, -0.00447045195653329, -0.00362)
                            uniform token[] xformOpOrder = ["xformOp:translate", "xformOp:rotateZ", "xformOp:scale"]
                        }

                        def Cube "Segment_040"
                        {
                            color3f[] primvars:displayColor = [(0.49, 0.53, 0.58)]
                            double size = 1
                            float xformOp:rotateZ = 200
                            float3 xformOp:scale = (0.001145, 0.0015676024, 0.00724)
                            double3 xformOp:translate = (-0.0162308407925246, -0.005907542925592612, -0.00362)
                            uniform token[] xformOpOrder = ["xformOp:translate", "xformOp:rotateZ", "xformOp:scale"]
                        }

                        def Cube "Segment_041"
                        {
                            color3f[] primvars:displayColor = [(0.49, 0.53, 0.58)]
                            double size = 1
                            float xformOp:rotateZ = 205
                            float3 xformOp:scale = (0.001145, 0.0015676024, 0.00724)
                            double3 xformOp:translate = (-0.015654201251590536, -0.007299673925916228, -0.00362)
                            uniform token[] xformOpOrder = ["xformOp:translate", "xformOp:rotateZ", "xformOp:scale"]
                        }

                        def Cube "Segment_042"
                        {
                            color3f[] primvars:displayColor = [(0.49, 0.53, 0.58)]
                            double size = 1
                            float xformOp:rotateZ = 210
                            float3 xformOp:scale = (0.001145, 0.0015676024, 0.00724)
                            double3 xformOp:translate = (-0.014958423786866716, -0.008636250000000002, -0.00362)
                            uniform token[] xformOpOrder = ["xformOp:translate", "xformOp:rotateZ", "xformOp:scale"]
                        }

                        def Cube "Segment_043"
                        {
                            color3f[] primvars:displayColor = [(0.49, 0.53, 0.58)]
                            double size = 1
                            float xformOp:rotateZ = 215
                            float3 xformOp:scale = (0.001145, 0.0015676024, 0.00724)
                            double3 xformOp:translate = (-0.014148803684981611, -0.009907098996873445, -0.00362)
                            uniform token[] xformOpOrder = ["xformOp:translate", "xformOp:rotateZ", "xformOp:scale"]
                        }

                        def Cube "Segment_044"
                        {
                            color3f[] primvars:displayColor = [(0.49, 0.53, 0.58)]
                            double size = 1
                            float xformOp:rotateZ = 220
                            float3 xformOp:scale = (0.001145, 0.0015676024, 0.00724)
                            double3 xformOp:translate = (-0.013231502643772548, -0.01110254898831075, -0.00362)
                            uniform token[] xformOpOrder = ["xformOp:translate", "xformOp:rotateZ", "xformOp:scale"]
                        }

                        def Cube "Segment_045"
                        {
                            color3f[] primvars:displayColor = [(0.49, 0.53, 0.58)]
                            double size = 1
                            float xformOp:rotateZ = 225
                            float3 xformOp:scale = (0.001145, 0.0015676024, 0.00724)
                            double3 xformOp:translate = (-0.012213501878044644, -0.01221350187804464, -0.00362)
                            uniform token[] xformOpOrder = ["xformOp:translate", "xformOp:rotateZ", "xformOp:scale"]
                        }

                        def Cube "Segment_046"
                        {
                            color3f[] primvars:displayColor = [(0.49, 0.53, 0.58)]
                            double size = 1
                            float xformOp:rotateZ = 230
                            float3 xformOp:scale = (0.001145, 0.0015676024, 0.00724)
                            double3 xformOp:translate = (-0.011102548988310753, -0.013231502643772545, -0.00362)
                            uniform token[] xformOpOrder = ["xformOp:translate", "xformOp:rotateZ", "xformOp:scale"]
                        }

                        def Cube "Segment_047"
                        {
                            color3f[] primvars:displayColor = [(0.49, 0.53, 0.58)]
                            double size = 1
                            float xformOp:rotateZ = 235
                            float3 xformOp:scale = (0.001145, 0.0015676024, 0.00724)
                            double3 xformOp:translate = (-0.009907098996873448, -0.014148803684981606, -0.00362)
                            uniform token[] xformOpOrder = ["xformOp:translate", "xformOp:rotateZ", "xformOp:scale"]
                        }

                        def Cube "Segment_048"
                        {
                            color3f[] primvars:displayColor = [(0.49, 0.53, 0.58)]
                            double size = 1
                            float xformOp:rotateZ = 240
                            float3 xformOp:scale = (0.001145, 0.0015676024, 0.00724)
                            double3 xformOp:translate = (-0.008636250000000007, -0.014958423786866711, -0.00362)
                            uniform token[] xformOpOrder = ["xformOp:translate", "xformOp:rotateZ", "xformOp:scale"]
                        }

                        def Cube "Segment_049"
                        {
                            color3f[] primvars:displayColor = [(0.49, 0.53, 0.58)]
                            double size = 1
                            float xformOp:rotateZ = 245
                            float3 xformOp:scale = (0.001145, 0.0015676024, 0.00724)
                            double3 xformOp:translate = (-0.007299673925916226, -0.015654201251590536, -0.00362)
                            uniform token[] xformOpOrder = ["xformOp:translate", "xformOp:rotateZ", "xformOp:scale"]
                        }

                        def Cube "Segment_050"
                        {
                            color3f[] primvars:displayColor = [(0.49, 0.53, 0.58)]
                            double size = 1
                            float xformOp:rotateZ = 250
                            float3 xformOp:scale = (0.001145, 0.0015676024, 0.00724)
                            double3 xformOp:translate = (-0.0059075429255926095, -0.0162308407925246, -0.00362)
                            uniform token[] xformOpOrder = ["xformOp:translate", "xformOp:rotateZ", "xformOp:scale"]
                        }

                        def Cube "Segment_051"
                        {
                            color3f[] primvars:displayColor = [(0.49, 0.53, 0.58)]
                            double size = 1
                            float xformOp:rotateZ = 255
                            float3 xformOp:scale = (0.001145, 0.0015676024, 0.00724)
                            double3 xformOp:translate = (-0.004470451956533288, -0.016683953834577932, -0.00362)
                            uniform token[] xformOpOrder = ["xformOp:translate", "xformOp:rotateZ", "xformOp:scale"]
                        }

                        def Cube "Segment_052"
                        {
                            color3f[] primvars:displayColor = [(0.49, 0.53, 0.58)]
                            double size = 1
                            float xformOp:rotateZ = 260
                            float3 xformOp:scale = (0.001145, 0.0015676024, 0.00724)
                            double3 xformOp:translate = (-0.002999338148752054, -0.017010091913903364, -0.00362)
                            uniform token[] xformOpOrder = ["xformOp:translate", "xformOp:rotateZ", "xformOp:scale"]
                        }

                        def Cube "Segment_053"
                        {
                            color3f[] primvars:displayColor = [(0.49, 0.53, 0.58)]
                            double size = 1
                            float xformOp:rotateZ = 265
                            float3 xformOp:scale = (0.001145, 0.0015676024, 0.00724)
                            double3 xformOp:translate = (-0.001505397566608927, -0.017206772922789673, -0.00362)
                            uniform token[] xformOpOrder = ["xformOp:translate", "xformOp:rotateZ", "xformOp:scale"]
                        }

                        def Cube "Segment_054"
                        {
                            color3f[] primvars:displayColor = [(0.49, 0.53, 0.58)]
                            double size = 1
                            float xformOp:rotateZ = 270
                            float3 xformOp:scale = (0.001145, 0.0015676024, 0.00724)
                            double3 xformOp:translate = (-3.1729067757408985e-18, -0.0172725, -0.00362)
                            uniform token[] xformOpOrder = ["xformOp:translate", "xformOp:rotateZ", "xformOp:scale"]
                        }

                        def Cube "Segment_055"
                        {
                            color3f[] primvars:displayColor = [(0.49, 0.53, 0.58)]
                            double size = 1
                            float xformOp:rotateZ = 275
                            float3 xformOp:scale = (0.001145, 0.0015676024, 0.00724)
                            double3 xformOp:translate = (0.001505397566608921, -0.017206772922789673, -0.00362)
                            uniform token[] xformOpOrder = ["xformOp:translate", "xformOp:rotateZ", "xformOp:scale"]
                        }

                        def Cube "Segment_056"
                        {
                            color3f[] primvars:displayColor = [(0.49, 0.53, 0.58)]
                            double size = 1
                            float xformOp:rotateZ = 280
                            float3 xformOp:scale = (0.001145, 0.0015676024, 0.00724)
                            double3 xformOp:translate = (0.002999338148752048, -0.017010091913903364, -0.00362)
                            uniform token[] xformOpOrder = ["xformOp:translate", "xformOp:rotateZ", "xformOp:scale"]
                        }

                        def Cube "Segment_057"
                        {
                            color3f[] primvars:displayColor = [(0.49, 0.53, 0.58)]
                            double size = 1
                            float xformOp:rotateZ = 285
                            float3 xformOp:scale = (0.001145, 0.0015676024, 0.00724)
                            double3 xformOp:translate = (0.004470451956533282, -0.016683953834577932, -0.00362)
                            uniform token[] xformOpOrder = ["xformOp:translate", "xformOp:rotateZ", "xformOp:scale"]
                        }

                        def Cube "Segment_058"
                        {
                            color3f[] primvars:displayColor = [(0.49, 0.53, 0.58)]
                            double size = 1
                            float xformOp:rotateZ = 290
                            float3 xformOp:scale = (0.001145, 0.0015676024, 0.00724)
                            double3 xformOp:translate = (0.005907542925592617, -0.0162308407925246, -0.00362)
                            uniform token[] xformOpOrder = ["xformOp:translate", "xformOp:rotateZ", "xformOp:scale"]
                        }

                        def Cube "Segment_059"
                        {
                            color3f[] primvars:displayColor = [(0.49, 0.53, 0.58)]
                            double size = 1
                            float xformOp:rotateZ = 295
                            float3 xformOp:scale = (0.001145, 0.0015676024, 0.00724)
                            double3 xformOp:translate = (0.007299673925916234, -0.015654201251590536, -0.00362)
                            uniform token[] xformOpOrder = ["xformOp:translate", "xformOp:rotateZ", "xformOp:scale"]
                        }

                        def Cube "Segment_060"
                        {
                            color3f[] primvars:displayColor = [(0.49, 0.53, 0.58)]
                            double size = 1
                            float xformOp:rotateZ = 300
                            float3 xformOp:scale = (0.001145, 0.0015676024, 0.00724)
                            double3 xformOp:translate = (0.008636250000000002, -0.014958423786866716, -0.00362)
                            uniform token[] xformOpOrder = ["xformOp:translate", "xformOp:rotateZ", "xformOp:scale"]
                        }

                        def Cube "Segment_061"
                        {
                            color3f[] primvars:displayColor = [(0.49, 0.53, 0.58)]
                            double size = 1
                            float xformOp:rotateZ = 305
                            float3 xformOp:scale = (0.001145, 0.0015676024, 0.00724)
                            double3 xformOp:translate = (0.009907098996873443, -0.014148803684981611, -0.00362)
                            uniform token[] xformOpOrder = ["xformOp:translate", "xformOp:rotateZ", "xformOp:scale"]
                        }

                        def Cube "Segment_062"
                        {
                            color3f[] primvars:displayColor = [(0.49, 0.53, 0.58)]
                            double size = 1
                            float xformOp:rotateZ = 310
                            float3 xformOp:scale = (0.001145, 0.0015676024, 0.00724)
                            double3 xformOp:translate = (0.01110254898831075, -0.01323150264377255, -0.00362)
                            uniform token[] xformOpOrder = ["xformOp:translate", "xformOp:rotateZ", "xformOp:scale"]
                        }

                        def Cube "Segment_063"
                        {
                            color3f[] primvars:displayColor = [(0.49, 0.53, 0.58)]
                            double size = 1
                            float xformOp:rotateZ = 315
                            float3 xformOp:scale = (0.001145, 0.0015676024, 0.00724)
                            double3 xformOp:translate = (0.012213501878044639, -0.012213501878044644, -0.00362)
                            uniform token[] xformOpOrder = ["xformOp:translate", "xformOp:rotateZ", "xformOp:scale"]
                        }

                        def Cube "Segment_064"
                        {
                            color3f[] primvars:displayColor = [(0.49, 0.53, 0.58)]
                            double size = 1
                            float xformOp:rotateZ = 320
                            float3 xformOp:scale = (0.001145, 0.0015676024, 0.00724)
                            double3 xformOp:translate = (0.013231502643772543, -0.011102548988310755, -0.00362)
                            uniform token[] xformOpOrder = ["xformOp:translate", "xformOp:rotateZ", "xformOp:scale"]
                        }

                        def Cube "Segment_065"
                        {
                            color3f[] primvars:displayColor = [(0.49, 0.53, 0.58)]
                            double size = 1
                            float xformOp:rotateZ = 325
                            float3 xformOp:scale = (0.001145, 0.0015676024, 0.00724)
                            double3 xformOp:translate = (0.014148803684981606, -0.00990709899687345, -0.00362)
                            uniform token[] xformOpOrder = ["xformOp:translate", "xformOp:rotateZ", "xformOp:scale"]
                        }

                        def Cube "Segment_066"
                        {
                            color3f[] primvars:displayColor = [(0.49, 0.53, 0.58)]
                            double size = 1
                            float xformOp:rotateZ = 330
                            float3 xformOp:scale = (0.001145, 0.0015676024, 0.00724)
                            double3 xformOp:translate = (0.014958423786866711, -0.008636250000000007, -0.00362)
                            uniform token[] xformOpOrder = ["xformOp:translate", "xformOp:rotateZ", "xformOp:scale"]
                        }

                        def Cube "Segment_067"
                        {
                            color3f[] primvars:displayColor = [(0.49, 0.53, 0.58)]
                            double size = 1
                            float xformOp:rotateZ = 335
                            float3 xformOp:scale = (0.001145, 0.0015676024, 0.00724)
                            double3 xformOp:translate = (0.015654201251590536, -0.007299673925916227, -0.00362)
                            uniform token[] xformOpOrder = ["xformOp:translate", "xformOp:rotateZ", "xformOp:scale"]
                        }

                        def Cube "Segment_068"
                        {
                            color3f[] primvars:displayColor = [(0.49, 0.53, 0.58)]
                            double size = 1
                            float xformOp:rotateZ = 340
                            float3 xformOp:scale = (0.001145, 0.0015676024, 0.00724)
                            double3 xformOp:translate = (0.0162308407925246, -0.005907542925592611, -0.00362)
                            uniform token[] xformOpOrder = ["xformOp:translate", "xformOp:rotateZ", "xformOp:scale"]
                        }

                        def Cube "Segment_069"
                        {
                            color3f[] primvars:displayColor = [(0.49, 0.53, 0.58)]
                            double size = 1
                            float xformOp:rotateZ = 345
                            float3 xformOp:scale = (0.001145, 0.0015676024, 0.00724)
                            double3 xformOp:translate = (0.016683953834577932, -0.004470451956533289, -0.00362)
                            uniform token[] xformOpOrder = ["xformOp:translate", "xformOp:rotateZ", "xformOp:scale"]
                        }

                        def Cube "Segment_070"
                        {
                            color3f[] primvars:displayColor = [(0.49, 0.53, 0.58)]
                            double size = 1
                            float xformOp:rotateZ = 350
                            float3 xformOp:scale = (0.001145, 0.0015676024, 0.00724)
                            double3 xformOp:translate = (0.017010091913903364, -0.002999338148752055, -0.00362)
                            uniform token[] xformOpOrder = ["xformOp:translate", "xformOp:rotateZ", "xformOp:scale"]
                        }

                        def Cube "Segment_071"
                        {
                            color3f[] primvars:displayColor = [(0.49, 0.53, 0.58)]
                            double size = 1
                            float xformOp:rotateZ = 355
                            float3 xformOp:scale = (0.001145, 0.0015676024, 0.00724)
                            double3 xformOp:translate = (0.017206772922789673, -0.0015053975666089283, -0.00362)
                            uniform token[] xformOpOrder = ["xformOp:translate", "xformOp:rotateZ", "xformOp:scale"]
                        }
                    }

                    def Cylinder "RearShell"
                    {
                        uniform token axis = "Z"
                        double height = 0.021
                        color3f[] primvars:displayColor = [(0.27, 0.3, 0.34)]
                        double radius = 0.02215
                        double3 xformOp:translate = (0, 0, 0.011)
                        uniform token[] xformOpOrder = ["xformOp:translate"]
                    }

                    def Cylinder "WireSideRelief"
                    {
                        uniform token axis = "Z"
                        double height = 0.01
                        color3f[] primvars:displayColor = [(0.49, 0.53, 0.58)]
                        double radius = 0.0165
                        double3 xformOp:translate = (0, 0, 0.0255)
                        uniform token[] xformOpOrder = ["xformOp:translate"]
                    }

                    def Xform "BlueBand"
                    {
                        def Cube "Segment_000"
                        {
                            color3f[] primvars:displayColor = [(0.05, 0.2, 0.72)]
                            double size = 1
                            float3 xformOp:scale = (0.00025, 0.0020061862, 0.0012)
                            double3 xformOp:translate = (0.022105, 0, 0.0042)
                            uniform token[] xformOpOrder = ["xformOp:translate", "xformOp:scale"]
                        }

                        def Cube "Segment_001"
                        {
                            color3f[] primvars:displayColor = [(0.05, 0.2, 0.72)]
                            double size = 1
                            float xformOp:rotateZ = 5
                            float3 xformOp:scale = (0.00025, 0.0020061862, 0.0012)
                            double3 xformOp:translate = (0.022020883801318034, 0.0019265776934369837, 0.0042)
                            uniform token[] xformOpOrder = ["xformOp:translate", "xformOp:rotateZ", "xformOp:scale"]
                        }

                        def Cube "Segment_002"
                        {
                            color3f[] primvars:displayColor = [(0.05, 0.2, 0.72)]
                            double size = 1
                            float xformOp:rotateZ = 10
                            float3 xformOp:scale = (0.00025, 0.0020061862, 0.0012)
                            double3 xformOp:translate = (0.02176917538033486, 0.003838492967327495, 0.0042)
                            uniform token[] xformOpOrder = ["xformOp:translate", "xformOp:rotateZ", "xformOp:scale"]
                        }

                        def Cube "Segment_003"
                        {
                            color3f[] primvars:displayColor = [(0.05, 0.2, 0.72)]
                            double size = 1
                            float xformOp:rotateZ = 15
                            float3 xformOp:scale = (0.00025, 0.0020061862, 0.0012)
                            double3 xformOp:translate = (0.021351790390119856, 0.005721194991991221, 0.0042)
                            uniform token[] xformOpOrder = ["xformOp:translate", "xformOp:rotateZ", "xformOp:scale"]
                        }

                        def Cube "Segment_004"
                        {
                            color3f[] primvars:displayColor = [(0.05, 0.2, 0.72)]
                            double size = 1
                            float xformOp:rotateZ = 20
                            float3 xformOp:scale = (0.00025, 0.0020061862, 0.0012)
                            double3 xformOp:translate = (0.020771905382472505, 0.007560355268213907, 0.0042)
                            uniform token[] xformOpOrder = ["xformOp:translate", "xformOp:rotateZ", "xformOp:scale"]
                        }

                        def Cube "Segment_005"
                        {
                            color3f[] primvars:displayColor = [(0.05, 0.2, 0.72)]
                            double size = 1
                            float xformOp:rotateZ = 25
                            float3 xformOp:scale = (0.00025, 0.0020061862, 0.0012)
                            double3 xformOp:translate = (0.020033933632445145, 0.009341976675778161, 0.0042)
                            uniform token[] xformOpOrder = ["xformOp:translate", "xformOp:rotateZ", "xformOp:scale"]
                        }

                        def Cube "Segment_006"
                        {
                            color3f[] primvars:displayColor = [(0.05, 0.2, 0.72)]
                            double size = 1
                            float xformOp:rotateZ = 30
                            float3 xformOp:scale = (0.00025, 0.0020061862, 0.0012)
                            double3 xformOp:translate = (0.019143491550655017, 0.011052499999999998, 0.0042)
                            uniform token[] xformOpOrder = ["xformOp:translate", "xformOp:rotateZ", "xformOp:scale"]
                        }

                        def Cube "Segment_007"
                        {
                            color3f[] primvars:displayColor = [(0.05, 0.2, 0.72)]
                            double size = 1
                            float xformOp:rotateZ = 35
                            float3 xformOp:scale = (0.00025, 0.0020061862, 0.0012)
                            double3 xformOp:translate = (0.018107355939008165, 0.012678907125539873, 0.0042)
                            uniform token[] xformOpOrder = ["xformOp:translate", "xformOp:rotateZ", "xformOp:scale"]
                        }

                        def Cube "Segment_008"
                        {
                            color3f[] primvars:displayColor = [(0.05, 0.2, 0.72)]
                            double size = 1
                            float xformOp:rotateZ = 40
                            float3 xformOp:scale = (0.00025, 0.0020061862, 0.0012)
                            double3 xformOp:translate = (0.016933412415145007, 0.01420882011212095, 0.0042)
                            uniform token[] xformOpOrder = ["xformOp:translate", "xformOp:rotateZ", "xformOp:scale"]
                        }

                        def Cube "Segment_009"
                        {
                            color3f[] primvars:displayColor = [(0.05, 0.2, 0.72)]
                            double size = 1
                            float xformOp:rotateZ = 45
                            float3 xformOp:scale = (0.00025, 0.0020061862, 0.0012)
                            double3 xformOp:translate = (0.015630595398128635, 0.01563059539812863, 0.0042)
                            uniform token[] xformOpOrder = ["xformOp:translate", "xformOp:rotateZ", "xformOp:scale"]
                        }

                        def Cube "Segment_010"
                        {
                            color3f[] primvars:displayColor = [(0.05, 0.2, 0.72)]
                            double size = 1
                            float xformOp:rotateZ = 50
                            float3 xformOp:scale = (0.00025, 0.0020061862, 0.0012)
                            double3 xformOp:translate = (0.014208820112120952, 0.016933412415145007, 0.0042)
                            uniform token[] xformOpOrder = ["xformOp:translate", "xformOp:rotateZ", "xformOp:scale"]
                        }

                        def Cube "Segment_011"
                        {
                            color3f[] primvars:displayColor = [(0.05, 0.2, 0.72)]
                            double size = 1
                            float xformOp:rotateZ = 55
                            float3 xformOp:scale = (0.00025, 0.0020061862, 0.0012)
                            double3 xformOp:translate = (0.012678907125539875, 0.018107355939008165, 0.0042)
                            uniform token[] xformOpOrder = ["xformOp:translate", "xformOp:rotateZ", "xformOp:scale"]
                        }

                        def Cube "Segment_012"
                        {
                            color3f[] primvars:displayColor = [(0.05, 0.2, 0.72)]
                            double size = 1
                            float xformOp:rotateZ = 60
                            float3 xformOp:scale = (0.00025, 0.0020061862, 0.0012)
                            double3 xformOp:translate = (0.011052500000000002, 0.019143491550655013, 0.0042)
                            uniform token[] xformOpOrder = ["xformOp:translate", "xformOp:rotateZ", "xformOp:scale"]
                        }

                        def Cube "Segment_013"
                        {
                            color3f[] primvars:displayColor = [(0.05, 0.2, 0.72)]
                            double size = 1
                            float xformOp:rotateZ = 65
                            float3 xformOp:scale = (0.00025, 0.0020061862, 0.0012)
                            double3 xformOp:translate = (0.009341976675778161, 0.020033933632445145, 0.0042)
                            uniform token[] xformOpOrder = ["xformOp:translate", "xformOp:rotateZ", "xformOp:scale"]
                        }

                        def Cube "Segment_014"
                        {
                            color3f[] primvars:displayColor = [(0.05, 0.2, 0.72)]
                            double size = 1
                            float xformOp:rotateZ = 70
                            float3 xformOp:scale = (0.00025, 0.0020061862, 0.0012)
                            double3 xformOp:translate = (0.007560355268213909, 0.020771905382472502, 0.0042)
                            uniform token[] xformOpOrder = ["xformOp:translate", "xformOp:rotateZ", "xformOp:scale"]
                        }

                        def Cube "Segment_015"
                        {
                            color3f[] primvars:displayColor = [(0.05, 0.2, 0.72)]
                            double size = 1
                            float xformOp:rotateZ = 75
                            float3 xformOp:scale = (0.00025, 0.0020061862, 0.0012)
                            double3 xformOp:translate = (0.005721194991991221, 0.021351790390119856, 0.0042)
                            uniform token[] xformOpOrder = ["xformOp:translate", "xformOp:rotateZ", "xformOp:scale"]
                        }

                        def Cube "Segment_016"
                        {
                            color3f[] primvars:displayColor = [(0.05, 0.2, 0.72)]
                            double size = 1
                            float xformOp:rotateZ = 80
                            float3 xformOp:scale = (0.00025, 0.0020061862, 0.0012)
                            double3 xformOp:translate = (0.003838492967327497, 0.02176917538033486, 0.0042)
                            uniform token[] xformOpOrder = ["xformOp:translate", "xformOp:rotateZ", "xformOp:scale"]
                        }

                        def Cube "Segment_017"
                        {
                            color3f[] primvars:displayColor = [(0.05, 0.2, 0.72)]
                            double size = 1
                            float xformOp:rotateZ = 85
                            float3 xformOp:scale = (0.00025, 0.0020061862, 0.0012)
                            double3 xformOp:translate = (0.001926577693436983, 0.022020883801318034, 0.0042)
                            uniform token[] xformOpOrder = ["xformOp:translate", "xformOp:rotateZ", "xformOp:scale"]
                        }

                        def Cube "Segment_018"
                        {
                            color3f[] primvars:displayColor = [(0.05, 0.2, 0.72)]
                            double size = 1
                            float xformOp:rotateZ = 90
                            float3 xformOp:scale = (0.00025, 0.0020061862, 0.0012)
                            double3 xformOp:translate = (1.3535408747576121e-18, 0.022105, 0.0042)
                            uniform token[] xformOpOrder = ["xformOp:translate", "xformOp:rotateZ", "xformOp:scale"]
                        }

                        def Cube "Segment_019"
                        {
                            color3f[] primvars:displayColor = [(0.05, 0.2, 0.72)]
                            double size = 1
                            float xformOp:rotateZ = 95
                            float3 xformOp:scale = (0.00025, 0.0020061862, 0.0012)
                            double3 xformOp:translate = (-0.0019265776934369852, 0.022020883801318034, 0.0042)
                            uniform token[] xformOpOrder = ["xformOp:translate", "xformOp:rotateZ", "xformOp:scale"]
                        }

                        def Cube "Segment_020"
                        {
                            color3f[] primvars:displayColor = [(0.05, 0.2, 0.72)]
                            double size = 1
                            float xformOp:rotateZ = 100
                            float3 xformOp:scale = (0.00025, 0.0020061862, 0.0012)
                            double3 xformOp:translate = (-0.0038384929673274944, 0.02176917538033486, 0.0042)
                            uniform token[] xformOpOrder = ["xformOp:translate", "xformOp:rotateZ", "xformOp:scale"]
                        }

                        def Cube "Segment_021"
                        {
                            color3f[] primvars:displayColor = [(0.05, 0.2, 0.72)]
                            double size = 1
                            float xformOp:rotateZ = 105
                            float3 xformOp:scale = (0.00025, 0.0020061862, 0.0012)
                            double3 xformOp:translate = (-0.005721194991991223, 0.021351790390119856, 0.0042)
                            uniform token[] xformOpOrder = ["xformOp:translate", "xformOp:rotateZ", "xformOp:scale"]
                        }

                        def Cube "Segment_022"
                        {
                            color3f[] primvars:displayColor = [(0.05, 0.2, 0.72)]
                            double size = 1
                            float xformOp:rotateZ = 110
                            float3 xformOp:scale = (0.00025, 0.0020061862, 0.0012)
                            double3 xformOp:translate = (-0.007560355268213907, 0.020771905382472505, 0.0042)
                            uniform token[] xformOpOrder = ["xformOp:translate", "xformOp:rotateZ", "xformOp:scale"]
                        }

                        def Cube "Segment_023"
                        {
                            color3f[] primvars:displayColor = [(0.05, 0.2, 0.72)]
                            double size = 1
                            float xformOp:rotateZ = 115
                            float3 xformOp:scale = (0.00025, 0.0020061862, 0.0012)
                            double3 xformOp:translate = (-0.00934197667577816, 0.02003393363244515, 0.0042)
                            uniform token[] xformOpOrder = ["xformOp:translate", "xformOp:rotateZ", "xformOp:scale"]
                        }

                        def Cube "Segment_024"
                        {
                            color3f[] primvars:displayColor = [(0.05, 0.2, 0.72)]
                            double size = 1
                            float xformOp:rotateZ = 120
                            float3 xformOp:scale = (0.00025, 0.0020061862, 0.0012)
                            double3 xformOp:translate = (-0.011052499999999995, 0.019143491550655017, 0.0042)
                            uniform token[] xformOpOrder = ["xformOp:translate", "xformOp:rotateZ", "xformOp:scale"]
                        }

                        def Cube "Segment_025"
                        {
                            color3f[] primvars:displayColor = [(0.05, 0.2, 0.72)]
                            double size = 1
                            float xformOp:rotateZ = 125
                            float3 xformOp:scale = (0.00025, 0.0020061862, 0.0012)
                            double3 xformOp:translate = (-0.012678907125539875, 0.01810735593900816, 0.0042)
                            uniform token[] xformOpOrder = ["xformOp:translate", "xformOp:rotateZ", "xformOp:scale"]
                        }

                        def Cube "Segment_026"
                        {
                            color3f[] primvars:displayColor = [(0.05, 0.2, 0.72)]
                            double size = 1
                            float xformOp:rotateZ = 130
                            float3 xformOp:scale = (0.00025, 0.0020061862, 0.0012)
                            double3 xformOp:translate = (-0.014208820112120952, 0.016933412415145007, 0.0042)
                            uniform token[] xformOpOrder = ["xformOp:translate", "xformOp:rotateZ", "xformOp:scale"]
                        }

                        def Cube "Segment_027"
                        {
                            color3f[] primvars:displayColor = [(0.05, 0.2, 0.72)]
                            double size = 1
                            float xformOp:rotateZ = 135
                            float3 xformOp:scale = (0.00025, 0.0020061862, 0.0012)
                            double3 xformOp:translate = (-0.01563059539812863, 0.015630595398128635, 0.0042)
                            uniform token[] xformOpOrder = ["xformOp:translate", "xformOp:rotateZ", "xformOp:scale"]
                        }

                        def Cube "Segment_028"
                        {
                            color3f[] primvars:displayColor = [(0.05, 0.2, 0.72)]
                            double size = 1
                            float xformOp:rotateZ = 140
                            float3 xformOp:scale = (0.00025, 0.0020061862, 0.0012)
                            double3 xformOp:translate = (-0.016933412415145007, 0.014208820112120955, 0.0042)
                            uniform token[] xformOpOrder = ["xformOp:translate", "xformOp:rotateZ", "xformOp:scale"]
                        }

                        def Cube "Segment_029"
                        {
                            color3f[] primvars:displayColor = [(0.05, 0.2, 0.72)]
                            double size = 1
                            float xformOp:rotateZ = 145
                            float3 xformOp:scale = (0.00025, 0.0020061862, 0.0012)
                            double3 xformOp:translate = (-0.018107355939008165, 0.01267890712553987, 0.0042)
                            uniform token[] xformOpOrder = ["xformOp:translate", "xformOp:rotateZ", "xformOp:scale"]
                        }

                        def Cube "Segment_030"
                        {
                            color3f[] primvars:displayColor = [(0.05, 0.2, 0.72)]
                            double size = 1
                            float xformOp:rotateZ = 150
                            float3 xformOp:scale = (0.00025, 0.0020061862, 0.0012)
                            double3 xformOp:translate = (-0.019143491550655017, 0.011052499999999998, 0.0042)
                            uniform token[] xformOpOrder = ["xformOp:translate", "xformOp:rotateZ", "xformOp:scale"]
                        }

                        def Cube "Segment_031"
                        {
                            color3f[] primvars:displayColor = [(0.05, 0.2, 0.72)]
                            double size = 1
                            float xformOp:rotateZ = 155
                            float3 xformOp:scale = (0.00025, 0.0020061862, 0.0012)
                            double3 xformOp:translate = (-0.020033933632445145, 0.009341976675778163, 0.0042)
                            uniform token[] xformOpOrder = ["xformOp:translate", "xformOp:rotateZ", "xformOp:scale"]
                        }

                        def Cube "Segment_032"
                        {
                            color3f[] primvars:displayColor = [(0.05, 0.2, 0.72)]
                            double size = 1
                            float xformOp:rotateZ = 160
                            float3 xformOp:scale = (0.00025, 0.0020061862, 0.0012)
                            double3 xformOp:translate = (-0.020771905382472502, 0.007560355268213911, 0.0042)
                            uniform token[] xformOpOrder = ["xformOp:translate", "xformOp:rotateZ", "xformOp:scale"]
                        }

                        def Cube "Segment_033"
                        {
                            color3f[] primvars:displayColor = [(0.05, 0.2, 0.72)]
                            double size = 1
                            float xformOp:rotateZ = 165
                            float3 xformOp:scale = (0.00025, 0.0020061862, 0.0012)
                            double3 xformOp:translate = (-0.021351790390119852, 0.005721194991991227, 0.0042)
                            uniform token[] xformOpOrder = ["xformOp:translate", "xformOp:rotateZ", "xformOp:scale"]
                        }

                        def Cube "Segment_034"
                        {
                            color3f[] primvars:displayColor = [(0.05, 0.2, 0.72)]
                            double size = 1
                            float xformOp:rotateZ = 170
                            float3 xformOp:scale = (0.00025, 0.0020061862, 0.0012)
                            double3 xformOp:translate = (-0.02176917538033486, 0.0038384929673274935, 0.0042)
                            uniform token[] xformOpOrder = ["xformOp:translate", "xformOp:rotateZ", "xformOp:scale"]
                        }

                        def Cube "Segment_035"
                        {
                            color3f[] primvars:displayColor = [(0.05, 0.2, 0.72)]
                            double size = 1
                            float xformOp:rotateZ = 175
                            float3 xformOp:scale = (0.00025, 0.0020061862, 0.0012)
                            double3 xformOp:translate = (-0.022020883801318034, 0.0019265776934369843, 0.0042)
                            uniform token[] xformOpOrder = ["xformOp:translate", "xformOp:rotateZ", "xformOp:scale"]
                        }

                        def Cube "Segment_036"
                        {
                            color3f[] primvars:displayColor = [(0.05, 0.2, 0.72)]
                            double size = 1
                            float xformOp:rotateZ = 180
                            float3 xformOp:scale = (0.00025, 0.0020061862, 0.0012)
                            double3 xformOp:translate = (-0.022105, 2.7070817495152242e-18, 0.0042)
                            uniform token[] xformOpOrder = ["xformOp:translate", "xformOp:rotateZ", "xformOp:scale"]
                        }

                        def Cube "Segment_037"
                        {
                            color3f[] primvars:displayColor = [(0.05, 0.2, 0.72)]
                            double size = 1
                            float xformOp:rotateZ = 185
                            float3 xformOp:scale = (0.00025, 0.0020061862, 0.0012)
                            double3 xformOp:translate = (-0.022020883801318034, -0.001926577693436979, 0.0042)
                            uniform token[] xformOpOrder = ["xformOp:translate", "xformOp:rotateZ", "xformOp:scale"]
                        }

                        def Cube "Segment_038"
                        {
                            color3f[] primvars:displayColor = [(0.05, 0.2, 0.72)]
                            double size = 1
                            float xformOp:rotateZ = 190
                            float3 xformOp:scale = (0.00025, 0.0020061862, 0.0012)
                            double3 xformOp:translate = (-0.02176917538033486, -0.003838492967327498, 0.0042)
                            uniform token[] xformOpOrder = ["xformOp:translate", "xformOp:rotateZ", "xformOp:scale"]
                        }

                        def Cube "Segment_039"
                        {
                            color3f[] primvars:displayColor = [(0.05, 0.2, 0.72)]
                            double size = 1
                            float xformOp:rotateZ = 195
                            float3 xformOp:scale = (0.00025, 0.0020061862, 0.0012)
                            double3 xformOp:translate = (-0.021351790390119856, -0.005721194991991222, 0.0042)
                            uniform token[] xformOpOrder = ["xformOp:translate", "xformOp:rotateZ", "xformOp:scale"]
                        }

                        def Cube "Segment_040"
                        {
                            color3f[] primvars:displayColor = [(0.05, 0.2, 0.72)]
                            double size = 1
                            float xformOp:rotateZ = 200
                            float3 xformOp:scale = (0.00025, 0.0020061862, 0.0012)
                            double3 xformOp:translate = (-0.020771905382472505, -0.0075603552682139055, 0.0042)
                            uniform token[] xformOpOrder = ["xformOp:translate", "xformOp:rotateZ", "xformOp:scale"]
                        }

                        def Cube "Segment_041"
                        {
                            color3f[] primvars:displayColor = [(0.05, 0.2, 0.72)]
                            double size = 1
                            float xformOp:rotateZ = 205
                            float3 xformOp:scale = (0.00025, 0.0020061862, 0.0012)
                            double3 xformOp:translate = (-0.02003393363244515, -0.009341976675778157, 0.0042)
                            uniform token[] xformOpOrder = ["xformOp:translate", "xformOp:rotateZ", "xformOp:scale"]
                        }

                        def Cube "Segment_042"
                        {
                            color3f[] primvars:displayColor = [(0.05, 0.2, 0.72)]
                            double size = 1
                            float xformOp:rotateZ = 210
                            float3 xformOp:scale = (0.00025, 0.0020061862, 0.0012)
                            double3 xformOp:translate = (-0.019143491550655013, -0.011052500000000002, 0.0042)
                            uniform token[] xformOpOrder = ["xformOp:translate", "xformOp:rotateZ", "xformOp:scale"]
                        }

                        def Cube "Segment_043"
                        {
                            color3f[] primvars:displayColor = [(0.05, 0.2, 0.72)]
                            double size = 1
                            float xformOp:rotateZ = 215
                            float3 xformOp:scale = (0.00025, 0.0020061862, 0.0012)
                            double3 xformOp:translate = (-0.018107355939008165, -0.012678907125539875, 0.0042)
                            uniform token[] xformOpOrder = ["xformOp:translate", "xformOp:rotateZ", "xformOp:scale"]
                        }

                        def Cube "Segment_044"
                        {
                            color3f[] primvars:displayColor = [(0.05, 0.2, 0.72)]
                            double size = 1
                            float xformOp:rotateZ = 220
                            float3 xformOp:scale = (0.00025, 0.0020061862, 0.0012)
                            double3 xformOp:translate = (-0.016933412415145007, -0.01420882011212095, 0.0042)
                            uniform token[] xformOpOrder = ["xformOp:translate", "xformOp:rotateZ", "xformOp:scale"]
                        }

                        def Cube "Segment_045"
                        {
                            color3f[] primvars:displayColor = [(0.05, 0.2, 0.72)]
                            double size = 1
                            float xformOp:rotateZ = 225
                            float3 xformOp:scale = (0.00025, 0.0020061862, 0.0012)
                            double3 xformOp:translate = (-0.015630595398128635, -0.01563059539812863, 0.0042)
                            uniform token[] xformOpOrder = ["xformOp:translate", "xformOp:rotateZ", "xformOp:scale"]
                        }

                        def Cube "Segment_046"
                        {
                            color3f[] primvars:displayColor = [(0.05, 0.2, 0.72)]
                            double size = 1
                            float xformOp:rotateZ = 230
                            float3 xformOp:scale = (0.00025, 0.0020061862, 0.0012)
                            double3 xformOp:translate = (-0.014208820112120955, -0.016933412415145007, 0.0042)
                            uniform token[] xformOpOrder = ["xformOp:translate", "xformOp:rotateZ", "xformOp:scale"]
                        }

                        def Cube "Segment_047"
                        {
                            color3f[] primvars:displayColor = [(0.05, 0.2, 0.72)]
                            double size = 1
                            float xformOp:rotateZ = 235
                            float3 xformOp:scale = (0.00025, 0.0020061862, 0.0012)
                            double3 xformOp:translate = (-0.01267890712553988, -0.018107355939008158, 0.0042)
                            uniform token[] xformOpOrder = ["xformOp:translate", "xformOp:rotateZ", "xformOp:scale"]
                        }

                        def Cube "Segment_048"
                        {
                            color3f[] primvars:displayColor = [(0.05, 0.2, 0.72)]
                            double size = 1
                            float xformOp:rotateZ = 240
                            float3 xformOp:scale = (0.00025, 0.0020061862, 0.0012)
                            double3 xformOp:translate = (-0.01105250000000001, -0.01914349155065501, 0.0042)
                            uniform token[] xformOpOrder = ["xformOp:translate", "xformOp:rotateZ", "xformOp:scale"]
                        }

                        def Cube "Segment_049"
                        {
                            color3f[] primvars:displayColor = [(0.05, 0.2, 0.72)]
                            double size = 1
                            float xformOp:rotateZ = 245
                            float3 xformOp:scale = (0.00025, 0.0020061862, 0.0012)
                            double3 xformOp:translate = (-0.009341976675778154, -0.02003393363244515, 0.0042)
                            uniform token[] xformOpOrder = ["xformOp:translate", "xformOp:rotateZ", "xformOp:scale"]
                        }

                        def Cube "Segment_050"
                        {
                            color3f[] primvars:displayColor = [(0.05, 0.2, 0.72)]
                            double size = 1
                            float xformOp:rotateZ = 250
                            float3 xformOp:scale = (0.00025, 0.0020061862, 0.0012)
                            double3 xformOp:translate = (-0.007560355268213903, -0.020771905382472505, 0.0042)
                            uniform token[] xformOpOrder = ["xformOp:translate", "xformOp:rotateZ", "xformOp:scale"]
                        }

                        def Cube "Segment_051"
                        {
                            color3f[] primvars:displayColor = [(0.05, 0.2, 0.72)]
                            double size = 1
                            float xformOp:rotateZ = 255
                            float3 xformOp:scale = (0.00025, 0.0020061862, 0.0012)
                            double3 xformOp:translate = (-0.005721194991991218, -0.021351790390119856, 0.0042)
                            uniform token[] xformOpOrder = ["xformOp:translate", "xformOp:rotateZ", "xformOp:scale"]
                        }

                        def Cube "Segment_052"
                        {
                            color3f[] primvars:displayColor = [(0.05, 0.2, 0.72)]
                            double size = 1
                            float xformOp:rotateZ = 260
                            float3 xformOp:scale = (0.00025, 0.0020061862, 0.0012)
                            double3 xformOp:translate = (-0.003838492967327495, -0.02176917538033486, 0.0042)
                            uniform token[] xformOpOrder = ["xformOp:translate", "xformOp:rotateZ", "xformOp:scale"]
                        }

                        def Cube "Segment_053"
                        {
                            color3f[] primvars:displayColor = [(0.05, 0.2, 0.72)]
                            double size = 1
                            float xformOp:rotateZ = 265
                            float3 xformOp:scale = (0.00025, 0.0020061862, 0.0012)
                            double3 xformOp:translate = (-0.0019265776934369856, -0.022020883801318034, 0.0042)
                            uniform token[] xformOpOrder = ["xformOp:translate", "xformOp:rotateZ", "xformOp:scale"]
                        }

                        def Cube "Segment_054"
                        {
                            color3f[] primvars:displayColor = [(0.05, 0.2, 0.72)]
                            double size = 1
                            float xformOp:rotateZ = 270
                            float3 xformOp:scale = (0.00025, 0.0020061862, 0.0012)
                            double3 xformOp:translate = (-4.060622624272836e-18, -0.022105, 0.0042)
                            uniform token[] xformOpOrder = ["xformOp:translate", "xformOp:rotateZ", "xformOp:scale"]
                        }

                        def Cube "Segment_055"
                        {
                            color3f[] primvars:displayColor = [(0.05, 0.2, 0.72)]
                            double size = 1
                            float xformOp:rotateZ = 275
                            float3 xformOp:scale = (0.00025, 0.0020061862, 0.0012)
                            double3 xformOp:translate = (0.0019265776934369776, -0.022020883801318034, 0.0042)
                            uniform token[] xformOpOrder = ["xformOp:translate", "xformOp:rotateZ", "xformOp:scale"]
                        }

                        def Cube "Segment_056"
                        {
                            color3f[] primvars:displayColor = [(0.05, 0.2, 0.72)]
                            double size = 1
                            float xformOp:rotateZ = 280
                            float3 xformOp:scale = (0.00025, 0.0020061862, 0.0012)
                            double3 xformOp:translate = (0.003838492967327487, -0.02176917538033486, 0.0042)
                            uniform token[] xformOpOrder = ["xformOp:translate", "xformOp:rotateZ", "xformOp:scale"]
                        }

                        def Cube "Segment_057"
                        {
                            color3f[] primvars:displayColor = [(0.05, 0.2, 0.72)]
                            double size = 1
                            float xformOp:rotateZ = 285
                            float3 xformOp:scale = (0.00025, 0.0020061862, 0.0012)
                            double3 xformOp:translate = (0.005721194991991211, -0.021351790390119856, 0.0042)
                            uniform token[] xformOpOrder = ["xformOp:translate", "xformOp:rotateZ", "xformOp:scale"]
                        }

                        def Cube "Segment_058"
                        {
                            color3f[] primvars:displayColor = [(0.05, 0.2, 0.72)]
                            double size = 1
                            float xformOp:rotateZ = 290
                            float3 xformOp:scale = (0.00025, 0.0020061862, 0.0012)
                            double3 xformOp:translate = (0.007560355268213913, -0.020771905382472502, 0.0042)
                            uniform token[] xformOpOrder = ["xformOp:translate", "xformOp:rotateZ", "xformOp:scale"]
                        }

                        def Cube "Segment_059"
                        {
                            color3f[] primvars:displayColor = [(0.05, 0.2, 0.72)]
                            double size = 1
                            float xformOp:rotateZ = 295
                            float3 xformOp:scale = (0.00025, 0.0020061862, 0.0012)
                            double3 xformOp:translate = (0.009341976675778164, -0.020033933632445145, 0.0042)
                            uniform token[] xformOpOrder = ["xformOp:translate", "xformOp:rotateZ", "xformOp:scale"]
                        }

                        def Cube "Segment_060"
                        {
                            color3f[] primvars:displayColor = [(0.05, 0.2, 0.72)]
                            double size = 1
                            float xformOp:rotateZ = 300
                            float3 xformOp:scale = (0.00025, 0.0020061862, 0.0012)
                            double3 xformOp:translate = (0.011052500000000002, -0.019143491550655013, 0.0042)
                            uniform token[] xformOpOrder = ["xformOp:translate", "xformOp:rotateZ", "xformOp:scale"]
                        }

                        def Cube "Segment_061"
                        {
                            color3f[] primvars:displayColor = [(0.05, 0.2, 0.72)]
                            double size = 1
                            float xformOp:rotateZ = 305
                            float3 xformOp:scale = (0.00025, 0.0020061862, 0.0012)
                            double3 xformOp:translate = (0.012678907125539873, -0.018107355939008165, 0.0042)
                            uniform token[] xformOpOrder = ["xformOp:translate", "xformOp:rotateZ", "xformOp:scale"]
                        }

                        def Cube "Segment_062"
                        {
                            color3f[] primvars:displayColor = [(0.05, 0.2, 0.72)]
                            double size = 1
                            float xformOp:rotateZ = 310
                            float3 xformOp:scale = (0.00025, 0.0020061862, 0.0012)
                            double3 xformOp:translate = (0.01420882011212095, -0.01693341241514501, 0.0042)
                            uniform token[] xformOpOrder = ["xformOp:translate", "xformOp:rotateZ", "xformOp:scale"]
                        }

                        def Cube "Segment_063"
                        {
                            color3f[] primvars:displayColor = [(0.05, 0.2, 0.72)]
                            double size = 1
                            float xformOp:rotateZ = 315
                            float3 xformOp:scale = (0.00025, 0.0020061862, 0.0012)
                            double3 xformOp:translate = (0.015630595398128628, -0.015630595398128635, 0.0042)
                            uniform token[] xformOpOrder = ["xformOp:translate", "xformOp:rotateZ", "xformOp:scale"]
                        }

                        def Cube "Segment_064"
                        {
                            color3f[] primvars:displayColor = [(0.05, 0.2, 0.72)]
                            double size = 1
                            float xformOp:rotateZ = 320
                            float3 xformOp:scale = (0.00025, 0.0020061862, 0.0012)
                            double3 xformOp:translate = (0.016933412415145004, -0.014208820112120957, 0.0042)
                            uniform token[] xformOpOrder = ["xformOp:translate", "xformOp:rotateZ", "xformOp:scale"]
                        }

                        def Cube "Segment_065"
                        {
                            color3f[] primvars:displayColor = [(0.05, 0.2, 0.72)]
                            double size = 1
                            float xformOp:rotateZ = 325
                            float3 xformOp:scale = (0.00025, 0.0020061862, 0.0012)
                            double3 xformOp:translate = (0.018107355939008158, -0.012678907125539882, 0.0042)
                            uniform token[] xformOpOrder = ["xformOp:translate", "xformOp:rotateZ", "xformOp:scale"]
                        }

                        def Cube "Segment_066"
                        {
                            color3f[] primvars:displayColor = [(0.05, 0.2, 0.72)]
                            double size = 1
                            float xformOp:rotateZ = 330
                            float3 xformOp:scale = (0.00025, 0.0020061862, 0.0012)
                            double3 xformOp:translate = (0.01914349155065501, -0.01105250000000001, 0.0042)
                            uniform token[] xformOpOrder = ["xformOp:translate", "xformOp:rotateZ", "xformOp:scale"]
                        }

                        def Cube "Segment_067"
                        {
                            color3f[] primvars:displayColor = [(0.05, 0.2, 0.72)]
                            double size = 1
                            float xformOp:rotateZ = 335
                            float3 xformOp:scale = (0.00025, 0.0020061862, 0.0012)
                            double3 xformOp:translate = (0.02003393363244515, -0.009341976675778156, 0.0042)
                            uniform token[] xformOpOrder = ["xformOp:translate", "xformOp:rotateZ", "xformOp:scale"]
                        }

                        def Cube "Segment_068"
                        {
                            color3f[] primvars:displayColor = [(0.05, 0.2, 0.72)]
                            double size = 1
                            float xformOp:rotateZ = 340
                            float3 xformOp:scale = (0.00025, 0.0020061862, 0.0012)
                            double3 xformOp:translate = (0.020771905382472505, -0.007560355268213905, 0.0042)
                            uniform token[] xformOpOrder = ["xformOp:translate", "xformOp:rotateZ", "xformOp:scale"]
                        }

                        def Cube "Segment_069"
                        {
                            color3f[] primvars:displayColor = [(0.05, 0.2, 0.72)]
                            double size = 1
                            float xformOp:rotateZ = 345
                            float3 xformOp:scale = (0.00025, 0.0020061862, 0.0012)
                            double3 xformOp:translate = (0.021351790390119856, -0.00572119499199122, 0.0042)
                            uniform token[] xformOpOrder = ["xformOp:translate", "xformOp:rotateZ", "xformOp:scale"]
                        }

                        def Cube "Segment_070"
                        {
                            color3f[] primvars:displayColor = [(0.05, 0.2, 0.72)]
                            double size = 1
                            float xformOp:rotateZ = 350
                            float3 xformOp:scale = (0.00025, 0.0020061862, 0.0012)
                            double3 xformOp:translate = (0.02176917538033486, -0.003838492967327496, 0.0042)
                            uniform token[] xformOpOrder = ["xformOp:translate", "xformOp:rotateZ", "xformOp:scale"]
                        }

                        def Cube "Segment_071"
                        {
                            color3f[] primvars:displayColor = [(0.05, 0.2, 0.72)]
                            double size = 1
                            float xformOp:rotateZ = 355
                            float3 xformOp:scale = (0.00025, 0.0020061862, 0.0012)
                            double3 xformOp:translate = (0.022020883801318034, -0.0019265776934369871, 0.0042)
                            uniform token[] xformOpOrder = ["xformOp:translate", "xformOp:rotateZ", "xformOp:scale"]
                        }
                    }
                }

                def "Contacts"
                {
                    def Xform "Pins"
                    {
                        def Cylinder "Pin_001" (
                            customData = {
                                dictionary j599 = {
                                    string collisionMode = "visual_only"
                                    int contactId = 1
                                    int coordinateSourcePage = 154
                                }
                            }
                        )
                        {
                            uniform token axis = "Z"
                            double height = 0.004
                            color3f[] primvars:displayColor = [(0.88, 0.61, 0.12)]
                            double radius = 0.00038
                            double3 xformOp:translate = (-0.0121666, 0.0070866, -0.002)
                            uniform token[] xformOpOrder = ["xformOp:translate"]
                        }

                        def Cylinder "Pin_002" (
                            customData = {
                                dictionary j599 = {
                                    string collisionMode = "visual_only"
                                    int contactId = 2
                                    int coordinateSourcePage = 154
                                }
                            }
                        )
                        {
                            uniform token axis = "Z"
                            double height = 0.004
                            color3f[] primvars:displayColor = [(0.88, 0.61, 0.12)]
                            double radius = 0.00038
                            double3 xformOp:translate = (-0.013208, 0.0048259999999999996, -0.002)
                            uniform token[] xformOpOrder = ["xformOp:translate"]
                        }

                        def Cylinder "Pin_003" (
                            customData = {
                                dictionary j599 = {
                                    string collisionMode = "visual_only"
                                    int contactId = 3
                                    int coordinateSourcePage = 154
                                }
                            }
                        )
                        {
                            uniform token axis = "Z"
                            double height = 0.004
                            color3f[] primvars:displayColor = [(0.88, 0.61, 0.12)]
                            double radius = 0.00038
                            double3 xformOp:translate = (-0.013868400000000001, 0.0024129999999999998, -0.002)
                            uniform token[] xformOpOrder = ["xformOp:translate"]
                        }

                        def Cylinder "Pin_004" (
                            customData = {
                                dictionary j599 = {
                                    string collisionMode = "visual_only"
                                    int contactId = 4
                                    int coordinateSourcePage = 154
                                }
                            }
                        )
                        {
                            uniform token axis = "Z"
                            double height = 0.004
                            color3f[] primvars:displayColor = [(0.88, 0.61, 0.12)]
                            double radius = 0.00038
                            double3 xformOp:translate = (-0.014097, 0, -0.002)
                            uniform token[] xformOpOrder = ["xformOp:translate"]
                        }

                        def Cylinder "Pin_005" (
                            customData = {
                                dictionary j599 = {
                                    string collisionMode = "visual_only"
                                    int contactId = 5
                                    int coordinateSourcePage = 154
                                }
                            }
                        )
                        {
                            uniform token axis = "Z"
                            double height = 0.004
                            color3f[] primvars:displayColor = [(0.88, 0.61, 0.12)]
                            double radius = 0.00038
                            double3 xformOp:translate = (-0.013868400000000001, -0.0024129999999999998, -0.002)
                            uniform token[] xformOpOrder = ["xformOp:translate"]
                        }

                        def Cylinder "Pin_006" (
                            customData = {
                                dictionary j599 = {
                                    string collisionMode = "visual_only"
                                    int contactId = 6
                                    int coordinateSourcePage = 154
                                }
                            }
                        )
                        {
                            uniform token axis = "Z"
                            double height = 0.004
                            color3f[] primvars:displayColor = [(0.88, 0.61, 0.12)]
                            double radius = 0.00038
                            double3 xformOp:translate = (-0.013208, -0.0048259999999999996, -0.002)
                            uniform token[] xformOpOrder = ["xformOp:translate"]
                        }

                        def Cylinder "Pin_007" (
                            customData = {
                                dictionary j599 = {
                                    string collisionMode = "visual_only"
                                    int contactId = 7
                                    int coordinateSourcePage = 154
                                }
                            }
                        )
                        {
                            uniform token axis = "Z"
                            double height = 0.004
                            color3f[] primvars:displayColor = [(0.88, 0.61, 0.12)]
                            double radius = 0.00038
                            double3 xformOp:translate = (-0.0121666, -0.0070866, -0.002)
                            uniform token[] xformOpOrder = ["xformOp:translate"]
                        }

                        def Cylinder "Pin_008" (
                            customData = {
                                dictionary j599 = {
                                    string collisionMode = "visual_only"
                                    int contactId = 8
                                    int coordinateSourcePage = 154
                                }
                            }
                        )
                        {
                            uniform token axis = "Z"
                            double height = 0.004
                            color3f[] primvars:displayColor = [(0.88, 0.61, 0.12)]
                            double radius = 0.00038
                            double3 xformOp:translate = (-0.010769599999999999, 0.009067799999999999, -0.002)
                            uniform token[] xformOpOrder = ["xformOp:translate"]
                        }

                        def Cylinder "Pin_009" (
                            customData = {
                                dictionary j599 = {
                                    string collisionMode = "visual_only"
                                    int contactId = 9
                                    int coordinateSourcePage = 154
                                }
                            }
                        )
                        {
                            uniform token axis = "Z"
                            double height = 0.004
                            color3f[] primvars:displayColor = [(0.88, 0.61, 0.12)]
                            double radius = 0.00038
                            double3 xformOp:translate = (-0.010540999999999998, 0.0048259999999999996, -0.002)
                            uniform token[] xformOpOrder = ["xformOp:translate"]
                        }

                        def Cylinder "Pin_010" (
                            customData = {
                                dictionary j599 = {
                                    string collisionMode = "visual_only"
                                    int contactId = 10
                                    int coordinateSourcePage = 154
                                }
                            }
                        )
                        {
                            uniform token axis = "Z"
                            double height = 0.004
                            color3f[] primvars:displayColor = [(0.88, 0.61, 0.12)]
                            double radius = 0.00038
                            double3 xformOp:translate = (-0.010540999999999998, 0.0024129999999999998, -0.002)
                            uniform token[] xformOpOrder = ["xformOp:translate"]
                        }

                        def Cylinder "Pin_011" (
                            customData = {
                                dictionary j599 = {
                                    string collisionMode = "visual_only"
                                    int contactId = 11
                                    int coordinateSourcePage = 154
                                }
                            }
                        )
                        {
                            uniform token axis = "Z"
                            double height = 0.004
                            color3f[] primvars:displayColor = [(0.88, 0.61, 0.12)]
                            double radius = 0.00038
                            double3 xformOp:translate = (-0.010540999999999998, 0, -0.002)
                            uniform token[] xformOpOrder = ["xformOp:translate"]
                        }

                        def Cylinder "Pin_012" (
                            customData = {
                                dictionary j599 = {
                                    string collisionMode = "visual_only"
                                    int contactId = 12
                                    int coordinateSourcePage = 154
                                }
                            }
                        )
                        {
                            uniform token axis = "Z"
                            double height = 0.004
                            color3f[] primvars:displayColor = [(0.88, 0.61, 0.12)]
                            double radius = 0.00038
                            double3 xformOp:translate = (-0.010540999999999998, -0.0024129999999999998, -0.002)
                            uniform token[] xformOpOrder = ["xformOp:translate"]
                        }

                        def Cylinder "Pin_013" (
                            customData = {
                                dictionary j599 = {
                                    string collisionMode = "visual_only"
                                    int contactId = 13
                                    int coordinateSourcePage = 154
                                }
                            }
                        )
                        {
                            uniform token axis = "Z"
                            double height = 0.004
                            color3f[] primvars:displayColor = [(0.88, 0.61, 0.12)]
                            double radius = 0.00038
                            double3 xformOp:translate = (-0.010540999999999998, -0.0048259999999999996, -0.002)
                            uniform token[] xformOpOrder = ["xformOp:translate"]
                        }

                        def Cylinder "Pin_014" (
                            customData = {
                                dictionary j599 = {
                                    string collisionMode = "visual_only"
                                    int contactId = 14
                                    int coordinateSourcePage = 154
                                }
                            }
                        )
                        {
                            uniform token axis = "Z"
                            double height = 0.004
                            color3f[] primvars:displayColor = [(0.88, 0.61, 0.12)]
                            double radius = 0.00038
                            double3 xformOp:translate = (-0.010769599999999999, -0.009067799999999999, -0.002)
                            uniform token[] xformOpOrder = ["xformOp:translate"]
                        }

                        def Cylinder "Pin_015" (
                            customData = {
                                dictionary j599 = {
                                    string collisionMode = "visual_only"
                                    int contactId = 15
                                    int coordinateSourcePage = 154
                                }
                            }
                        )
                        {
                            uniform token axis = "Z"
                            double height = 0.004
                            color3f[] primvars:displayColor = [(0.88, 0.61, 0.12)]
                            double radius = 0.00038
                            double3 xformOp:translate = (-0.0084328, 0.0112776, -0.002)
                            uniform token[] xformOpOrder = ["xformOp:translate"]
                        }

                        def Cylinder "Pin_016" (
                            customData = {
                                dictionary j599 = {
                                    string collisionMode = "visual_only"
                                    int contactId = 16
                                    int coordinateSourcePage = 154
                                }
                            }
                        )
                        {
                            uniform token axis = "Z"
                            double height = 0.004
                            color3f[] primvars:displayColor = [(0.88, 0.61, 0.12)]
                            double radius = 0.00038
                            double3 xformOp:translate = (-0.0084328, 0.0084328, -0.002)
                            uniform token[] xformOpOrder = ["xformOp:translate"]
                        }

                        def Cylinder "Pin_017" (
                            customData = {
                                dictionary j599 = {
                                    string collisionMode = "visual_only"
                                    int contactId = 17
                                    int coordinateSourcePage = 154
                                }
                            }
                        )
                        {
                            uniform token axis = "Z"
                            double height = 0.004
                            color3f[] primvars:displayColor = [(0.88, 0.61, 0.12)]
                            double radius = 0.00038
                            double3 xformOp:translate = (-0.0084328, 0.0060198, -0.002)
                            uniform token[] xformOpOrder = ["xformOp:translate"]
                        }

                        def Cylinder "Pin_018" (
                            customData = {
                                dictionary j599 = {
                                    string collisionMode = "visual_only"
                                    int contactId = 18
                                    int coordinateSourcePage = 155
                                }
                            }
                        )
                        {
                            uniform token axis = "Z"
                            double height = 0.004
                            color3f[] primvars:displayColor = [(0.88, 0.61, 0.12)]
                            double radius = 0.00038
                            double3 xformOp:translate = (-0.0084328, 0.0036067999999999994, -0.002)
                            uniform token[] xformOpOrder = ["xformOp:translate"]
                        }

                        def Cylinder "Pin_019" (
                            customData = {
                                dictionary j599 = {
                                    string collisionMode = "visual_only"
                                    int contactId = 19
                                    int coordinateSourcePage = 155
                                }
                            }
                        )
                        {
                            uniform token axis = "Z"
                            double height = 0.004
                            color3f[] primvars:displayColor = [(0.88, 0.61, 0.12)]
                            double radius = 0.00038
                            double3 xformOp:translate = (-0.0084328, 0.0011937999999999999, -0.002)
                            uniform token[] xformOpOrder = ["xformOp:translate"]
                        }

                        def Cylinder "Pin_020" (
                            customData = {
                                dictionary j599 = {
                                    string collisionMode = "visual_only"
                                    int contactId = 20
                                    int coordinateSourcePage = 155
                                }
                            }
                        )
                        {
                            uniform token axis = "Z"
                            double height = 0.004
                            color3f[] primvars:displayColor = [(0.88, 0.61, 0.12)]
                            double radius = 0.00038
                            double3 xformOp:translate = (-0.0084328, -0.0011937999999999999, -0.002)
                            uniform token[] xformOpOrder = ["xformOp:translate"]
                        }

                        def Cylinder "Pin_021" (
                            customData = {
                                dictionary j599 = {
                                    string collisionMode = "visual_only"
                                    int contactId = 21
                                    int coordinateSourcePage = 155
                                }
                            }
                        )
                        {
                            uniform token axis = "Z"
                            double height = 0.004
                            color3f[] primvars:displayColor = [(0.88, 0.61, 0.12)]
                            double radius = 0.00038
                            double3 xformOp:translate = (-0.0084328, -0.0036067999999999994, -0.002)
                            uniform token[] xformOpOrder = ["xformOp:translate"]
                        }

                        def Cylinder "Pin_022" (
                            customData = {
                                dictionary j599 = {
                                    string collisionMode = "visual_only"
                                    int contactId = 22
                                    int coordinateSourcePage = 155
                                }
                            }
                        )
                        {
                            uniform token axis = "Z"
                            double height = 0.004
                            color3f[] primvars:displayColor = [(0.88, 0.61, 0.12)]
                            double radius = 0.00038
                            double3 xformOp:translate = (-0.0084328, -0.0060198, -0.002)
                            uniform token[] xformOpOrder = ["xformOp:translate"]
                        }

                        def Cylinder "Pin_023" (
                            customData = {
                                dictionary j599 = {
                                    string collisionMode = "visual_only"
                                    int contactId = 23
                                    int coordinateSourcePage = 155
                                }
                            }
                        )
                        {
                            uniform token axis = "Z"
                            double height = 0.004
                            color3f[] primvars:displayColor = [(0.88, 0.61, 0.12)]
                            double radius = 0.00038
                            double3 xformOp:translate = (-0.0084328, -0.0084328, -0.002)
                            uniform token[] xformOpOrder = ["xformOp:translate"]
                        }

                        def Cylinder "Pin_024" (
                            customData = {
                                dictionary j599 = {
                                    string collisionMode = "visual_only"
                                    int contactId = 24
                                    int coordinateSourcePage = 155
                                }
                            }
                        )
                        {
                            uniform token axis = "Z"
                            double height = 0.004
                            color3f[] primvars:displayColor = [(0.88, 0.61, 0.12)]
                            double radius = 0.00038
                            double3 xformOp:translate = (-0.0084328, -0.0108458, -0.002)
                            uniform token[] xformOpOrder = ["xformOp:translate"]
                        }

                        def Cylinder "Pin_025" (
                            customData = {
                                dictionary j599 = {
                                    string collisionMode = "visual_only"
                                    int contactId = 25
                                    int coordinateSourcePage = 155
                                }
                            }
                        )
                        {
                            uniform token axis = "Z"
                            double height = 0.004
                            color3f[] primvars:displayColor = [(0.88, 0.61, 0.12)]
                            double radius = 0.00038
                            double3 xformOp:translate = (-0.0063246, 0.0125984, -0.002)
                            uniform token[] xformOpOrder = ["xformOp:translate"]
                        }

                        def Cylinder "Pin_026" (
                            customData = {
                                dictionary j599 = {
                                    string collisionMode = "visual_only"
                                    int contactId = 26
                                    int coordinateSourcePage = 155
                                }
                            }
                        )
                        {
                            uniform token axis = "Z"
                            double height = 0.004
                            color3f[] primvars:displayColor = [(0.88, 0.61, 0.12)]
                            double radius = 0.00038
                            double3 xformOp:translate = (-0.0063246, 0.009651999999999999, -0.002)
                            uniform token[] xformOpOrder = ["xformOp:translate"]
                        }

                        def Cylinder "Pin_027" (
                            customData = {
                                dictionary j599 = {
                                    string collisionMode = "visual_only"
                                    int contactId = 27
                                    int coordinateSourcePage = 155
                                }
                            }
                        )
                        {
                            uniform token axis = "Z"
                            double height = 0.004
                            color3f[] primvars:displayColor = [(0.88, 0.61, 0.12)]
                            double radius = 0.00038
                            double3 xformOp:translate = (-0.0063246, 0.007238999999999999, -0.002)
                            uniform token[] xformOpOrder = ["xformOp:translate"]
                        }

                        def Cylinder "Pin_028" (
                            customData = {
                                dictionary j599 = {
                                    string collisionMode = "visual_only"
                                    int contactId = 28
                                    int coordinateSourcePage = 155
                                }
                            }
                        )
                        {
                            uniform token axis = "Z"
                            double height = 0.004
                            color3f[] primvars:displayColor = [(0.88, 0.61, 0.12)]
                            double radius = 0.00038
                            double3 xformOp:translate = (-0.0063246, 0.0048259999999999996, -0.002)
                            uniform token[] xformOpOrder = ["xformOp:translate"]
                        }

                        def Cylinder "Pin_029" (
                            customData = {
                                dictionary j599 = {
                                    string collisionMode = "visual_only"
                                    int contactId = 29
                                    int coordinateSourcePage = 155
                                }
                            }
                        )
                        {
                            uniform token axis = "Z"
                            double height = 0.004
                            color3f[] primvars:displayColor = [(0.88, 0.61, 0.12)]
                            double radius = 0.00038
                            double3 xformOp:translate = (-0.0063246, 0.0024129999999999998, -0.002)
                            uniform token[] xformOpOrder = ["xformOp:translate"]
                        }

                        def Cylinder "Pin_030" (
                            customData = {
                                dictionary j599 = {
                                    string collisionMode = "visual_only"
                                    int contactId = 30
                                    int coordinateSourcePage = 155
                                }
                            }
                        )
                        {
                            uniform token axis = "Z"
                            double height = 0.004
                            color3f[] primvars:displayColor = [(0.88, 0.61, 0.12)]
                            double radius = 0.00038
                            double3 xformOp:translate = (-0.0063246, 0, -0.002)
                            uniform token[] xformOpOrder = ["xformOp:translate"]
                        }

                        def Cylinder "Pin_031" (
                            customData = {
                                dictionary j599 = {
                                    string collisionMode = "visual_only"
                                    int contactId = 31
                                    int coordinateSourcePage = 155
                                }
                            }
                        )
                        {
                            uniform token axis = "Z"
                            double height = 0.004
                            color3f[] primvars:displayColor = [(0.88, 0.61, 0.12)]
                            double radius = 0.00038
                            double3 xformOp:translate = (-0.0063246, -0.0024129999999999998, -0.002)
                            uniform token[] xformOpOrder = ["xformOp:translate"]
                        }

                        def Cylinder "Pin_032" (
                            customData = {
                                dictionary j599 = {
                                    string collisionMode = "visual_only"
                                    int contactId = 32
                                    int coordinateSourcePage = 155
                                }
                            }
                        )
                        {
                            uniform token axis = "Z"
                            double height = 0.004
                            color3f[] primvars:displayColor = [(0.88, 0.61, 0.12)]
                            double radius = 0.00038
                            double3 xformOp:translate = (-0.0063246, -0.0048259999999999996, -0.002)
                            uniform token[] xformOpOrder = ["xformOp:translate"]
                        }

                        def Cylinder "Pin_033" (
                            customData = {
                                dictionary j599 = {
                                    string collisionMode = "visual_only"
                                    int contactId = 33
                                    int coordinateSourcePage = 155
                                }
                            }
                        )
                        {
                            uniform token axis = "Z"
                            double height = 0.004
                            color3f[] primvars:displayColor = [(0.88, 0.61, 0.12)]
                            double radius = 0.00038
                            double3 xformOp:translate = (-0.0063246, -0.007238999999999999, -0.002)
                            uniform token[] xformOpOrder = ["xformOp:translate"]
                        }

                        def Cylinder "Pin_034" (
                            customData = {
                                dictionary j599 = {
                                    string collisionMode = "visual_only"
                                    int contactId = 34
                                    int coordinateSourcePage = 155
                                }
                            }
                        )
                        {
                            uniform token axis = "Z"
                            double height = 0.004
                            color3f[] primvars:displayColor = [(0.88, 0.61, 0.12)]
                            double radius = 0.00038
                            double3 xformOp:translate = (-0.0063246, -0.009651999999999999, -0.002)
                            uniform token[] xformOpOrder = ["xformOp:translate"]
                        }

                        def Cylinder "Pin_035" (
                            customData = {
                                dictionary j599 = {
                                    string collisionMode = "visual_only"
                                    int contactId = 35
                                    int coordinateSourcePage = 155
                                }
                            }
                        )
                        {
                            uniform token axis = "Z"
                            double height = 0.004
                            color3f[] primvars:displayColor = [(0.88, 0.61, 0.12)]
                            double radius = 0.00038
                            double3 xformOp:translate = (-0.0063246, -0.012065, -0.002)
                            uniform token[] xformOpOrder = ["xformOp:translate"]
                        }

                        def Cylinder "Pin_036" (
                            customData = {
                                dictionary j599 = {
                                    string collisionMode = "visual_only"
                                    int contactId = 36
                                    int coordinateSourcePage = 155
                                }
                            }
                        )
                        {
                            uniform token axis = "Z"
                            double height = 0.004
                            color3f[] primvars:displayColor = [(0.88, 0.61, 0.12)]
                            double radius = 0.00038
                            double3 xformOp:translate = (-0.004064, 0.0134874, -0.002)
                            uniform token[] xformOpOrder = ["xformOp:translate"]
                        }

                        def Cylinder "Pin_037" (
                            customData = {
                                dictionary j599 = {
                                    string collisionMode = "visual_only"
                                    int contactId = 37
                                    int coordinateSourcePage = 155
                                }
                            }
                        )
                        {
                            uniform token axis = "Z"
                            double height = 0.004
                            color3f[] primvars:displayColor = [(0.88, 0.61, 0.12)]
                            double radius = 0.00038
                            double3 xformOp:translate = (-0.0042164, 0.0108458, -0.002)
                            uniform token[] xformOpOrder = ["xformOp:translate"]
                        }

                        def Cylinder "Pin_038" (
                            customData = {
                                dictionary j599 = {
                                    string collisionMode = "visual_only"
                                    int contactId = 38
                                    int coordinateSourcePage = 155
                                }
                            }
                        )
                        {
                            uniform token axis = "Z"
                            double height = 0.004
                            color3f[] primvars:displayColor = [(0.88, 0.61, 0.12)]
                            double radius = 0.00038
                            double3 xformOp:translate = (-0.0042164, 0.0084328, -0.002)
                            uniform token[] xformOpOrder = ["xformOp:translate"]
                        }

                        def Cylinder "Pin_039" (
                            customData = {
                                dictionary j599 = {
                                    string collisionMode = "visual_only"
                                    int contactId = 39
                                    int coordinateSourcePage = 155
                                }
                            }
                        )
                        {
                            uniform token axis = "Z"
                            double height = 0.004
                            color3f[] primvars:displayColor = [(0.88, 0.61, 0.12)]
                            double radius = 0.00038
                            double3 xformOp:translate = (-0.0042164, 0.0060198, -0.002)
                            uniform token[] xformOpOrder = ["xformOp:translate"]
                        }

                        def Cylinder "Pin_040" (
                            customData = {
                                dictionary j599 = {
                                    string collisionMode = "visual_only"
                                    int contactId = 40
                                    int coordinateSourcePage = 155
                                }
                            }
                        )
                        {
                            uniform token axis = "Z"
                            double height = 0.004
                            color3f[] primvars:displayColor = [(0.88, 0.61, 0.12)]
                            double radius = 0.00038
                            double3 xformOp:translate = (-0.0042164, 0.0036067999999999994, -0.002)
                            uniform token[] xformOpOrder = ["xformOp:translate"]
                        }

                        def Cylinder "Pin_041" (
                            customData = {
                                dictionary j599 = {
                                    string collisionMode = "visual_only"
                                    int contactId = 41
                                    int coordinateSourcePage = 155
                                }
                            }
                        )
                        {
                            uniform token axis = "Z"
                            double height = 0.004
                            color3f[] primvars:displayColor = [(0.88, 0.61, 0.12)]
                            double radius = 0.00038
                            double3 xformOp:translate = (-0.0042164, 0.0011937999999999999, -0.002)
                            uniform token[] xformOpOrder = ["xformOp:translate"]
                        }

                        def Cylinder "Pin_042" (
                            customData = {
                                dictionary j599 = {
                                    string collisionMode = "visual_only"
                                    int contactId = 42
                                    int coordinateSourcePage = 155
                                }
                            }
                        )
                        {
                            uniform token axis = "Z"
                            double height = 0.004
                            color3f[] primvars:displayColor = [(0.88, 0.61, 0.12)]
                            double radius = 0.00038
                            double3 xformOp:translate = (-0.0042164, -0.0011937999999999999, -0.002)
                            uniform token[] xformOpOrder = ["xformOp:translate"]
                        }

                        def Cylinder "Pin_043" (
                            customData = {
                                dictionary j599 = {
                                    string collisionMode = "visual_only"
                                    int contactId = 43
                                    int coordinateSourcePage = 155
                                }
                            }
                        )
                        {
                            uniform token axis = "Z"
                            double height = 0.004
                            color3f[] primvars:displayColor = [(0.88, 0.61, 0.12)]
                            double radius = 0.00038
                            double3 xformOp:translate = (-0.0042164, -0.0036067999999999994, -0.002)
                            uniform token[] xformOpOrder = ["xformOp:translate"]
                        }

                        def Cylinder "Pin_044" (
                            customData = {
                                dictionary j599 = {
                                    string collisionMode = "visual_only"
                                    int contactId = 44
                                    int coordinateSourcePage = 155
                                }
                            }
                        )
                        {
                            uniform token axis = "Z"
                            double height = 0.004
                            color3f[] primvars:displayColor = [(0.88, 0.61, 0.12)]
                            double radius = 0.00038
                            double3 xformOp:translate = (-0.0042164, -0.0060198, -0.002)
                            uniform token[] xformOpOrder = ["xformOp:translate"]
                        }

                        def Cylinder "Pin_045" (
                            customData = {
                                dictionary j599 = {
                                    string collisionMode = "visual_only"
                                    int contactId = 45
                                    int coordinateSourcePage = 155
                                }
                            }
                        )
                        {
                            uniform token axis = "Z"
                            double height = 0.004
                            color3f[] primvars:displayColor = [(0.88, 0.61, 0.12)]
                            double radius = 0.00038
                            double3 xformOp:translate = (-0.0042164, -0.0084328, -0.002)
                            uniform token[] xformOpOrder = ["xformOp:translate"]
                        }

                        def Cylinder "Pin_046" (
                            customData = {
                                dictionary j599 = {
                                    string collisionMode = "visual_only"
                                    int contactId = 46
                                    int coordinateSourcePage = 155
                                }
                            }
                        )
                        {
                            uniform token axis = "Z"
                            double height = 0.004
                            color3f[] primvars:displayColor = [(0.88, 0.61, 0.12)]
                            double radius = 0.00038
                            double3 xformOp:translate = (-0.0042164, -0.0108458, -0.002)
                            uniform token[] xformOpOrder = ["xformOp:translate"]
                        }

                        def Cylinder "Pin_047" (
                            customData = {
                                dictionary j599 = {
                                    string collisionMode = "visual_only"
                                    int contactId = 47
                                    int coordinateSourcePage = 155
                                }
                            }
                        )
                        {
                            uniform token axis = "Z"
                            double height = 0.004
                            color3f[] primvars:displayColor = [(0.88, 0.61, 0.12)]
                            double radius = 0.00038
                            double3 xformOp:translate = (-0.0042164, -0.0132588, -0.002)
                            uniform token[] xformOpOrder = ["xformOp:translate"]
                        }

                        def Cylinder "Pin_048" (
                            customData = {
                                dictionary j599 = {
                                    string collisionMode = "visual_only"
                                    int contactId = 48
                                    int coordinateSourcePage = 155
                                }
                            }
                        )
                        {
                            uniform token axis = "Z"
                            double height = 0.004
                            color3f[] primvars:displayColor = [(0.88, 0.61, 0.12)]
                            double radius = 0.00038
                            double3 xformOp:translate = (-0.0021082, 0.012065, -0.002)
                            uniform token[] xformOpOrder = ["xformOp:translate"]
                        }

                        def Cylinder "Pin_049" (
                            customData = {
                                dictionary j599 = {
                                    string collisionMode = "visual_only"
                                    int contactId = 49
                                    int coordinateSourcePage = 155
                                }
                            }
                        )
                        {
                            uniform token axis = "Z"
                            double height = 0.004
                            color3f[] primvars:displayColor = [(0.88, 0.61, 0.12)]
                            double radius = 0.00038
                            double3 xformOp:translate = (-0.0021082, 0.009651999999999999, -0.002)
                            uniform token[] xformOpOrder = ["xformOp:translate"]
                        }

                        def Cylinder "Pin_050" (
                            customData = {
                                dictionary j599 = {
                                    string collisionMode = "visual_only"
                                    int contactId = 50
                                    int coordinateSourcePage = 155
                                }
                            }
                        )
                        {
                            uniform token axis = "Z"
                            double height = 0.004
                            color3f[] primvars:displayColor = [(0.88, 0.61, 0.12)]
                            double radius = 0.00038
                            double3 xformOp:translate = (-0.0021082, 0.007238999999999999, -0.002)
                            uniform token[] xformOpOrder = ["xformOp:translate"]
                        }

                        def Cylinder "Pin_051" (
                            customData = {
                                dictionary j599 = {
                                    string collisionMode = "visual_only"
                                    int contactId = 51
                                    int coordinateSourcePage = 156
                                }
                            }
                        )
                        {
                            uniform token axis = "Z"
                            double height = 0.004
                            color3f[] primvars:displayColor = [(0.88, 0.61, 0.12)]
                            double radius = 0.00038
                            double3 xformOp:translate = (-0.0021082, 0.0048259999999999996, -0.002)
                            uniform token[] xformOpOrder = ["xformOp:translate"]
                        }

                        def Cylinder "Pin_052" (
                            customData = {
                                dictionary j599 = {
                                    string collisionMode = "visual_only"
                                    int contactId = 52
                                    int coordinateSourcePage = 156
                                }
                            }
                        )
                        {
                            uniform token axis = "Z"
                            double height = 0.004
                            color3f[] primvars:displayColor = [(0.88, 0.61, 0.12)]
                            double radius = 0.00038
                            double3 xformOp:translate = (-0.0021082, 0.0024129999999999998, -0.002)
                            uniform token[] xformOpOrder = ["xformOp:translate"]
                        }

                        def Cylinder "Pin_053" (
                            customData = {
                                dictionary j599 = {
                                    string collisionMode = "visual_only"
                                    int contactId = 53
                                    int coordinateSourcePage = 156
                                }
                            }
                        )
                        {
                            uniform token axis = "Z"
                            double height = 0.004
                            color3f[] primvars:displayColor = [(0.88, 0.61, 0.12)]
                            double radius = 0.00038
                            double3 xformOp:translate = (-0.0021082, 0, -0.002)
                            uniform token[] xformOpOrder = ["xformOp:translate"]
                        }

                        def Cylinder "Pin_054" (
                            customData = {
                                dictionary j599 = {
                                    string collisionMode = "visual_only"
                                    int contactId = 54
                                    int coordinateSourcePage = 156
                                }
                            }
                        )
                        {
                            uniform token axis = "Z"
                            double height = 0.004
                            color3f[] primvars:displayColor = [(0.88, 0.61, 0.12)]
                            double radius = 0.00038
                            double3 xformOp:translate = (-0.0021082, -0.0024129999999999998, -0.002)
                            uniform token[] xformOpOrder = ["xformOp:translate"]
                        }

                        def Cylinder "Pin_055" (
                            customData = {
                                dictionary j599 = {
                                    string collisionMode = "visual_only"
                                    int contactId = 55
                                    int coordinateSourcePage = 156
                                }
                            }
                        )
                        {
                            uniform token axis = "Z"
                            double height = 0.004
                            color3f[] primvars:displayColor = [(0.88, 0.61, 0.12)]
                            double radius = 0.00038
                            double3 xformOp:translate = (-0.0021082, -0.0048259999999999996, -0.002)
                            uniform token[] xformOpOrder = ["xformOp:translate"]
                        }

                        def Cylinder "Pin_056" (
                            customData = {
                                dictionary j599 = {
                                    string collisionMode = "visual_only"
                                    int contactId = 56
                                    int coordinateSourcePage = 156
                                }
                            }
                        )
                        {
                            uniform token axis = "Z"
                            double height = 0.004
                            color3f[] primvars:displayColor = [(0.88, 0.61, 0.12)]
                            double radius = 0.00038
                            double3 xformOp:translate = (-0.0021082, -0.007238999999999999, -0.002)
                            uniform token[] xformOpOrder = ["xformOp:translate"]
                        }

                        def Cylinder "Pin_057" (
                            customData = {
                                dictionary j599 = {
                                    string collisionMode = "visual_only"
                                    int contactId = 57
                                    int coordinateSourcePage = 156
                                }
                            }
                        )
                        {
                            uniform token axis = "Z"
                            double height = 0.004
                            color3f[] primvars:displayColor = [(0.88, 0.61, 0.12)]
                            double radius = 0.00038
                            double3 xformOp:translate = (-0.0021082, -0.009651999999999999, -0.002)
                            uniform token[] xformOpOrder = ["xformOp:translate"]
                        }

                        def Cylinder "Pin_058" (
                            customData = {
                                dictionary j599 = {
                                    string collisionMode = "visual_only"
                                    int contactId = 58
                                    int coordinateSourcePage = 156
                                }
                            }
                        )
                        {
                            uniform token axis = "Z"
                            double height = 0.004
                            color3f[] primvars:displayColor = [(0.88, 0.61, 0.12)]
                            double radius = 0.00038
                            double3 xformOp:translate = (-0.0021082, -0.012065, -0.002)
                            uniform token[] xformOpOrder = ["xformOp:translate"]
                        }

                        def Cylinder "Pin_059" (
                            customData = {
                                dictionary j599 = {
                                    string collisionMode = "visual_only"
                                    int contactId = 59
                                    int coordinateSourcePage = 156
                                }
                            }
                        )
                        {
                            uniform token axis = "Z"
                            double height = 0.004
                            color3f[] primvars:displayColor = [(0.88, 0.61, 0.12)]
                            double radius = 0.00038
                            double3 xformOp:translate = (0, 0.0132588, -0.002)
                            uniform token[] xformOpOrder = ["xformOp:translate"]
                        }

                        def Cylinder "Pin_060" (
                            customData = {
                                dictionary j599 = {
                                    string collisionMode = "visual_only"
                                    int contactId = 60
                                    int coordinateSourcePage = 156
                                }
                            }
                        )
                        {
                            uniform token axis = "Z"
                            double height = 0.004
                            color3f[] primvars:displayColor = [(0.88, 0.61, 0.12)]
                            double radius = 0.00038
                            double3 xformOp:translate = (0, 0.0108458, -0.002)
                            uniform token[] xformOpOrder = ["xformOp:translate"]
                        }

                        def Cylinder "Pin_061" (
                            customData = {
                                dictionary j599 = {
                                    string collisionMode = "visual_only"
                                    int contactId = 61
                                    int coordinateSourcePage = 156
                                }
                            }
                        )
                        {
                            uniform token axis = "Z"
                            double height = 0.004
                            color3f[] primvars:displayColor = [(0.88, 0.61, 0.12)]
                            double radius = 0.00038
                            double3 xformOp:translate = (0, 0.0084328, -0.002)
                            uniform token[] xformOpOrder = ["xformOp:translate"]
                        }

                        def Cylinder "Pin_062" (
                            customData = {
                                dictionary j599 = {
                                    string collisionMode = "visual_only"
                                    int contactId = 62
                                    int coordinateSourcePage = 156
                                }
                            }
                        )
                        {
                            uniform token axis = "Z"
                            double height = 0.004
                            color3f[] primvars:displayColor = [(0.88, 0.61, 0.12)]
                            double radius = 0.00038
                            double3 xformOp:translate = (0, 0.0060198, -0.002)
                            uniform token[] xformOpOrder = ["xformOp:translate"]
                        }

                        def Cylinder "Pin_063" (
                            customData = {
                                dictionary j599 = {
                                    string collisionMode = "visual_only"
                                    int contactId = 63
                                    int coordinateSourcePage = 156
                                }
                            }
                        )
                        {
                            uniform token axis = "Z"
                            double height = 0.004
                            color3f[] primvars:displayColor = [(0.88, 0.61, 0.12)]
                            double radius = 0.00038
                            double3 xformOp:translate = (0, 0.0036067999999999994, -0.002)
                            uniform token[] xformOpOrder = ["xformOp:translate"]
                        }

                        def Cylinder "Pin_064" (
                            customData = {
                                dictionary j599 = {
                                    string collisionMode = "visual_only"
                                    int contactId = 64
                                    int coordinateSourcePage = 156
                                }
                            }
                        )
                        {
                            uniform token axis = "Z"
                            double height = 0.004
                            color3f[] primvars:displayColor = [(0.88, 0.61, 0.12)]
                            double radius = 0.00038
                            double3 xformOp:translate = (0, 0.0011937999999999999, -0.002)
                            uniform token[] xformOpOrder = ["xformOp:translate"]
                        }

                        def Cylinder "Pin_065" (
                            customData = {
                                dictionary j599 = {
                                    string collisionMode = "visual_only"
                                    int contactId = 65
                                    int coordinateSourcePage = 154
                                }
                            }
                        )
                        {
                            uniform token axis = "Z"
                            double height = 0.004
                            color3f[] primvars:displayColor = [(0.88, 0.61, 0.12)]
                            double radius = 0.00038
                            double3 xformOp:translate = (0, -0.0011937999999999999, -0.002)
                            uniform token[] xformOpOrder = ["xformOp:translate"]
                        }

                        def Cylinder "Pin_066" (
                            customData = {
                                dictionary j599 = {
                                    string collisionMode = "visual_only"
                                    int contactId = 66
                                    int coordinateSourcePage = 154
                                }
                            }
                        )
                        {
                            uniform token axis = "Z"
                            double height = 0.004
                            color3f[] primvars:displayColor = [(0.88, 0.61, 0.12)]
                            double radius = 0.00038
                            double3 xformOp:translate = (0, -0.0036067999999999994, -0.002)
                            uniform token[] xformOpOrder = ["xformOp:translate"]
                        }

                        def Cylinder "Pin_067" (
                            customData = {
                                dictionary j599 = {
                                    string collisionMode = "visual_only"
                                    int contactId = 67
                                    int coordinateSourcePage = 154
                                }
                            }
                        )
                        {
                            uniform token axis = "Z"
                            double height = 0.004
                            color3f[] primvars:displayColor = [(0.88, 0.61, 0.12)]
                            double radius = 0.00038
                            double3 xformOp:translate = (0, -0.0060198, -0.002)
                            uniform token[] xformOpOrder = ["xformOp:translate"]
                        }

                        def Cylinder "Pin_068" (
                            customData = {
                                dictionary j599 = {
                                    string collisionMode = "visual_only"
                                    int contactId = 68
                                    int coordinateSourcePage = 154
                                }
                            }
                        )
                        {
                            uniform token axis = "Z"
                            double height = 0.004
                            color3f[] primvars:displayColor = [(0.88, 0.61, 0.12)]
                            double radius = 0.00038
                            double3 xformOp:translate = (0, -0.0084328, -0.002)
                            uniform token[] xformOpOrder = ["xformOp:translate"]
                        }

                        def Cylinder "Pin_069" (
                            customData = {
                                dictionary j599 = {
                                    string collisionMode = "visual_only"
                                    int contactId = 69
                                    int coordinateSourcePage = 154
                                }
                            }
                        )
                        {
                            uniform token axis = "Z"
                            double height = 0.004
                            color3f[] primvars:displayColor = [(0.88, 0.61, 0.12)]
                            double radius = 0.00038
                            double3 xformOp:translate = (0, -0.0108458, -0.002)
                            uniform token[] xformOpOrder = ["xformOp:translate"]
                        }

                        def Cylinder "Pin_070" (
                            customData = {
                                dictionary j599 = {
                                    string collisionMode = "visual_only"
                                    int contactId = 70
                                    int coordinateSourcePage = 154
                                }
                            }
                        )
                        {
                            uniform token axis = "Z"
                            double height = 0.004
                            color3f[] primvars:displayColor = [(0.88, 0.61, 0.12)]
                            double radius = 0.00038
                            double3 xformOp:translate = (0, -0.014097, -0.002)
                            uniform token[] xformOpOrder = ["xformOp:translate"]
                        }

                        def Cylinder "Pin_071" (
                            customData = {
                                dictionary j599 = {
                                    string collisionMode = "visual_only"
                                    int contactId = 71
                                    int coordinateSourcePage = 154
                                }
                            }
                        )
                        {
                            uniform token axis = "Z"
                            double height = 0.004
                            color3f[] primvars:displayColor = [(0.88, 0.61, 0.12)]
                            double radius = 0.00038
                            double3 xformOp:translate = (0.0021082, 0.012065, -0.002)
                            uniform token[] xformOpOrder = ["xformOp:translate"]
                        }

                        def Cylinder "Pin_072" (
                            customData = {
                                dictionary j599 = {
                                    string collisionMode = "visual_only"
                                    int contactId = 72
                                    int coordinateSourcePage = 154
                                }
                            }
                        )
                        {
                            uniform token axis = "Z"
                            double height = 0.004
                            color3f[] primvars:displayColor = [(0.88, 0.61, 0.12)]
                            double radius = 0.00038
                            double3 xformOp:translate = (0.0021082, 0.009651999999999999, -0.002)
                            uniform token[] xformOpOrder = ["xformOp:translate"]
                        }

                        def Cylinder "Pin_073" (
                            customData = {
                                dictionary j599 = {
                                    string collisionMode = "visual_only"
                                    int contactId = 73
                                    int coordinateSourcePage = 154
                                }
                            }
                        )
                        {
                            uniform token axis = "Z"
                            double height = 0.004
                            color3f[] primvars:displayColor = [(0.88, 0.61, 0.12)]
                            double radius = 0.00038
                            double3 xformOp:translate = (0.0021082, 0.007238999999999999, -0.002)
                            uniform token[] xformOpOrder = ["xformOp:translate"]
                        }

                        def Cylinder "Pin_074" (
                            customData = {
                                dictionary j599 = {
                                    string collisionMode = "visual_only"
                                    int contactId = 74
                                    int coordinateSourcePage = 154
                                }
                            }
                        )
                        {
                            uniform token axis = "Z"
                            double height = 0.004
                            color3f[] primvars:displayColor = [(0.88, 0.61, 0.12)]
                            double radius = 0.00038
                            double3 xformOp:translate = (0.0021082, 0.0048259999999999996, -0.002)
                            uniform token[] xformOpOrder = ["xformOp:translate"]
                        }

                        def Cylinder "Pin_075" (
                            customData = {
                                dictionary j599 = {
                                    string collisionMode = "visual_only"
                                    int contactId = 75
                                    int coordinateSourcePage = 154
                                }
                            }
                        )
                        {
                            uniform token axis = "Z"
                            double height = 0.004
                            color3f[] primvars:displayColor = [(0.88, 0.61, 0.12)]
                            double radius = 0.00038
                            double3 xformOp:translate = (0.0021082, 0.0024129999999999998, -0.002)
                            uniform token[] xformOpOrder = ["xformOp:translate"]
                        }

                        def Cylinder "Pin_076" (
                            customData = {
                                dictionary j599 = {
                                    string collisionMode = "visual_only"
                                    int contactId = 76
                                    int coordinateSourcePage = 154
                                }
                            }
                        )
                        {
                            uniform token axis = "Z"
                            double height = 0.004
                            color3f[] primvars:displayColor = [(0.88, 0.61, 0.12)]
                            double radius = 0.00038
                            double3 xformOp:translate = (0.0021082, 0, -0.002)
                            uniform token[] xformOpOrder = ["xformOp:translate"]
                        }

                        def Cylinder "Pin_077" (
                            customData = {
                                dictionary j599 = {
                                    string collisionMode = "visual_only"
                                    int contactId = 77
                                    int coordinateSourcePage = 154
                                }
                            }
                        )
                        {
                            uniform token axis = "Z"
                            double height = 0.004
                            color3f[] primvars:displayColor = [(0.88, 0.61, 0.12)]
                            double radius = 0.00038
                            double3 xformOp:translate = (0.0021082, -0.0024129999999999998, -0.002)
                            uniform token[] xformOpOrder = ["xformOp:translate"]
                        }

                        def Cylinder "Pin_078" (
                            customData = {
                                dictionary j599 = {
                                    string collisionMode = "visual_only"
                                    int contactId = 78
                                    int coordinateSourcePage = 154
                                }
                            }
                        )
                        {
                            uniform token axis = "Z"
                            double height = 0.004
                            color3f[] primvars:displayColor = [(0.88, 0.61, 0.12)]
                            double radius = 0.00038
                            double3 xformOp:translate = (0.0021082, -0.0048259999999999996, -0.002)
                            uniform token[] xformOpOrder = ["xformOp:translate"]
                        }

                        def Cylinder "Pin_079" (
                            customData = {
                                dictionary j599 = {
                                    string collisionMode = "visual_only"
                                    int contactId = 79
                                    int coordinateSourcePage = 154
                                }
                            }
                        )
                        {
                            uniform token axis = "Z"
                            double height = 0.004
                            color3f[] primvars:displayColor = [(0.88, 0.61, 0.12)]
                            double radius = 0.00038
                            double3 xformOp:translate = (0.0021082, -0.007238999999999999, -0.002)
                            uniform token[] xformOpOrder = ["xformOp:translate"]
                        }

                        def Cylinder "Pin_080" (
                            customData = {
                                dictionary j599 = {
                                    string collisionMode = "visual_only"
                                    int contactId = 80
                                    int coordinateSourcePage = 154
                                }
                            }
                        )
                        {
                            uniform token axis = "Z"
                            double height = 0.004
                            color3f[] primvars:displayColor = [(0.88, 0.61, 0.12)]
                            double radius = 0.00038
                            double3 xformOp:translate = (0.0021082, -0.009651999999999999, -0.002)
                            uniform token[] xformOpOrder = ["xformOp:translate"]
                        }

                        def Cylinder "Pin_081" (
                            customData = {
                                dictionary j599 = {
                                    string collisionMode = "visual_only"
                                    int contactId = 81
                                    int coordinateSourcePage = 154
                                }
                            }
                        )
                        {
                            uniform token axis = "Z"
                            double height = 0.004
                            color3f[] primvars:displayColor = [(0.88, 0.61, 0.12)]
                            double radius = 0.00038
                            double3 xformOp:translate = (0.0021082, -0.012065, -0.002)
                            uniform token[] xformOpOrder = ["xformOp:translate"]
                        }

                        def Cylinder "Pin_082" (
                            customData = {
                                dictionary j599 = {
                                    string collisionMode = "visual_only"
                                    int contactId = 82
                                    int coordinateSourcePage = 155
                                }
                            }
                        )
                        {
                            uniform token axis = "Z"
                            double height = 0.004
                            color3f[] primvars:displayColor = [(0.88, 0.61, 0.12)]
                            double radius = 0.00038
                            double3 xformOp:translate = (0.004064, 0.0134874, -0.002)
                            uniform token[] xformOpOrder = ["xformOp:translate"]
                        }

                        def Cylinder "Pin_083" (
                            customData = {
                                dictionary j599 = {
                                    string collisionMode = "visual_only"
                                    int contactId = 83
                                    int coordinateSourcePage = 155
                                }
                            }
                        )
                        {
                            uniform token axis = "Z"
                            double height = 0.004
                            color3f[] primvars:displayColor = [(0.88, 0.61, 0.12)]
                            double radius = 0.00038
                            double3 xformOp:translate = (0.0042164, 0.0108458, -0.002)
                            uniform token[] xformOpOrder = ["xformOp:translate"]
                        }

                        def Cylinder "Pin_084" (
                            customData = {
                                dictionary j599 = {
                                    string collisionMode = "visual_only"
                                    int contactId = 84
                                    int coordinateSourcePage = 155
                                }
                            }
                        )
                        {
                            uniform token axis = "Z"
                            double height = 0.004
                            color3f[] primvars:displayColor = [(0.88, 0.61, 0.12)]
                            double radius = 0.00038
                            double3 xformOp:translate = (0.0042164, 0.0084328, -0.002)
                            uniform token[] xformOpOrder = ["xformOp:translate"]
                        }

                        def Cylinder "Pin_085" (
                            customData = {
                                dictionary j599 = {
                                    string collisionMode = "visual_only"
                                    int contactId = 85
                                    int coordinateSourcePage = 155
                                }
                            }
                        )
                        {
                            uniform token axis = "Z"
                            double height = 0.004
                            color3f[] primvars:displayColor = [(0.88, 0.61, 0.12)]
                            double radius = 0.00038
                            double3 xformOp:translate = (0.0042164, 0.0060198, -0.002)
                            uniform token[] xformOpOrder = ["xformOp:translate"]
                        }

                        def Cylinder "Pin_086" (
                            customData = {
                                dictionary j599 = {
                                    string collisionMode = "visual_only"
                                    int contactId = 86
                                    int coordinateSourcePage = 155
                                }
                            }
                        )
                        {
                            uniform token axis = "Z"
                            double height = 0.004
                            color3f[] primvars:displayColor = [(0.88, 0.61, 0.12)]
                            double radius = 0.00038
                            double3 xformOp:translate = (0.0042164, 0.0036067999999999994, -0.002)
                            uniform token[] xformOpOrder = ["xformOp:translate"]
                        }

                        def Cylinder "Pin_087" (
                            customData = {
                                dictionary j599 = {
                                    string collisionMode = "visual_only"
                                    int contactId = 87
                                    int coordinateSourcePage = 155
                                }
                            }
                        )
                        {
                            uniform token axis = "Z"
                            double height = 0.004
                            color3f[] primvars:displayColor = [(0.88, 0.61, 0.12)]
                            double radius = 0.00038
                            double3 xformOp:translate = (0.0042164, 0.0011937999999999999, -0.002)
                            uniform token[] xformOpOrder = ["xformOp:translate"]
                        }

                        def Cylinder "Pin_088" (
                            customData = {
                                dictionary j599 = {
                                    string collisionMode = "visual_only"
                                    int contactId = 88
                                    int coordinateSourcePage = 155
                                }
                            }
                        )
                        {
                            uniform token axis = "Z"
                            double height = 0.004
                            color3f[] primvars:displayColor = [(0.88, 0.61, 0.12)]
                            double radius = 0.00038
                            double3 xformOp:translate = (0.0042164, -0.0011937999999999999, -0.002)
                            uniform token[] xformOpOrder = ["xformOp:translate"]
                        }

                        def Cylinder "Pin_089" (
                            customData = {
                                dictionary j599 = {
                                    string collisionMode = "visual_only"
                                    int contactId = 89
                                    int coordinateSourcePage = 155
                                }
                            }
                        )
                        {
                            uniform token axis = "Z"
                            double height = 0.004
                            color3f[] primvars:displayColor = [(0.88, 0.61, 0.12)]
                            double radius = 0.00038
                            double3 xformOp:translate = (0.0042164, -0.0036067999999999994, -0.002)
                            uniform token[] xformOpOrder = ["xformOp:translate"]
                        }

                        def Cylinder "Pin_090" (
                            customData = {
                                dictionary j599 = {
                                    string collisionMode = "visual_only"
                                    int contactId = 90
                                    int coordinateSourcePage = 155
                                }
                            }
                        )
                        {
                            uniform token axis = "Z"
                            double height = 0.004
                            color3f[] primvars:displayColor = [(0.88, 0.61, 0.12)]
                            double radius = 0.00038
                            double3 xformOp:translate = (0.0042164, -0.0060198, -0.002)
                            uniform token[] xformOpOrder = ["xformOp:translate"]
                        }

                        def Cylinder "Pin_091" (
                            customData = {
                                dictionary j599 = {
                                    string collisionMode = "visual_only"
                                    int contactId = 91
                                    int coordinateSourcePage = 155
                                }
                            }
                        )
                        {
                            uniform token axis = "Z"
                            double height = 0.004
                            color3f[] primvars:displayColor = [(0.88, 0.61, 0.12)]
                            double radius = 0.00038
                            double3 xformOp:translate = (0.0042164, -0.0084328, -0.002)
                            uniform token[] xformOpOrder = ["xformOp:translate"]
                        }

                        def Cylinder "Pin_092" (
                            customData = {
                                dictionary j599 = {
                                    string collisionMode = "visual_only"
                                    int contactId = 92
                                    int coordinateSourcePage = 155
                                }
                            }
                        )
                        {
                            uniform token axis = "Z"
                            double height = 0.004
                            color3f[] primvars:displayColor = [(0.88, 0.61, 0.12)]
                            double radius = 0.00038
                            double3 xformOp:translate = (0.0042164, -0.0108458, -0.002)
                            uniform token[] xformOpOrder = ["xformOp:translate"]
                        }

                        def Cylinder "Pin_093" (
                            customData = {
                                dictionary j599 = {
                                    string collisionMode = "visual_only"
                                    int contactId = 93
                                    int coordinateSourcePage = 155
                                }
                            }
                        )
                        {
                            uniform token axis = "Z"
                            double height = 0.004
                            color3f[] primvars:displayColor = [(0.88, 0.61, 0.12)]
                            double radius = 0.00038
                            double3 xformOp:translate = (0.0042164, -0.0132588, -0.002)
                            uniform token[] xformOpOrder = ["xformOp:translate"]
                        }

                        def Cylinder "Pin_094" (
                            customData = {
                                dictionary j599 = {
                                    string collisionMode = "visual_only"
                                    int contactId = 94
                                    int coordinateSourcePage = 155
                                }
                            }
                        )
                        {
                            uniform token axis = "Z"
                            double height = 0.004
                            color3f[] primvars:displayColor = [(0.88, 0.61, 0.12)]
                            double radius = 0.00038
                            double3 xformOp:translate = (0.0063246, 0.0125984, -0.002)
                            uniform token[] xformOpOrder = ["xformOp:translate"]
                        }

                        def Cylinder "Pin_095" (
                            customData = {
                                dictionary j599 = {
                                    string collisionMode = "visual_only"
                                    int contactId = 95
                                    int coordinateSourcePage = 155
                                }
                            }
                        )
                        {
                            uniform token axis = "Z"
                            double height = 0.004
                            color3f[] primvars:displayColor = [(0.88, 0.61, 0.12)]
                            double radius = 0.00038
                            double3 xformOp:translate = (0.0063246, 0.009651999999999999, -0.002)
                            uniform token[] xformOpOrder = ["xformOp:translate"]
                        }

                        def Cylinder "Pin_096" (
                            customData = {
                                dictionary j599 = {
                                    string collisionMode = "visual_only"
                                    int contactId = 96
                                    int coordinateSourcePage = 155
                                }
                            }
                        )
                        {
                            uniform token axis = "Z"
                            double height = 0.004
                            color3f[] primvars:displayColor = [(0.88, 0.61, 0.12)]
                            double radius = 0.00038
                            double3 xformOp:translate = (0.0063246, 0.007238999999999999, -0.002)
                            uniform token[] xformOpOrder = ["xformOp:translate"]
                        }

                        def Cylinder "Pin_097" (
                            customData = {
                                dictionary j599 = {
                                    string collisionMode = "visual_only"
                                    int contactId = 97
                                    int coordinateSourcePage = 155
                                }
                            }
                        )
                        {
                            uniform token axis = "Z"
                            double height = 0.004
                            color3f[] primvars:displayColor = [(0.88, 0.61, 0.12)]
                            double radius = 0.00038
                            double3 xformOp:translate = (0.0063246, 0.0048259999999999996, -0.002)
                            uniform token[] xformOpOrder = ["xformOp:translate"]
                        }

                        def Cylinder "Pin_098" (
                            customData = {
                                dictionary j599 = {
                                    string collisionMode = "visual_only"
                                    int contactId = 98
                                    int coordinateSourcePage = 155
                                }
                            }
                        )
                        {
                            uniform token axis = "Z"
                            double height = 0.004
                            color3f[] primvars:displayColor = [(0.88, 0.61, 0.12)]
                            double radius = 0.00038
                            double3 xformOp:translate = (0.0063246, 0.0024129999999999998, -0.002)
                            uniform token[] xformOpOrder = ["xformOp:translate"]
                        }

                        def Cylinder "Pin_099" (
                            customData = {
                                dictionary j599 = {
                                    string collisionMode = "visual_only"
                                    int contactId = 99
                                    int coordinateSourcePage = 155
                                }
                            }
                        )
                        {
                            uniform token axis = "Z"
                            double height = 0.004
                            color3f[] primvars:displayColor = [(0.88, 0.61, 0.12)]
                            double radius = 0.00038
                            double3 xformOp:translate = (0.0063246, 0, -0.002)
                            uniform token[] xformOpOrder = ["xformOp:translate"]
                        }

                        def Cylinder "Pin_100" (
                            customData = {
                                dictionary j599 = {
                                    string collisionMode = "visual_only"
                                    int contactId = 100
                                    int coordinateSourcePage = 155
                                }
                            }
                        )
                        {
                            uniform token axis = "Z"
                            double height = 0.004
                            color3f[] primvars:displayColor = [(0.88, 0.61, 0.12)]
                            double radius = 0.00038
                            double3 xformOp:translate = (0.0063246, -0.0024129999999999998, -0.002)
                            uniform token[] xformOpOrder = ["xformOp:translate"]
                        }

                        def Cylinder "Pin_101" (
                            customData = {
                                dictionary j599 = {
                                    string collisionMode = "visual_only"
                                    int contactId = 101
                                    int coordinateSourcePage = 155
                                }
                            }
                        )
                        {
                            uniform token axis = "Z"
                            double height = 0.004
                            color3f[] primvars:displayColor = [(0.88, 0.61, 0.12)]
                            double radius = 0.00038
                            double3 xformOp:translate = (0.0063246, -0.0048259999999999996, -0.002)
                            uniform token[] xformOpOrder = ["xformOp:translate"]
                        }

                        def Cylinder "Pin_102" (
                            customData = {
                                dictionary j599 = {
                                    string collisionMode = "visual_only"
                                    int contactId = 102
                                    int coordinateSourcePage = 155
                                }
                            }
                        )
                        {
                            uniform token axis = "Z"
                            double height = 0.004
                            color3f[] primvars:displayColor = [(0.88, 0.61, 0.12)]
                            double radius = 0.00038
                            double3 xformOp:translate = (0.0063246, -0.007238999999999999, -0.002)
                            uniform token[] xformOpOrder = ["xformOp:translate"]
                        }

                        def Cylinder "Pin_103" (
                            customData = {
                                dictionary j599 = {
                                    string collisionMode = "visual_only"
                                    int contactId = 103
                                    int coordinateSourcePage = 155
                                }
                            }
                        )
                        {
                            uniform token axis = "Z"
                            double height = 0.004
                            color3f[] primvars:displayColor = [(0.88, 0.61, 0.12)]
                            double radius = 0.00038
                            double3 xformOp:translate = (0.0063246, -0.009651999999999999, -0.002)
                            uniform token[] xformOpOrder = ["xformOp:translate"]
                        }

                        def Cylinder "Pin_104" (
                            customData = {
                                dictionary j599 = {
                                    string collisionMode = "visual_only"
                                    int contactId = 104
                                    int coordinateSourcePage = 155
                                }
                            }
                        )
                        {
                            uniform token axis = "Z"
                            double height = 0.004
                            color3f[] primvars:displayColor = [(0.88, 0.61, 0.12)]
                            double radius = 0.00038
                            double3 xformOp:translate = (0.0063246, -0.012065, -0.002)
                            uniform token[] xformOpOrder = ["xformOp:translate"]
                        }

                        def Cylinder "Pin_105" (
                            customData = {
                                dictionary j599 = {
                                    string collisionMode = "visual_only"
                                    int contactId = 105
                                    int coordinateSourcePage = 155
                                }
                            }
                        )
                        {
                            uniform token axis = "Z"
                            double height = 0.004
                            color3f[] primvars:displayColor = [(0.88, 0.61, 0.12)]
                            double radius = 0.00038
                            double3 xformOp:translate = (0.0084328, 0.0112776, -0.002)
                            uniform token[] xformOpOrder = ["xformOp:translate"]
                        }

                        def Cylinder "Pin_106" (
                            customData = {
                                dictionary j599 = {
                                    string collisionMode = "visual_only"
                                    int contactId = 106
                                    int coordinateSourcePage = 155
                                }
                            }
                        )
                        {
                            uniform token axis = "Z"
                            double height = 0.004
                            color3f[] primvars:displayColor = [(0.88, 0.61, 0.12)]
                            double radius = 0.00038
                            double3 xformOp:translate = (0.0084328, 0.0084328, -0.002)
                            uniform token[] xformOpOrder = ["xformOp:translate"]
                        }

                        def Cylinder "Pin_107" (
                            customData = {
                                dictionary j599 = {
                                    string collisionMode = "visual_only"
                                    int contactId = 107
                                    int coordinateSourcePage = 155
                                }
                            }
                        )
                        {
                            uniform token axis = "Z"
                            double height = 0.004
                            color3f[] primvars:displayColor = [(0.88, 0.61, 0.12)]
                            double radius = 0.00038
                            double3 xformOp:translate = (0.0084328, 0.0060198, -0.002)
                            uniform token[] xformOpOrder = ["xformOp:translate"]
                        }

                        def Cylinder "Pin_108" (
                            customData = {
                                dictionary j599 = {
                                    string collisionMode = "visual_only"
                                    int contactId = 108
                                    int coordinateSourcePage = 155
                                }
                            }
                        )
                        {
                            uniform token axis = "Z"
                            double height = 0.004
                            color3f[] primvars:displayColor = [(0.88, 0.61, 0.12)]
                            double radius = 0.00038
                            double3 xformOp:translate = (0.0084328, 0.0036067999999999994, -0.002)
                            uniform token[] xformOpOrder = ["xformOp:translate"]
                        }

                        def Cylinder "Pin_109" (
                            customData = {
                                dictionary j599 = {
                                    string collisionMode = "visual_only"
                                    int contactId = 109
                                    int coordinateSourcePage = 155
                                }
                            }
                        )
                        {
                            uniform token axis = "Z"
                            double height = 0.004
                            color3f[] primvars:displayColor = [(0.88, 0.61, 0.12)]
                            double radius = 0.00038
                            double3 xformOp:translate = (0.0084328, 0.0011937999999999999, -0.002)
                            uniform token[] xformOpOrder = ["xformOp:translate"]
                        }

                        def Cylinder "Pin_110" (
                            customData = {
                                dictionary j599 = {
                                    string collisionMode = "visual_only"
                                    int contactId = 110
                                    int coordinateSourcePage = 155
                                }
                            }
                        )
                        {
                            uniform token axis = "Z"
                            double height = 0.004
                            color3f[] primvars:displayColor = [(0.88, 0.61, 0.12)]
                            double radius = 0.00038
                            double3 xformOp:translate = (0.0084328, -0.0011937999999999999, -0.002)
                            uniform token[] xformOpOrder = ["xformOp:translate"]
                        }

                        def Cylinder "Pin_111" (
                            customData = {
                                dictionary j599 = {
                                    string collisionMode = "visual_only"
                                    int contactId = 111
                                    int coordinateSourcePage = 155
                                }
                            }
                        )
                        {
                            uniform token axis = "Z"
                            double height = 0.004
                            color3f[] primvars:displayColor = [(0.88, 0.61, 0.12)]
                            double radius = 0.00038
                            double3 xformOp:translate = (0.0084328, -0.0036067999999999994, -0.002)
                            uniform token[] xformOpOrder = ["xformOp:translate"]
                        }

                        def Cylinder "Pin_112" (
                            customData = {
                                dictionary j599 = {
                                    string collisionMode = "visual_only"
                                    int contactId = 112
                                    int coordinateSourcePage = 155
                                }
                            }
                        )
                        {
                            uniform token axis = "Z"
                            double height = 0.004
                            color3f[] primvars:displayColor = [(0.88, 0.61, 0.12)]
                            double radius = 0.00038
                            double3 xformOp:translate = (0.0084328, -0.0060198, -0.002)
                            uniform token[] xformOpOrder = ["xformOp:translate"]
                        }

                        def Cylinder "Pin_113" (
                            customData = {
                                dictionary j599 = {
                                    string collisionMode = "visual_only"
                                    int contactId = 113
                                    int coordinateSourcePage = 155
                                }
                            }
                        )
                        {
                            uniform token axis = "Z"
                            double height = 0.004
                            color3f[] primvars:displayColor = [(0.88, 0.61, 0.12)]
                            double radius = 0.00038
                            double3 xformOp:translate = (0.0084328, -0.0084328, -0.002)
                            uniform token[] xformOpOrder = ["xformOp:translate"]
                        }

                        def Cylinder "Pin_114" (
                            customData = {
                                dictionary j599 = {
                                    string collisionMode = "visual_only"
                                    int contactId = 114
                                    int coordinateSourcePage = 155
                                }
                            }
                        )
                        {
                            uniform token axis = "Z"
                            double height = 0.004
                            color3f[] primvars:displayColor = [(0.88, 0.61, 0.12)]
                            double radius = 0.00038
                            double3 xformOp:translate = (0.0084328, -0.0108458, -0.002)
                            uniform token[] xformOpOrder = ["xformOp:translate"]
                        }

                        def Cylinder "Pin_115" (
                            customData = {
                                dictionary j599 = {
                                    string collisionMode = "visual_only"
                                    int contactId = 115
                                    int coordinateSourcePage = 156
                                }
                            }
                        )
                        {
                            uniform token axis = "Z"
                            double height = 0.004
                            color3f[] primvars:displayColor = [(0.88, 0.61, 0.12)]
                            double radius = 0.00038
                            double3 xformOp:translate = (0.010769599999999999, 0.009067799999999999, -0.002)
                            uniform token[] xformOpOrder = ["xformOp:translate"]
                        }

                        def Cylinder "Pin_116" (
                            customData = {
                                dictionary j599 = {
                                    string collisionMode = "visual_only"
                                    int contactId = 116
                                    int coordinateSourcePage = 156
                                }
                            }
                        )
                        {
                            uniform token axis = "Z"
                            double height = 0.004
                            color3f[] primvars:displayColor = [(0.88, 0.61, 0.12)]
                            double radius = 0.00038
                            double3 xformOp:translate = (0.010540999999999998, 0.0048259999999999996, -0.002)
                            uniform token[] xformOpOrder = ["xformOp:translate"]
                        }

                        def Cylinder "Pin_117" (
                            customData = {
                                dictionary j599 = {
                                    string collisionMode = "visual_only"
                                    int contactId = 117
                                    int coordinateSourcePage = 156
                                }
                            }
                        )
                        {
                            uniform token axis = "Z"
                            double height = 0.004
                            color3f[] primvars:displayColor = [(0.88, 0.61, 0.12)]
                            double radius = 0.00038
                            double3 xformOp:translate = (0.010540999999999998, 0.0024129999999999998, -0.002)
                            uniform token[] xformOpOrder = ["xformOp:translate"]
                        }

                        def Cylinder "Pin_118" (
                            customData = {
                                dictionary j599 = {
                                    string collisionMode = "visual_only"
                                    int contactId = 118
                                    int coordinateSourcePage = 156
                                }
                            }
                        )
                        {
                            uniform token axis = "Z"
                            double height = 0.004
                            color3f[] primvars:displayColor = [(0.88, 0.61, 0.12)]
                            double radius = 0.00038
                            double3 xformOp:translate = (0.010540999999999998, 0, -0.002)
                            uniform token[] xformOpOrder = ["xformOp:translate"]
                        }

                        def Cylinder "Pin_119" (
                            customData = {
                                dictionary j599 = {
                                    string collisionMode = "visual_only"
                                    int contactId = 119
                                    int coordinateSourcePage = 156
                                }
                            }
                        )
                        {
                            uniform token axis = "Z"
                            double height = 0.004
                            color3f[] primvars:displayColor = [(0.88, 0.61, 0.12)]
                            double radius = 0.00038
                            double3 xformOp:translate = (0.010540999999999998, -0.0024129999999999998, -0.002)
                            uniform token[] xformOpOrder = ["xformOp:translate"]
                        }

                        def Cylinder "Pin_120" (
                            customData = {
                                dictionary j599 = {
                                    string collisionMode = "visual_only"
                                    int contactId = 120
                                    int coordinateSourcePage = 156
                                }
                            }
                        )
                        {
                            uniform token axis = "Z"
                            double height = 0.004
                            color3f[] primvars:displayColor = [(0.88, 0.61, 0.12)]
                            double radius = 0.00038
                            double3 xformOp:translate = (0.010540999999999998, -0.0048259999999999996, -0.002)
                            uniform token[] xformOpOrder = ["xformOp:translate"]
                        }

                        def Cylinder "Pin_121" (
                            customData = {
                                dictionary j599 = {
                                    string collisionMode = "visual_only"
                                    int contactId = 121
                                    int coordinateSourcePage = 156
                                }
                            }
                        )
                        {
                            uniform token axis = "Z"
                            double height = 0.004
                            color3f[] primvars:displayColor = [(0.88, 0.61, 0.12)]
                            double radius = 0.00038
                            double3 xformOp:translate = (0.010769599999999999, -0.009067799999999999, -0.002)
                            uniform token[] xformOpOrder = ["xformOp:translate"]
                        }

                        def Cylinder "Pin_122" (
                            customData = {
                                dictionary j599 = {
                                    string collisionMode = "visual_only"
                                    int contactId = 122
                                    int coordinateSourcePage = 156
                                }
                            }
                        )
                        {
                            uniform token axis = "Z"
                            double height = 0.004
                            color3f[] primvars:displayColor = [(0.88, 0.61, 0.12)]
                            double radius = 0.00038
                            double3 xformOp:translate = (0.0121666, 0.0070866, -0.002)
                            uniform token[] xformOpOrder = ["xformOp:translate"]
                        }

                        def Cylinder "Pin_123" (
                            customData = {
                                dictionary j599 = {
                                    string collisionMode = "visual_only"
                                    int contactId = 123
                                    int coordinateSourcePage = 156
                                }
                            }
                        )
                        {
                            uniform token axis = "Z"
                            double height = 0.004
                            color3f[] primvars:displayColor = [(0.88, 0.61, 0.12)]
                            double radius = 0.00038
                            double3 xformOp:translate = (0.013208, 0.0048259999999999996, -0.002)
                            uniform token[] xformOpOrder = ["xformOp:translate"]
                        }

                        def Cylinder "Pin_124" (
                            customData = {
                                dictionary j599 = {
                                    string collisionMode = "visual_only"
                                    int contactId = 124
                                    int coordinateSourcePage = 156
                                }
                            }
                        )
                        {
                            uniform token axis = "Z"
                            double height = 0.004
                            color3f[] primvars:displayColor = [(0.88, 0.61, 0.12)]
                            double radius = 0.00038
                            double3 xformOp:translate = (0.013868400000000001, 0.0024129999999999998, -0.002)
                            uniform token[] xformOpOrder = ["xformOp:translate"]
                        }

                        def Cylinder "Pin_125" (
                            customData = {
                                dictionary j599 = {
                                    string collisionMode = "visual_only"
                                    int contactId = 125
                                    int coordinateSourcePage = 156
                                }
                            }
                        )
                        {
                            uniform token axis = "Z"
                            double height = 0.004
                            color3f[] primvars:displayColor = [(0.88, 0.61, 0.12)]
                            double radius = 0.00038
                            double3 xformOp:translate = (0.014097, 0, -0.002)
                            uniform token[] xformOpOrder = ["xformOp:translate"]
                        }

                        def Cylinder "Pin_126" (
                            customData = {
                                dictionary j599 = {
                                    string collisionMode = "visual_only"
                                    int contactId = 126
                                    int coordinateSourcePage = 156
                                }
                            }
                        )
                        {
                            uniform token axis = "Z"
                            double height = 0.004
                            color3f[] primvars:displayColor = [(0.88, 0.61, 0.12)]
                            double radius = 0.00038
                            double3 xformOp:translate = (0.013868400000000001, -0.0024129999999999998, -0.002)
                            uniform token[] xformOpOrder = ["xformOp:translate"]
                        }

                        def Cylinder "Pin_127" (
                            customData = {
                                dictionary j599 = {
                                    string collisionMode = "visual_only"
                                    int contactId = 127
                                    int coordinateSourcePage = 156
                                }
                            }
                        )
                        {
                            uniform token axis = "Z"
                            double height = 0.004
                            color3f[] primvars:displayColor = [(0.88, 0.61, 0.12)]
                            double radius = 0.00038
                            double3 xformOp:translate = (0.013208, -0.0048259999999999996, -0.002)
                            uniform token[] xformOpOrder = ["xformOp:translate"]
                        }

                        def Cylinder "Pin_128" (
                            customData = {
                                dictionary j599 = {
                                    string collisionMode = "visual_only"
                                    int contactId = 128
                                    int coordinateSourcePage = 156
                                }
                            }
                        )
                        {
                            uniform token axis = "Z"
                            double height = 0.004
                            color3f[] primvars:displayColor = [(0.88, 0.61, 0.12)]
                            double radius = 0.00038
                            double3 xformOp:translate = (0.0121666, -0.0070866, -0.002)
                            uniform token[] xformOpOrder = ["xformOp:translate"]
                        }
                    }
                }

                def Xform "Keys"
                {
                    def Cube "Key_0_Main" (
                        prepend apiSchemas = ["PhysicsCollisionAPI"]
                        customData = {
                            dictionary j599 = {
                                string collisionRole = "plug_polarizing_key"
                                double keyAngleDeg = 0
                                int keyIndex = 0
                                double keyWidthM = 0.00254
                            }
                        }
                    )
                    {
                        float physxCollision:contactOffset = 0.00001
                        float physxCollision:restOffset = 0
                        color3f[] primvars:displayColor = [(0.78, 0.22, 0.08)]
                        double size = 1
                        float3 xformOp:scale = (0.00101, 0.00254, 0.00724)
                        double3 xformOp:translate = (0.018349999999999998, 0, -0.00362)
                        uniform token[] xformOpOrder = ["xformOp:translate", "xformOp:scale"]
                    }

                    def Cube "Key_1_Minor1" (
                        prepend apiSchemas = ["PhysicsCollisionAPI"]
                        customData = {
                            dictionary j599 = {
                                string collisionRole = "plug_polarizing_key"
                                double keyAngleDeg = 80
                                int keyIndex = 1
                                double keyWidthM = 0.00132
                            }
                        }
                    )
                    {
                        float physxCollision:contactOffset = 0.00001
                        float physxCollision:restOffset = 0
                        color3f[] primvars:displayColor = [(0.78, 0.22, 0.08)]
                        double size = 1
                        float xformOp:rotateZ = 80
                        float3 xformOp:scale = (0.00101, 0.00132, 0.00724)
                        double3 xformOp:translate = (0.0031864440601881727, 0.018071222267774016, -0.00362)
                        uniform token[] xformOpOrder = ["xformOp:translate", "xformOp:rotateZ", "xformOp:scale"]
                    }

                    def Cube "Key_2_Minor2" (
                        prepend apiSchemas = ["PhysicsCollisionAPI"]
                        customData = {
                            dictionary j599 = {
                                string collisionRole = "plug_polarizing_key"
                                double keyAngleDeg = 142
                                int keyIndex = 2
                                double keyWidthM = 0.00132
                            }
                        }
                    )
                    {
                        float physxCollision:contactOffset = 0.00001
                        float physxCollision:restOffset = 0
                        color3f[] primvars:displayColor = [(0.78, 0.22, 0.08)]
                        double size = 1
                        float xformOp:rotateZ = 142
                        float3 xformOp:scale = (0.00101, 0.00132, 0.00724)
                        double3 xformOp:translate = (-0.014459997328683345, 0.011297388072225831, -0.00362)
                        uniform token[] xformOpOrder = ["xformOp:translate", "xformOp:rotateZ", "xformOp:scale"]
                    }

                    def Cube "Key_3_Minor3" (
                        prepend apiSchemas = ["PhysicsCollisionAPI"]
                        customData = {
                            dictionary j599 = {
                                string collisionRole = "plug_polarizing_key"
                                double keyAngleDeg = 196
                                int keyIndex = 3
                                double keyWidthM = 0.00132
                            }
                        }
                    )
                    {
                        float physxCollision:contactOffset = 0.00001
                        float physxCollision:restOffset = 0
                        color3f[] primvars:displayColor = [(0.78, 0.22, 0.08)]
                        double size = 1
                        float xformOp:rotateZ = 196
                        float3 xformOp:scale = (0.00101, 0.00132, 0.00724)
                        double3 xformOp:translate = (-0.01763915212046815, -0.005057945479241931, -0.00362)
                        uniform token[] xformOpOrder = ["xformOp:translate", "xformOp:rotateZ", "xformOp:scale"]
                    }

                    def Cube "Key_4_Minor4" (
                        prepend apiSchemas = ["PhysicsCollisionAPI"]
                        customData = {
                            dictionary j599 = {
                                string collisionRole = "plug_polarizing_key"
                                double keyAngleDeg = 293
                                int keyIndex = 4
                                double keyWidthM = 0.00132
                            }
                        }
                    )
                    {
                        float physxCollision:contactOffset = 0.00001
                        float physxCollision:restOffset = 0
                        color3f[] primvars:displayColor = [(0.78, 0.22, 0.08)]
                        double size = 1
                        float xformOp:rotateZ = 293
                        float3 xformOp:scale = (0.00101, 0.00132, 0.00724)
                        double3 xformOp:translate = (0.007169916207778168, -0.01689126406085228, -0.00362)
                        uniform token[] xformOpOrder = ["xformOp:translate", "xformOp:rotateZ", "xformOp:scale"]
                    }
                }

                def "Physics"
                {
                    def Xform "GuideShell"
                    {
                        def Cube "Segment_000" (
                            prepend apiSchemas = ["PhysicsCollisionAPI"]
                            customData = {
                                dictionary j599 = {
                                    string collisionRole = "plug_continuous_guide_shell"
                                }
                            }
                        )
                        {
                            float physxCollision:contactOffset = 0.00001
                            float physxCollision:restOffset = 0
                            color3f[] primvars:displayColor = [(0.49, 0.53, 0.58)]
                            double size = 1
                            token visibility = "invisible"
                            float3 xformOp:scale = (0.000595, 0.0015925606, 0.00724)
                            double3 xformOp:translate = (0.0175475, 0, -0.00362)
                            uniform token[] xformOpOrder = ["xformOp:translate", "xformOp:scale"]
                        }

                        def Cube "Segment_001" (
                            prepend apiSchemas = ["PhysicsCollisionAPI"]
                            customData = {
                                dictionary j599 = {
                                    string collisionRole = "plug_continuous_guide_shell"
                                }
                            }
                        )
                        {
                            float physxCollision:contactOffset = 0.00001
                            float physxCollision:restOffset = 0
                            color3f[] primvars:displayColor = [(0.49, 0.53, 0.58)]
                            double size = 1
                            token visibility = "invisible"
                            float xformOp:rotateZ = 5
                            float3 xformOp:scale = (0.000595, 0.0015925606, 0.00724)
                            double3 xformOp:translate = (0.017480726464764906, 0.0015293653958645317, -0.00362)
                            uniform token[] xformOpOrder = ["xformOp:translate", "xformOp:rotateZ", "xformOp:scale"]
                        }

                        def Cube "Segment_002" (
                            prepend apiSchemas = ["PhysicsCollisionAPI"]
                            customData = {
                                dictionary j599 = {
                                    string collisionRole = "plug_continuous_guide_shell"
                                }
                            }
                        )
                        {
                            float physxCollision:contactOffset = 0.00001
                            float physxCollision:restOffset = 0
                            color3f[] primvars:displayColor = [(0.49, 0.53, 0.58)]
                            double size = 1
                            token visibility = "invisible"
                            float xformOp:rotateZ = 10
                            float3 xformOp:scale = (0.000595, 0.0015925606, 0.00724)
                            double3 xformOp:translate = (0.01728091404598172, 0.0030470913976104602, -0.00362)
                            uniform token[] xformOpOrder = ["xformOp:translate", "xformOp:rotateZ", "xformOp:scale"]
                        }

                        def Cube "Segment_003" (
                            prepend apiSchemas = ["PhysicsCollisionAPI"]
                            customData = {
                                dictionary j599 = {
                                    string collisionRole = "plug_continuous_guide_shell"
                                }
                            }
                        )
                        {
                            float physxCollision:contactOffset = 0.00001
                            float physxCollision:restOffset = 0
                            color3f[] primvars:displayColor = [(0.49, 0.53, 0.58)]
                            double size = 1
                            token visibility = "invisible"
                            float xformOp:rotateZ = 15
                            float3 xformOp:scale = (0.000595, 0.0015925606, 0.00724)
                            double3 xformOp:translate = (0.016949583436807428, 0.004541627193936483, -0.00362)
                            uniform token[] xformOpOrder = ["xformOp:translate", "xformOp:rotateZ", "xformOp:scale"]
                        }

                        def Cube "Segment_004" (
                            prepend apiSchemas = ["PhysicsCollisionAPI"]
                            customData = {
                                dictionary j599 = {
                                    string collisionRole = "plug_continuous_guide_shell"
                                }
                            }
                        )
                        {
                            float physxCollision:contactOffset = 0.00001
                            float physxCollision:restOffset = 0
                            color3f[] primvars:displayColor = [(0.49, 0.53, 0.58)]
                            double size = 1
                            token visibility = "invisible"
                            float xformOp:rotateZ = 20
                            float3 xformOp:scale = (0.000595, 0.0015925606, 0.00724)
                            double3 xformOp:translate = (0.01648925626324073, 0.006001598465007172, -0.00362)
                            uniform token[] xformOpOrder = ["xformOp:translate", "xformOp:rotateZ", "xformOp:scale"]
                        }

                        def Cube "Segment_005" (
                            prepend apiSchemas = ["PhysicsCollisionAPI"]
                            customData = {
                                dictionary j599 = {
                                    string collisionRole = "plug_continuous_guide_shell"
                                }
                            }
                        )
                        {
                            float physxCollision:contactOffset = 0.00001
                            float physxCollision:restOffset = 0
                            color3f[] primvars:displayColor = [(0.49, 0.53, 0.58)]
                            double size = 1
                            token visibility = "invisible"
                            float xformOp:rotateZ = 25
                            float3 xformOp:scale = (0.000595, 0.0015925606, 0.00724)
                            double3 xformOp:translate = (0.015903435893025616, 0.007415893947894924, -0.00362)
                            uniform token[] xformOpOrder = ["xformOp:translate", "xformOp:rotateZ", "xformOp:scale"]
                        }

                        def Cube "Segment_006" (
                            prepend apiSchemas = ["PhysicsCollisionAPI"]
                            customData = {
                                dictionary j599 = {
                                    string collisionRole = "plug_continuous_guide_shell"
                                }
                            }
                        )
                        {
                            float physxCollision:contactOffset = 0.00001
                            float physxCollision:restOffset = 0
                            color3f[] primvars:displayColor = [(0.49, 0.53, 0.58)]
                            double size = 1
                            token visibility = "invisible"
                            float xformOp:rotateZ = 30
                            float3 xformOp:scale = (0.000595, 0.0015925606, 0.00724)
                            double3 xformOp:translate = (0.015196580772907439, 0.008773749999999999, -0.00362)
                            uniform token[] xformOpOrder = ["xformOp:translate", "xformOp:rotateZ", "xformOp:scale"]
                        }

                        def Cube "Segment_007" (
                            prepend apiSchemas = ["PhysicsCollisionAPI"]
                            customData = {
                                dictionary j599 = {
                                    string collisionRole = "plug_continuous_guide_shell"
                                }
                            }
                        )
                        {
                            float physxCollision:contactOffset = 0.00001
                            float physxCollision:restOffset = 0
                            color3f[] primvars:displayColor = [(0.49, 0.53, 0.58)]
                            double size = 1
                            token visibility = "invisible"
                            float xformOp:rotateZ = 35
                            float3 xformOp:scale = (0.000595, 0.0015925606, 0.00724)
                            double3 xformOp:translate = (0.014374070497161084, 0.01006483251686998, -0.00362)
                            uniform token[] xformOpOrder = ["xformOp:translate", "xformOp:rotateZ", "xformOp:scale"]
                        }

                        def Cube "Segment_008" (
                            prepend apiSchemas = ["PhysicsCollisionAPI"]
                            customData = {
                                dictionary j599 = {
                                    string collisionRole = "plug_continuous_guide_shell"
                                }
                            }
                        )
                        {
                            float physxCollision:contactOffset = 0.00001
                            float physxCollision:restOffset = 0
                            color3f[] primvars:displayColor = [(0.49, 0.53, 0.58)]
                            double size = 1
                            token visibility = "invisible"
                            float xformOp:rotateZ = 40
                            float3 xformOp:scale = (0.000595, 0.0015925606, 0.00724)
                            double3 xformOp:translate = (0.013442164865630267, 0.011279315580974548, -0.00362)
                            uniform token[] xformOpOrder = ["xformOp:translate", "xformOp:rotateZ", "xformOp:scale"]
                        }

                        def Cube "Segment_009" (
                            prepend apiSchemas = ["PhysicsCollisionAPI"]
                            customData = {
                                dictionary j599 = {
                                    string collisionRole = "plug_continuous_guide_shell"
                                }
                            }
                        )
                        {
                            float physxCollision:contactOffset = 0.00001
                            float physxCollision:restOffset = 0
                            color3f[] primvars:displayColor = [(0.49, 0.53, 0.58)]
                            double size = 1
                            token visibility = "invisible"
                            float xformOp:rotateZ = 45
                            float3 xformOp:scale = (0.000595, 0.0015925606, 0.00724)
                            double3 xformOp:translate = (0.012407956242870943, 0.012407956242870942, -0.00362)
                            uniform token[] xformOpOrder = ["xformOp:translate", "xformOp:rotateZ", "xformOp:scale"]
                        }

                        def Cube "Segment_010" (
                            prepend apiSchemas = ["PhysicsCollisionAPI"]
                            customData = {
                                dictionary j599 = {
                                    string collisionRole = "plug_continuous_guide_shell"
                                }
                            }
                        )
                        {
                            float physxCollision:contactOffset = 0.00001
                            float physxCollision:restOffset = 0
                            color3f[] primvars:displayColor = [(0.49, 0.53, 0.58)]
                            double size = 1
                            token visibility = "invisible"
                            float xformOp:rotateZ = 50
                            float3 xformOp:scale = (0.000595, 0.0015925606, 0.00724)
                            double3 xformOp:translate = (0.01127931558097455, 0.013442164865630267, -0.00362)
                            uniform token[] xformOpOrder = ["xformOp:translate", "xformOp:rotateZ", "xformOp:scale"]
                        }

                        def Cube "Segment_011" (
                            prepend apiSchemas = ["PhysicsCollisionAPI"]
                            customData = {
                                dictionary j599 = {
                                    string collisionRole = "plug_continuous_guide_shell"
                                }
                            }
                        )
                        {
                            float physxCollision:contactOffset = 0.00001
                            float physxCollision:restOffset = 0
                            color3f[] primvars:displayColor = [(0.49, 0.53, 0.58)]
                            double size = 1
                            token visibility = "invisible"
                            float xformOp:rotateZ = 55
                            float3 xformOp:scale = (0.000595, 0.0015925606, 0.00724)
                            double3 xformOp:translate = (0.010064832516869984, 0.014374070497161084, -0.00362)
                            uniform token[] xformOpOrder = ["xformOp:translate", "xformOp:rotateZ", "xformOp:scale"]
                        }

                        def Cube "Segment_012" (
                            prepend apiSchemas = ["PhysicsCollisionAPI"]
                            customData = {
                                dictionary j599 = {
                                    string collisionRole = "plug_continuous_guide_shell"
                                }
                            }
                        )
                        {
                            float physxCollision:contactOffset = 0.00001
                            float physxCollision:restOffset = 0
                            color3f[] primvars:displayColor = [(0.49, 0.53, 0.58)]
                            double size = 1
                            token visibility = "invisible"
                            float xformOp:rotateZ = 60
                            float3 xformOp:scale = (0.000595, 0.0015925606, 0.00724)
                            double3 xformOp:translate = (0.008773750000000002, 0.015196580772907437, -0.00362)
                            uniform token[] xformOpOrder = ["xformOp:translate", "xformOp:rotateZ", "xformOp:scale"]
                        }

                        def Cube "Segment_013" (
                            prepend apiSchemas = ["PhysicsCollisionAPI"]
                            customData = {
                                dictionary j599 = {
                                    string collisionRole = "plug_continuous_guide_shell"
                                }
                            }
                        )
                        {
                            float physxCollision:contactOffset = 0.00001
                            float physxCollision:restOffset = 0
                            color3f[] primvars:displayColor = [(0.49, 0.53, 0.58)]
                            double size = 1
                            token visibility = "invisible"
                            float xformOp:rotateZ = 65
                            float3 xformOp:scale = (0.000595, 0.0015925606, 0.00724)
                            double3 xformOp:translate = (0.007415893947894924, 0.015903435893025616, -0.00362)
                            uniform token[] xformOpOrder = ["xformOp:translate", "xformOp:rotateZ", "xformOp:scale"]
                        }

                        def Cube "Segment_014" (
                            prepend apiSchemas = ["PhysicsCollisionAPI"]
                            customData = {
                                dictionary j599 = {
                                    string collisionRole = "plug_continuous_guide_shell"
                                }
                            }
                        )
                        {
                            float physxCollision:contactOffset = 0.00001
                            float physxCollision:restOffset = 0
                            color3f[] primvars:displayColor = [(0.49, 0.53, 0.58)]
                            double size = 1
                            token visibility = "invisible"
                            float xformOp:rotateZ = 70
                            float3 xformOp:scale = (0.000595, 0.0015925606, 0.00724)
                            double3 xformOp:translate = (0.006001598465007174, 0.016489256263240725, -0.00362)
                            uniform token[] xformOpOrder = ["xformOp:translate", "xformOp:rotateZ", "xformOp:scale"]
                        }

                        def Cube "Segment_015" (
                            prepend apiSchemas = ["PhysicsCollisionAPI"]
                            customData = {
                                dictionary j599 = {
                                    string collisionRole = "plug_continuous_guide_shell"
                                }
                            }
                        )
                        {
                            float physxCollision:contactOffset = 0.00001
                            float physxCollision:restOffset = 0
                            color3f[] primvars:displayColor = [(0.49, 0.53, 0.58)]
                            double size = 1
                            token visibility = "invisible"
                            float xformOp:rotateZ = 75
                            float3 xformOp:scale = (0.000595, 0.0015925606, 0.00724)
                            double3 xformOp:translate = (0.004541627193936483, 0.016949583436807428, -0.00362)
                            uniform token[] xformOpOrder = ["xformOp:translate", "xformOp:rotateZ", "xformOp:scale"]
                        }

                        def Cube "Segment_016" (
                            prepend apiSchemas = ["PhysicsCollisionAPI"]
                            customData = {
                                dictionary j599 = {
                                    string collisionRole = "plug_continuous_guide_shell"
                                }
                            }
                        )
                        {
                            float physxCollision:contactOffset = 0.00001
                            float physxCollision:restOffset = 0
                            color3f[] primvars:displayColor = [(0.49, 0.53, 0.58)]
                            double size = 1
                            token visibility = "invisible"
                            float xformOp:rotateZ = 80
                            float3 xformOp:scale = (0.000595, 0.0015925606, 0.00724)
                            double3 xformOp:translate = (0.0030470913976104615, 0.01728091404598172, -0.00362)
                            uniform token[] xformOpOrder = ["xformOp:translate", "xformOp:rotateZ", "xformOp:scale"]
                        }

                        def Cube "Segment_017" (
                            prepend apiSchemas = ["PhysicsCollisionAPI"]
                            customData = {
                                dictionary j599 = {
                                    string collisionRole = "plug_continuous_guide_shell"
                                }
                            }
                        )
                        {
                            float physxCollision:contactOffset = 0.00001
                            float physxCollision:restOffset = 0
                            color3f[] primvars:displayColor = [(0.49, 0.53, 0.58)]
                            double size = 1
                            token visibility = "invisible"
                            float xformOp:rotateZ = 85
                            float3 xformOp:scale = (0.000595, 0.0015925606, 0.00724)
                            double3 xformOp:translate = (0.0015293653958645312, 0.017480726464764906, -0.00362)
                            uniform token[] xformOpOrder = ["xformOp:translate", "xformOp:rotateZ", "xformOp:scale"]
                        }

                        def Cube "Segment_018" (
                            prepend apiSchemas = ["PhysicsCollisionAPI"]
                            customData = {
                                dictionary j599 = {
                                    string collisionRole = "plug_continuous_guide_shell"
                                }
                            }
                        )
                        {
                            float physxCollision:contactOffset = 0.00001
                            float physxCollision:restOffset = 0
                            color3f[] primvars:displayColor = [(0.49, 0.53, 0.58)]
                            double size = 1
                            token visibility = "invisible"
                            float xformOp:rotateZ = 90
                            float3 xformOp:scale = (0.000595, 0.0015925606, 0.00724)
                            double3 xformOp:translate = (1.074474485401909e-18, 0.0175475, -0.00362)
                            uniform token[] xformOpOrder = ["xformOp:translate", "xformOp:rotateZ", "xformOp:scale"]
                        }

                        def Cube "Segment_019" (
                            prepend apiSchemas = ["PhysicsCollisionAPI"]
                            customData = {
                                dictionary j599 = {
                                    string collisionRole = "plug_continuous_guide_shell"
                                }
                            }
                        )
                        {
                            float physxCollision:contactOffset = 0.00001
                            float physxCollision:restOffset = 0
                            color3f[] primvars:displayColor = [(0.49, 0.53, 0.58)]
                            double size = 1
                            token visibility = "invisible"
                            float xformOp:rotateZ = 95
                            float3 xformOp:scale = (0.000595, 0.0015925606, 0.00724)
                            double3 xformOp:translate = (-0.001529365395864533, 0.017480726464764906, -0.00362)
                            uniform token[] xformOpOrder = ["xformOp:translate", "xformOp:rotateZ", "xformOp:scale"]
                        }

                        def Cube "Segment_020" (
                            prepend apiSchemas = ["PhysicsCollisionAPI"]
                            customData = {
                                dictionary j599 = {
                                    string collisionRole = "plug_continuous_guide_shell"
                                }
                            }
                        )
                        {
                            float physxCollision:contactOffset = 0.00001
                            float physxCollision:restOffset = 0
                            color3f[] primvars:displayColor = [(0.49, 0.53, 0.58)]
                            double size = 1
                            token visibility = "invisible"
                            float xformOp:rotateZ = 100
                            float3 xformOp:scale = (0.000595, 0.0015925606, 0.00724)
                            double3 xformOp:translate = (-0.00304709139761046, 0.01728091404598172, -0.00362)
                            uniform token[] xformOpOrder = ["xformOp:translate", "xformOp:rotateZ", "xformOp:scale"]
                        }

                        def Cube "Segment_021" (
                            prepend apiSchemas = ["PhysicsCollisionAPI"]
                            customData = {
                                dictionary j599 = {
                                    string collisionRole = "plug_continuous_guide_shell"
                                }
                            }
                        )
                        {
                            float physxCollision:contactOffset = 0.00001
                            float physxCollision:restOffset = 0
                            color3f[] primvars:displayColor = [(0.49, 0.53, 0.58)]
                            double size = 1
                            token visibility = "invisible"
                            float xformOp:rotateZ = 105
                            float3 xformOp:scale = (0.000595, 0.0015925606, 0.00724)
                            double3 xformOp:translate = (-0.004541627193936484, 0.016949583436807428, -0.00362)
                            uniform token[] xformOpOrder = ["xformOp:translate", "xformOp:rotateZ", "xformOp:scale"]
                        }

                        def Cube "Segment_022" (
                            prepend apiSchemas = ["PhysicsCollisionAPI"]
                            customData = {
                                dictionary j599 = {
                                    string collisionRole = "plug_continuous_guide_shell"
                                }
                            }
                        )
                        {
                            float physxCollision:contactOffset = 0.00001
                            float physxCollision:restOffset = 0
                            color3f[] primvars:displayColor = [(0.49, 0.53, 0.58)]
                            double size = 1
                            token visibility = "invisible"
                            float xformOp:rotateZ = 110
                            float3 xformOp:scale = (0.000595, 0.0015925606, 0.00724)
                            double3 xformOp:translate = (-0.006001598465007172, 0.01648925626324073, -0.00362)
                            uniform token[] xformOpOrder = ["xformOp:translate", "xformOp:rotateZ", "xformOp:scale"]
                        }

                        def Cube "Segment_023" (
                            prepend apiSchemas = ["PhysicsCollisionAPI"]
                            customData = {
                                dictionary j599 = {
                                    string collisionRole = "plug_continuous_guide_shell"
                                }
                            }
                        )
                        {
                            float physxCollision:contactOffset = 0.00001
                            float physxCollision:restOffset = 0
                            color3f[] primvars:displayColor = [(0.49, 0.53, 0.58)]
                            double size = 1
                            token visibility = "invisible"
                            float xformOp:rotateZ = 115
                            float3 xformOp:scale = (0.000595, 0.0015925606, 0.00724)
                            double3 xformOp:translate = (-0.007415893947894922, 0.015903435893025616, -0.00362)
                            uniform token[] xformOpOrder = ["xformOp:translate", "xformOp:rotateZ", "xformOp:scale"]
                        }

                        def Cube "Segment_024" (
                            prepend apiSchemas = ["PhysicsCollisionAPI"]
                            customData = {
                                dictionary j599 = {
                                    string collisionRole = "plug_continuous_guide_shell"
                                }
                            }
                        )
                        {
                            float physxCollision:contactOffset = 0.00001
                            float physxCollision:restOffset = 0
                            color3f[] primvars:displayColor = [(0.49, 0.53, 0.58)]
                            double size = 1
                            token visibility = "invisible"
                            float xformOp:rotateZ = 120
                            float3 xformOp:scale = (0.000595, 0.0015925606, 0.00724)
                            double3 xformOp:translate = (-0.008773749999999997, 0.015196580772907439, -0.00362)
                            uniform token[] xformOpOrder = ["xformOp:translate", "xformOp:rotateZ", "xformOp:scale"]
                        }

                        def Cube "Segment_025" (
                            prepend apiSchemas = ["PhysicsCollisionAPI"]
                            customData = {
                                dictionary j599 = {
                                    string collisionRole = "plug_continuous_guide_shell"
                                }
                            }
                        )
                        {
                            float physxCollision:contactOffset = 0.00001
                            float physxCollision:restOffset = 0
                            color3f[] primvars:displayColor = [(0.49, 0.53, 0.58)]
                            double size = 1
                            token visibility = "invisible"
                            float xformOp:rotateZ = 125
                            float3 xformOp:scale = (0.000595, 0.0015925606, 0.00724)
                            double3 xformOp:translate = (-0.010064832516869984, 0.014374070497161082, -0.00362)
                            uniform token[] xformOpOrder = ["xformOp:translate", "xformOp:rotateZ", "xformOp:scale"]
                        }

                        def Cube "Segment_026" (
                            prepend apiSchemas = ["PhysicsCollisionAPI"]
                            customData = {
                                dictionary j599 = {
                                    string collisionRole = "plug_continuous_guide_shell"
                                }
                            }
                        )
                        {
                            float physxCollision:contactOffset = 0.00001
                            float physxCollision:restOffset = 0
                            color3f[] primvars:displayColor = [(0.49, 0.53, 0.58)]
                            double size = 1
                            token visibility = "invisible"
                            float xformOp:rotateZ = 130
                            float3 xformOp:scale = (0.000595, 0.0015925606, 0.00724)
                            double3 xformOp:translate = (-0.01127931558097455, 0.013442164865630267, -0.00362)
                            uniform token[] xformOpOrder = ["xformOp:translate", "xformOp:rotateZ", "xformOp:scale"]
                        }

                        def Cube "Segment_027" (
                            prepend apiSchemas = ["PhysicsCollisionAPI"]
                            customData = {
                                dictionary j599 = {
                                    string collisionRole = "plug_continuous_guide_shell"
                                }
                            }
                        )
                        {
                            float physxCollision:contactOffset = 0.00001
                            float physxCollision:restOffset = 0
                            color3f[] primvars:displayColor = [(0.49, 0.53, 0.58)]
                            double size = 1
                            token visibility = "invisible"
                            float xformOp:rotateZ = 135
                            float3 xformOp:scale = (0.000595, 0.0015925606, 0.00724)
                            double3 xformOp:translate = (-0.012407956242870942, 0.012407956242870943, -0.00362)
                            uniform token[] xformOpOrder = ["xformOp:translate", "xformOp:rotateZ", "xformOp:scale"]
                        }

                        def Cube "Segment_028" (
                            prepend apiSchemas = ["PhysicsCollisionAPI"]
                            customData = {
                                dictionary j599 = {
                                    string collisionRole = "plug_continuous_guide_shell"
                                }
                            }
                        )
                        {
                            float physxCollision:contactOffset = 0.00001
                            float physxCollision:restOffset = 0
                            color3f[] primvars:displayColor = [(0.49, 0.53, 0.58)]
                            double size = 1
                            token visibility = "invisible"
                            float xformOp:rotateZ = 140
                            float3 xformOp:scale = (0.000595, 0.0015925606, 0.00724)
                            double3 xformOp:translate = (-0.013442164865630265, 0.011279315580974551, -0.00362)
                            uniform token[] xformOpOrder = ["xformOp:translate", "xformOp:rotateZ", "xformOp:scale"]
                        }

                        def Cube "Segment_029" (
                            prepend apiSchemas = ["PhysicsCollisionAPI"]
                            customData = {
                                dictionary j599 = {
                                    string collisionRole = "plug_continuous_guide_shell"
                                }
                            }
                        )
                        {
                            float physxCollision:contactOffset = 0.00001
                            float physxCollision:restOffset = 0
                            color3f[] primvars:displayColor = [(0.49, 0.53, 0.58)]
                            double size = 1
                            token visibility = "invisible"
                            float xformOp:rotateZ = 145
                            float3 xformOp:scale = (0.000595, 0.0015925606, 0.00724)
                            double3 xformOp:translate = (-0.014374070497161086, 0.010064832516869978, -0.00362)
                            uniform token[] xformOpOrder = ["xformOp:translate", "xformOp:rotateZ", "xformOp:scale"]
                        }

                        def Cube "Segment_030" (
                            prepend apiSchemas = ["PhysicsCollisionAPI"]
                            customData = {
                                dictionary j599 = {
                                    string collisionRole = "plug_continuous_guide_shell"
                                }
                            }
                        )
                        {
                            float physxCollision:contactOffset = 0.00001
                            float physxCollision:restOffset = 0
                            color3f[] primvars:displayColor = [(0.49, 0.53, 0.58)]
                            double size = 1
                            token visibility = "invisible"
                            float xformOp:rotateZ = 150
                            float3 xformOp:scale = (0.000595, 0.0015925606, 0.00724)
                            double3 xformOp:translate = (-0.015196580772907439, 0.008773749999999999, -0.00362)
                            uniform token[] xformOpOrder = ["xformOp:translate", "xformOp:rotateZ", "xformOp:scale"]
                        }

                        def Cube "Segment_031" (
                            prepend apiSchemas = ["PhysicsCollisionAPI"]
                            customData = {
                                dictionary j599 = {
                                    string collisionRole = "plug_continuous_guide_shell"
                                }
                            }
                        )
                        {
                            float physxCollision:contactOffset = 0.00001
                            float physxCollision:restOffset = 0
                            color3f[] primvars:displayColor = [(0.49, 0.53, 0.58)]
                            double size = 1
                            token visibility = "invisible"
                            float xformOp:rotateZ = 155
                            float3 xformOp:scale = (0.000595, 0.0015925606, 0.00724)
                            double3 xformOp:translate = (-0.015903435893025616, 0.007415893947894925, -0.00362)
                            uniform token[] xformOpOrder = ["xformOp:translate", "xformOp:rotateZ", "xformOp:scale"]
                        }

                        def Cube "Segment_032" (
                            prepend apiSchemas = ["PhysicsCollisionAPI"]
                            customData = {
                                dictionary j599 = {
                                    string collisionRole = "plug_continuous_guide_shell"
                                }
                            }
                        )
                        {
                            float physxCollision:contactOffset = 0.00001
                            float physxCollision:restOffset = 0
                            color3f[] primvars:displayColor = [(0.49, 0.53, 0.58)]
                            double size = 1
                            token visibility = "invisible"
                            float xformOp:rotateZ = 160
                            float3 xformOp:scale = (0.000595, 0.0015925606, 0.00724)
                            double3 xformOp:translate = (-0.016489256263240725, 0.006001598465007175, -0.00362)
                            uniform token[] xformOpOrder = ["xformOp:translate", "xformOp:rotateZ", "xformOp:scale"]
                        }

                        def Cube "Segment_033" (
                            prepend apiSchemas = ["PhysicsCollisionAPI"]
                            customData = {
                                dictionary j599 = {
                                    string collisionRole = "plug_continuous_guide_shell"
                                }
                            }
                        )
                        {
                            float physxCollision:contactOffset = 0.00001
                            float physxCollision:restOffset = 0
                            color3f[] primvars:displayColor = [(0.49, 0.53, 0.58)]
                            double size = 1
                            token visibility = "invisible"
                            float xformOp:rotateZ = 165
                            float3 xformOp:scale = (0.000595, 0.0015925606, 0.00724)
                            double3 xformOp:translate = (-0.016949583436807424, 0.004541627193936488, -0.00362)
                            uniform token[] xformOpOrder = ["xformOp:translate", "xformOp:rotateZ", "xformOp:scale"]
                        }

                        def Cube "Segment_034" (
                            prepend apiSchemas = ["PhysicsCollisionAPI"]
                            customData = {
                                dictionary j599 = {
                                    string collisionRole = "plug_continuous_guide_shell"
                                }
                            }
                        )
                        {
                            float physxCollision:contactOffset = 0.00001
                            float physxCollision:restOffset = 0
                            color3f[] primvars:displayColor = [(0.49, 0.53, 0.58)]
                            double size = 1
                            token visibility = "invisible"
                            float xformOp:rotateZ = 170
                            float3 xformOp:scale = (0.000595, 0.0015925606, 0.00724)
                            double3 xformOp:translate = (-0.01728091404598172, 0.003047091397610459, -0.00362)
                            uniform token[] xformOpOrder = ["xformOp:translate", "xformOp:rotateZ", "xformOp:scale"]
                        }

                        def Cube "Segment_035" (
                            prepend apiSchemas = ["PhysicsCollisionAPI"]
                            customData = {
                                dictionary j599 = {
                                    string collisionRole = "plug_continuous_guide_shell"
                                }
                            }
                        )
                        {
                            float physxCollision:contactOffset = 0.00001
                            float physxCollision:restOffset = 0
                            color3f[] primvars:displayColor = [(0.49, 0.53, 0.58)]
                            double size = 1
                            token visibility = "invisible"
                            float xformOp:rotateZ = 175
                            float3 xformOp:scale = (0.000595, 0.0015925606, 0.00724)
                            double3 xformOp:translate = (-0.017480726464764906, 0.001529365395864532, -0.00362)
                            uniform token[] xformOpOrder = ["xformOp:translate", "xformOp:rotateZ", "xformOp:scale"]
                        }

                        def Cube "Segment_036" (
                            prepend apiSchemas = ["PhysicsCollisionAPI"]
                            customData = {
                                dictionary j599 = {
                                    string collisionRole = "plug_continuous_guide_shell"
                                }
                            }
                        )
                        {
                            float physxCollision:contactOffset = 0.00001
                            float physxCollision:restOffset = 0
                            color3f[] primvars:displayColor = [(0.49, 0.53, 0.58)]
                            double size = 1
                            token visibility = "invisible"
                            float xformOp:rotateZ = 180
                            float3 xformOp:scale = (0.000595, 0.0015925606, 0.00724)
                            double3 xformOp:translate = (-0.0175475, 2.148948970803818e-18, -0.00362)
                            uniform token[] xformOpOrder = ["xformOp:translate", "xformOp:rotateZ", "xformOp:scale"]
                        }

                        def Cube "Segment_037" (
                            prepend apiSchemas = ["PhysicsCollisionAPI"]
                            customData = {
                                dictionary j599 = {
                                    string collisionRole = "plug_continuous_guide_shell"
                                }
                            }
                        )
                        {
                            float physxCollision:contactOffset = 0.00001
                            float physxCollision:restOffset = 0
                            color3f[] primvars:displayColor = [(0.49, 0.53, 0.58)]
                            double size = 1
                            token visibility = "invisible"
                            float xformOp:rotateZ = 185
                            float3 xformOp:scale = (0.000595, 0.0015925606, 0.00724)
                            double3 xformOp:translate = (-0.017480726464764906, -0.0015293653958645278, -0.00362)
                            uniform token[] xformOpOrder = ["xformOp:translate", "xformOp:rotateZ", "xformOp:scale"]
                        }

                        def Cube "Segment_038" (
                            prepend apiSchemas = ["PhysicsCollisionAPI"]
                            customData = {
                                dictionary j599 = {
                                    string collisionRole = "plug_continuous_guide_shell"
                                }
                            }
                        )
                        {
                            float physxCollision:contactOffset = 0.00001
                            float physxCollision:restOffset = 0
                            color3f[] primvars:displayColor = [(0.49, 0.53, 0.58)]
                            double size = 1
                            token visibility = "invisible"
                            float xformOp:rotateZ = 190
                            float3 xformOp:scale = (0.000595, 0.0015925606, 0.00724)
                            double3 xformOp:translate = (-0.01728091404598172, -0.0030470913976104624, -0.00362)
                            uniform token[] xformOpOrder = ["xformOp:translate", "xformOp:rotateZ", "xformOp:scale"]
                        }

                        def Cube "Segment_039" (
                            prepend apiSchemas = ["PhysicsCollisionAPI"]
                            customData = {
                                dictionary j599 = {
                                    string collisionRole = "plug_continuous_guide_shell"
                                }
                            }
                        )
                        {
                            float physxCollision:contactOffset = 0.00001
                            float physxCollision:restOffset = 0
                            color3f[] primvars:displayColor = [(0.49, 0.53, 0.58)]
                            double size = 1
                            token visibility = "invisible"
                            float xformOp:rotateZ = 195
                            float3 xformOp:scale = (0.000595, 0.0015925606, 0.00724)
                            double3 xformOp:translate = (-0.016949583436807428, -0.0045416271939364835, -0.00362)
                            uniform token[] xformOpOrder = ["xformOp:translate", "xformOp:rotateZ", "xformOp:scale"]
                        }

                        def Cube "Segment_040" (
                            prepend apiSchemas = ["PhysicsCollisionAPI"]
                            customData = {
                                dictionary j599 = {
                                    string collisionRole = "plug_continuous_guide_shell"
                                }
                            }
                        )
                        {
                            float physxCollision:contactOffset = 0.00001
                            float physxCollision:restOffset = 0
                            color3f[] primvars:displayColor = [(0.49, 0.53, 0.58)]
                            double size = 1
                            token visibility = "invisible"
                            float xformOp:rotateZ = 200
                            float3 xformOp:scale = (0.000595, 0.0015925606, 0.00724)
                            double3 xformOp:translate = (-0.01648925626324073, -0.006001598465007171, -0.00362)
                            uniform token[] xformOpOrder = ["xformOp:translate", "xformOp:rotateZ", "xformOp:scale"]
                        }

                        def Cube "Segment_041" (
                            prepend apiSchemas = ["PhysicsCollisionAPI"]
                            customData = {
                                dictionary j599 = {
                                    string collisionRole = "plug_continuous_guide_shell"
                                }
                            }
                        )
                        {
                            float physxCollision:contactOffset = 0.00001
                            float physxCollision:restOffset = 0
                            color3f[] primvars:displayColor = [(0.49, 0.53, 0.58)]
                            double size = 1
                            token visibility = "invisible"
                            float xformOp:rotateZ = 205
                            float3 xformOp:scale = (0.000595, 0.0015925606, 0.00724)
                            double3 xformOp:translate = (-0.015903435893025616, -0.007415893947894921, -0.00362)
                            uniform token[] xformOpOrder = ["xformOp:translate", "xformOp:rotateZ", "xformOp:scale"]
                        }

                        def Cube "Segment_042" (
                            prepend apiSchemas = ["PhysicsCollisionAPI"]
                            customData = {
                                dictionary j599 = {
                                    string collisionRole = "plug_continuous_guide_shell"
                                }
                            }
                        )
                        {
                            float physxCollision:contactOffset = 0.00001
                            float physxCollision:restOffset = 0
                            color3f[] primvars:displayColor = [(0.49, 0.53, 0.58)]
                            double size = 1
                            token visibility = "invisible"
                            float xformOp:rotateZ = 210
                            float3 xformOp:scale = (0.000595, 0.0015925606, 0.00724)
                            double3 xformOp:translate = (-0.015196580772907437, -0.008773750000000002, -0.00362)
                            uniform token[] xformOpOrder = ["xformOp:translate", "xformOp:rotateZ", "xformOp:scale"]
                        }

                        def Cube "Segment_043" (
                            prepend apiSchemas = ["PhysicsCollisionAPI"]
                            customData = {
                                dictionary j599 = {
                                    string collisionRole = "plug_continuous_guide_shell"
                                }
                            }
                        )
                        {
                            float physxCollision:contactOffset = 0.00001
                            float physxCollision:restOffset = 0
                            color3f[] primvars:displayColor = [(0.49, 0.53, 0.58)]
                            double size = 1
                            token visibility = "invisible"
                            float xformOp:rotateZ = 215
                            float3 xformOp:scale = (0.000595, 0.0015925606, 0.00724)
                            double3 xformOp:translate = (-0.014374070497161084, -0.010064832516869984, -0.00362)
                            uniform token[] xformOpOrder = ["xformOp:translate", "xformOp:rotateZ", "xformOp:scale"]
                        }

                        def Cube "Segment_044" (
                            prepend apiSchemas = ["PhysicsCollisionAPI"]
                            customData = {
                                dictionary j599 = {
                                    string collisionRole = "plug_continuous_guide_shell"
                                }
                            }
                        )
                        {
                            float physxCollision:contactOffset = 0.00001
                            float physxCollision:restOffset = 0
                            color3f[] primvars:displayColor = [(0.49, 0.53, 0.58)]
                            double size = 1
                            token visibility = "invisible"
                            float xformOp:rotateZ = 220
                            float3 xformOp:scale = (0.000595, 0.0015925606, 0.00724)
                            double3 xformOp:translate = (-0.013442164865630267, -0.011279315580974548, -0.00362)
                            uniform token[] xformOpOrder = ["xformOp:translate", "xformOp:rotateZ", "xformOp:scale"]
                        }

                        def Cube "Segment_045" (
                            prepend apiSchemas = ["PhysicsCollisionAPI"]
                            customData = {
                                dictionary j599 = {
                                    string collisionRole = "plug_continuous_guide_shell"
                                }
                            }
                        )
                        {
                            float physxCollision:contactOffset = 0.00001
                            float physxCollision:restOffset = 0
                            color3f[] primvars:displayColor = [(0.49, 0.53, 0.58)]
                            double size = 1
                            token visibility = "invisible"
                            float xformOp:rotateZ = 225
                            float3 xformOp:scale = (0.000595, 0.0015925606, 0.00724)
                            double3 xformOp:translate = (-0.012407956242870945, -0.012407956242870942, -0.00362)
                            uniform token[] xformOpOrder = ["xformOp:translate", "xformOp:rotateZ", "xformOp:scale"]
                        }

                        def Cube "Segment_046" (
                            prepend apiSchemas = ["PhysicsCollisionAPI"]
                            customData = {
                                dictionary j599 = {
                                    string collisionRole = "plug_continuous_guide_shell"
                                }
                            }
                        )
                        {
                            float physxCollision:contactOffset = 0.00001
                            float physxCollision:restOffset = 0
                            color3f[] primvars:displayColor = [(0.49, 0.53, 0.58)]
                            double size = 1
                            token visibility = "invisible"
                            float xformOp:rotateZ = 230
                            float3 xformOp:scale = (0.000595, 0.0015925606, 0.00724)
                            double3 xformOp:translate = (-0.011279315580974551, -0.013442164865630265, -0.00362)
                            uniform token[] xformOpOrder = ["xformOp:translate", "xformOp:rotateZ", "xformOp:scale"]
                        }

                        def Cube "Segment_047" (
                            prepend apiSchemas = ["PhysicsCollisionAPI"]
                            customData = {
                                dictionary j599 = {
                                    string collisionRole = "plug_continuous_guide_shell"
                                }
                            }
                        )
                        {
                            float physxCollision:contactOffset = 0.00001
                            float physxCollision:restOffset = 0
                            color3f[] primvars:displayColor = [(0.49, 0.53, 0.58)]
                            double size = 1
                            token visibility = "invisible"
                            float xformOp:rotateZ = 235
                            float3 xformOp:scale = (0.000595, 0.0015925606, 0.00724)
                            double3 xformOp:translate = (-0.010064832516869987, -0.01437407049716108, -0.00362)
                            uniform token[] xformOpOrder = ["xformOp:translate", "xformOp:rotateZ", "xformOp:scale"]
                        }

                        def Cube "Segment_048" (
                            prepend apiSchemas = ["PhysicsCollisionAPI"]
                            customData = {
                                dictionary j599 = {
                                    string collisionRole = "plug_continuous_guide_shell"
                                }
                            }
                        )
                        {
                            float physxCollision:contactOffset = 0.00001
                            float physxCollision:restOffset = 0
                            color3f[] primvars:displayColor = [(0.49, 0.53, 0.58)]
                            double size = 1
                            token visibility = "invisible"
                            float xformOp:rotateZ = 240
                            float3 xformOp:scale = (0.000595, 0.0015925606, 0.00724)
                            double3 xformOp:translate = (-0.008773750000000007, -0.015196580772907434, -0.00362)
                            uniform token[] xformOpOrder = ["xformOp:translate", "xformOp:rotateZ", "xformOp:scale"]
                        }

                        def Cube "Segment_049" (
                            prepend apiSchemas = ["PhysicsCollisionAPI"]
                            customData = {
                                dictionary j599 = {
                                    string collisionRole = "plug_continuous_guide_shell"
                                }
                            }
                        )
                        {
                            float physxCollision:contactOffset = 0.00001
                            float physxCollision:restOffset = 0
                            color3f[] primvars:displayColor = [(0.49, 0.53, 0.58)]
                            double size = 1
                            token visibility = "invisible"
                            float xformOp:rotateZ = 245
                            float3 xformOp:scale = (0.000595, 0.0015925606, 0.00724)
                            double3 xformOp:translate = (-0.007415893947894919, -0.015903435893025616, -0.00362)
                            uniform token[] xformOpOrder = ["xformOp:translate", "xformOp:rotateZ", "xformOp:scale"]
                        }

                        def Cube "Segment_050" (
                            prepend apiSchemas = ["PhysicsCollisionAPI"]
                            customData = {
                                dictionary j599 = {
                                    string collisionRole = "plug_continuous_guide_shell"
                                }
                            }
                        )
                        {
                            float physxCollision:contactOffset = 0.00001
                            float physxCollision:restOffset = 0
                            color3f[] primvars:displayColor = [(0.49, 0.53, 0.58)]
                            double size = 1
                            token visibility = "invisible"
                            float xformOp:rotateZ = 250
                            float3 xformOp:scale = (0.000595, 0.0015925606, 0.00724)
                            double3 xformOp:translate = (-0.006001598465007169, -0.01648925626324073, -0.00362)
                            uniform token[] xformOpOrder = ["xformOp:translate", "xformOp:rotateZ", "xformOp:scale"]
                        }

                        def Cube "Segment_051" (
                            prepend apiSchemas = ["PhysicsCollisionAPI"]
                            customData = {
                                dictionary j599 = {
                                    string collisionRole = "plug_continuous_guide_shell"
                                }
                            }
                        )
                        {
                            float physxCollision:contactOffset = 0.00001
                            float physxCollision:restOffset = 0
                            color3f[] primvars:displayColor = [(0.49, 0.53, 0.58)]
                            double size = 1
                            token visibility = "invisible"
                            float xformOp:rotateZ = 255
                            float3 xformOp:scale = (0.000595, 0.0015925606, 0.00724)
                            double3 xformOp:translate = (-0.004541627193936481, -0.016949583436807428, -0.00362)
                            uniform token[] xformOpOrder = ["xformOp:translate", "xformOp:rotateZ", "xformOp:scale"]
                        }

                        def Cube "Segment_052" (
                            prepend apiSchemas = ["PhysicsCollisionAPI"]
                            customData = {
                                dictionary j599 = {
                                    string collisionRole = "plug_continuous_guide_shell"
                                }
                            }
                        )
                        {
                            float physxCollision:contactOffset = 0.00001
                            float physxCollision:restOffset = 0
                            color3f[] primvars:displayColor = [(0.49, 0.53, 0.58)]
                            double size = 1
                            token visibility = "invisible"
                            float xformOp:rotateZ = 260
                            float3 xformOp:scale = (0.000595, 0.0015925606, 0.00724)
                            double3 xformOp:translate = (-0.0030470913976104602, -0.01728091404598172, -0.00362)
                            uniform token[] xformOpOrder = ["xformOp:translate", "xformOp:rotateZ", "xformOp:scale"]
                        }

                        def Cube "Segment_053" (
                            prepend apiSchemas = ["PhysicsCollisionAPI"]
                            customData = {
                                dictionary j599 = {
                                    string collisionRole = "plug_continuous_guide_shell"
                                }
                            }
                        )
                        {
                            float physxCollision:contactOffset = 0.00001
                            float physxCollision:restOffset = 0
                            color3f[] primvars:displayColor = [(0.49, 0.53, 0.58)]
                            double size = 1
                            token visibility = "invisible"
                            float xformOp:rotateZ = 265
                            float3 xformOp:scale = (0.000595, 0.0015925606, 0.00724)
                            double3 xformOp:translate = (-0.0015293653958645332, -0.017480726464764906, -0.00362)
                            uniform token[] xformOpOrder = ["xformOp:translate", "xformOp:rotateZ", "xformOp:scale"]
                        }

                        def Cube "Segment_054" (
                            prepend apiSchemas = ["PhysicsCollisionAPI"]
                            customData = {
                                dictionary j599 = {
                                    string collisionRole = "plug_continuous_guide_shell"
                                }
                            }
                        )
                        {
                            float physxCollision:contactOffset = 0.00001
                            float physxCollision:restOffset = 0
                            color3f[] primvars:displayColor = [(0.49, 0.53, 0.58)]
                            double size = 1
                            token visibility = "invisible"
                            float xformOp:rotateZ = 270
                            float3 xformOp:scale = (0.000595, 0.0015925606, 0.00724)
                            double3 xformOp:translate = (-3.223423456205727e-18, -0.0175475, -0.00362)
                            uniform token[] xformOpOrder = ["xformOp:translate", "xformOp:rotateZ", "xformOp:scale"]
                        }

                        def Cube "Segment_055" (
                            prepend apiSchemas = ["PhysicsCollisionAPI"]
                            customData = {
                                dictionary j599 = {
                                    string collisionRole = "plug_continuous_guide_shell"
                                }
                            }
                        )
                        {
                            float physxCollision:contactOffset = 0.00001
                            float physxCollision:restOffset = 0
                            color3f[] primvars:displayColor = [(0.49, 0.53, 0.58)]
                            double size = 1
                            token visibility = "invisible"
                            float xformOp:rotateZ = 275
                            float3 xformOp:scale = (0.000595, 0.0015925606, 0.00724)
                            double3 xformOp:translate = (0.001529365395864527, -0.017480726464764906, -0.00362)
                            uniform token[] xformOpOrder = ["xformOp:translate", "xformOp:rotateZ", "xformOp:scale"]
                        }

                        def Cube "Segment_056" (
                            prepend apiSchemas = ["PhysicsCollisionAPI"]
                            customData = {
                                dictionary j599 = {
                                    string collisionRole = "plug_continuous_guide_shell"
                                }
                            }
                        )
                        {
                            float physxCollision:contactOffset = 0.00001
                            float physxCollision:restOffset = 0
                            color3f[] primvars:displayColor = [(0.49, 0.53, 0.58)]
                            double size = 1
                            token visibility = "invisible"
                            float xformOp:rotateZ = 280
                            float3 xformOp:scale = (0.000595, 0.0015925606, 0.00724)
                            double3 xformOp:translate = (0.0030470913976104537, -0.017280914045981723, -0.00362)
                            uniform token[] xformOpOrder = ["xformOp:translate", "xformOp:rotateZ", "xformOp:scale"]
                        }

                        def Cube "Segment_057" (
                            prepend apiSchemas = ["PhysicsCollisionAPI"]
                            customData = {
                                dictionary j599 = {
                                    string collisionRole = "plug_continuous_guide_shell"
                                }
                            }
                        )
                        {
                            float physxCollision:contactOffset = 0.00001
                            float physxCollision:restOffset = 0
                            color3f[] primvars:displayColor = [(0.49, 0.53, 0.58)]
                            double size = 1
                            token visibility = "invisible"
                            float xformOp:rotateZ = 285
                            float3 xformOp:scale = (0.000595, 0.0015925606, 0.00724)
                            double3 xformOp:translate = (0.004541627193936475, -0.016949583436807428, -0.00362)
                            uniform token[] xformOpOrder = ["xformOp:translate", "xformOp:rotateZ", "xformOp:scale"]
                        }

                        def Cube "Segment_058" (
                            prepend apiSchemas = ["PhysicsCollisionAPI"]
                            customData = {
                                dictionary j599 = {
                                    string collisionRole = "plug_continuous_guide_shell"
                                }
                            }
                        )
                        {
                            float physxCollision:contactOffset = 0.00001
                            float physxCollision:restOffset = 0
                            color3f[] primvars:displayColor = [(0.49, 0.53, 0.58)]
                            double size = 1
                            token visibility = "invisible"
                            float xformOp:rotateZ = 290
                            float3 xformOp:scale = (0.000595, 0.0015925606, 0.00724)
                            double3 xformOp:translate = (0.006001598465007177, -0.016489256263240725, -0.00362)
                            uniform token[] xformOpOrder = ["xformOp:translate", "xformOp:rotateZ", "xformOp:scale"]
                        }

                        def Cube "Segment_059" (
                            prepend apiSchemas = ["PhysicsCollisionAPI"]
                            customData = {
                                dictionary j599 = {
                                    string collisionRole = "plug_continuous_guide_shell"
                                }
                            }
                        )
                        {
                            float physxCollision:contactOffset = 0.00001
                            float physxCollision:restOffset = 0
                            color3f[] primvars:displayColor = [(0.49, 0.53, 0.58)]
                            double size = 1
                            token visibility = "invisible"
                            float xformOp:rotateZ = 295
                            float3 xformOp:scale = (0.000595, 0.0015925606, 0.00724)
                            double3 xformOp:translate = (0.007415893947894926, -0.015903435893025616, -0.00362)
                            uniform token[] xformOpOrder = ["xformOp:translate", "xformOp:rotateZ", "xformOp:scale"]
                        }

                        def Cube "Segment_060" (
                            prepend apiSchemas = ["PhysicsCollisionAPI"]
                            customData = {
                                dictionary j599 = {
                                    string collisionRole = "plug_continuous_guide_shell"
                                }
                            }
                        )
                        {
                            float physxCollision:contactOffset = 0.00001
                            float physxCollision:restOffset = 0
                            color3f[] primvars:displayColor = [(0.49, 0.53, 0.58)]
                            double size = 1
                            token visibility = "invisible"
                            float xformOp:rotateZ = 300
                            float3 xformOp:scale = (0.000595, 0.0015925606, 0.00724)
                            double3 xformOp:translate = (0.008773750000000002, -0.015196580772907437, -0.00362)
                            uniform token[] xformOpOrder = ["xformOp:translate", "xformOp:rotateZ", "xformOp:scale"]
                        }

                        def Cube "Segment_061" (
                            prepend apiSchemas = ["PhysicsCollisionAPI"]
                            customData = {
                                dictionary j599 = {
                                    string collisionRole = "plug_continuous_guide_shell"
                                }
                            }
                        )
                        {
                            float physxCollision:contactOffset = 0.00001
                            float physxCollision:restOffset = 0
                            color3f[] primvars:displayColor = [(0.49, 0.53, 0.58)]
                            double size = 1
                            token visibility = "invisible"
                            float xformOp:rotateZ = 305
                            float3 xformOp:scale = (0.000595, 0.0015925606, 0.00724)
                            double3 xformOp:translate = (0.01006483251686998, -0.014374070497161084, -0.00362)
                            uniform token[] xformOpOrder = ["xformOp:translate", "xformOp:rotateZ", "xformOp:scale"]
                        }

                        def Cube "Segment_062" (
                            prepend apiSchemas = ["PhysicsCollisionAPI"]
                            customData = {
                                dictionary j599 = {
                                    string collisionRole = "plug_continuous_guide_shell"
                                }
                            }
                        )
                        {
                            float physxCollision:contactOffset = 0.00001
                            float physxCollision:restOffset = 0
                            color3f[] primvars:displayColor = [(0.49, 0.53, 0.58)]
                            double size = 1
                            token visibility = "invisible"
                            float xformOp:rotateZ = 310
                            float3 xformOp:scale = (0.000595, 0.0015925606, 0.00724)
                            double3 xformOp:translate = (0.011279315580974548, -0.013442164865630268, -0.00362)
                            uniform token[] xformOpOrder = ["xformOp:translate", "xformOp:rotateZ", "xformOp:scale"]
                        }

                        def Cube "Segment_063" (
                            prepend apiSchemas = ["PhysicsCollisionAPI"]
                            customData = {
                                dictionary j599 = {
                                    string collisionRole = "plug_continuous_guide_shell"
                                }
                            }
                        )
                        {
                            float physxCollision:contactOffset = 0.00001
                            float physxCollision:restOffset = 0
                            color3f[] primvars:displayColor = [(0.49, 0.53, 0.58)]
                            double size = 1
                            token visibility = "invisible"
                            float xformOp:rotateZ = 315
                            float3 xformOp:scale = (0.000595, 0.0015925606, 0.00724)
                            double3 xformOp:translate = (0.01240795624287094, -0.012407956242870945, -0.00362)
                            uniform token[] xformOpOrder = ["xformOp:translate", "xformOp:rotateZ", "xformOp:scale"]
                        }

                        def Cube "Segment_064" (
                            prepend apiSchemas = ["PhysicsCollisionAPI"]
                            customData = {
                                dictionary j599 = {
                                    string collisionRole = "plug_continuous_guide_shell"
                                }
                            }
                        )
                        {
                            float physxCollision:contactOffset = 0.00001
                            float physxCollision:restOffset = 0
                            color3f[] primvars:displayColor = [(0.49, 0.53, 0.58)]
                            double size = 1
                            token visibility = "invisible"
                            float xformOp:rotateZ = 320
                            float3 xformOp:scale = (0.000595, 0.0015925606, 0.00724)
                            double3 xformOp:translate = (0.013442164865630263, -0.011279315580974553, -0.00362)
                            uniform token[] xformOpOrder = ["xformOp:translate", "xformOp:rotateZ", "xformOp:scale"]
                        }

                        def Cube "Segment_065" (
                            prepend apiSchemas = ["PhysicsCollisionAPI"]
                            customData = {
                                dictionary j599 = {
                                    string collisionRole = "plug_continuous_guide_shell"
                                }
                            }
                        )
                        {
                            float physxCollision:contactOffset = 0.00001
                            float physxCollision:restOffset = 0
                            color3f[] primvars:displayColor = [(0.49, 0.53, 0.58)]
                            double size = 1
                            token visibility = "invisible"
                            float xformOp:rotateZ = 325
                            float3 xformOp:scale = (0.000595, 0.0015925606, 0.00724)
                            double3 xformOp:translate = (0.01437407049716108, -0.010064832516869989, -0.00362)
                            uniform token[] xformOpOrder = ["xformOp:translate", "xformOp:rotateZ", "xformOp:scale"]
                        }

                        def Cube "Segment_066" (
                            prepend apiSchemas = ["PhysicsCollisionAPI"]
                            customData = {
                                dictionary j599 = {
                                    string collisionRole = "plug_continuous_guide_shell"
                                }
                            }
                        )
                        {
                            float physxCollision:contactOffset = 0.00001
                            float physxCollision:restOffset = 0
                            color3f[] primvars:displayColor = [(0.49, 0.53, 0.58)]
                            double size = 1
                            token visibility = "invisible"
                            float xformOp:rotateZ = 330
                            float3 xformOp:scale = (0.000595, 0.0015925606, 0.00724)
                            double3 xformOp:translate = (0.015196580772907434, -0.008773750000000007, -0.00362)
                            uniform token[] xformOpOrder = ["xformOp:translate", "xformOp:rotateZ", "xformOp:scale"]
                        }

                        def Cube "Segment_067" (
                            prepend apiSchemas = ["PhysicsCollisionAPI"]
                            customData = {
                                dictionary j599 = {
                                    string collisionRole = "plug_continuous_guide_shell"
                                }
                            }
                        )
                        {
                            float physxCollision:contactOffset = 0.00001
                            float physxCollision:restOffset = 0
                            color3f[] primvars:displayColor = [(0.49, 0.53, 0.58)]
                            double size = 1
                            token visibility = "invisible"
                            float xformOp:rotateZ = 335
                            float3 xformOp:scale = (0.000595, 0.0015925606, 0.00724)
                            double3 xformOp:translate = (0.015903435893025616, -0.0074158939478949195, -0.00362)
                            uniform token[] xformOpOrder = ["xformOp:translate", "xformOp:rotateZ", "xformOp:scale"]
                        }

                        def Cube "Segment_068" (
                            prepend apiSchemas = ["PhysicsCollisionAPI"]
                            customData = {
                                dictionary j599 = {
                                    string collisionRole = "plug_continuous_guide_shell"
                                }
                            }
                        )
                        {
                            float physxCollision:contactOffset = 0.00001
                            float physxCollision:restOffset = 0
                            color3f[] primvars:displayColor = [(0.49, 0.53, 0.58)]
                            double size = 1
                            token visibility = "invisible"
                            float xformOp:rotateZ = 340
                            float3 xformOp:scale = (0.000595, 0.0015925606, 0.00724)
                            double3 xformOp:translate = (0.01648925626324073, -0.00600159846500717, -0.00362)
                            uniform token[] xformOpOrder = ["xformOp:translate", "xformOp:rotateZ", "xformOp:scale"]
                        }

                        def Cube "Segment_069" (
                            prepend apiSchemas = ["PhysicsCollisionAPI"]
                            customData = {
                                dictionary j599 = {
                                    string collisionRole = "plug_continuous_guide_shell"
                                }
                            }
                        )
                        {
                            float physxCollision:contactOffset = 0.00001
                            float physxCollision:restOffset = 0
                            color3f[] primvars:displayColor = [(0.49, 0.53, 0.58)]
                            double size = 1
                            token visibility = "invisible"
                            float xformOp:rotateZ = 345
                            float3 xformOp:scale = (0.000595, 0.0015925606, 0.00724)
                            double3 xformOp:translate = (0.016949583436807428, -0.004541627193936482, -0.00362)
                            uniform token[] xformOpOrder = ["xformOp:translate", "xformOp:rotateZ", "xformOp:scale"]
                        }

                        def Cube "Segment_070" (
                            prepend apiSchemas = ["PhysicsCollisionAPI"]
                            customData = {
                                dictionary j599 = {
                                    string collisionRole = "plug_continuous_guide_shell"
                                }
                            }
                        )
                        {
                            float physxCollision:contactOffset = 0.00001
                            float physxCollision:restOffset = 0
                            color3f[] primvars:displayColor = [(0.49, 0.53, 0.58)]
                            double size = 1
                            token visibility = "invisible"
                            float xformOp:rotateZ = 350
                            float3 xformOp:scale = (0.000595, 0.0015925606, 0.00724)
                            double3 xformOp:translate = (0.01728091404598172, -0.003047091397610461, -0.00362)
                            uniform token[] xformOpOrder = ["xformOp:translate", "xformOp:rotateZ", "xformOp:scale"]
                        }

                        def Cube "Segment_071" (
                            prepend apiSchemas = ["PhysicsCollisionAPI"]
                            customData = {
                                dictionary j599 = {
                                    string collisionRole = "plug_continuous_guide_shell"
                                }
                            }
                        )
                        {
                            float physxCollision:contactOffset = 0.00001
                            float physxCollision:restOffset = 0
                            color3f[] primvars:displayColor = [(0.49, 0.53, 0.58)]
                            double size = 1
                            token visibility = "invisible"
                            float xformOp:rotateZ = 355
                            float3 xformOp:scale = (0.000595, 0.0015925606, 0.00724)
                            double3 xformOp:translate = (0.017480726464764906, -0.0015293653958645345, -0.00362)
                            uniform token[] xformOpOrder = ["xformOp:translate", "xformOp:rotateZ", "xformOp:scale"]
                        }
                    }

                    def Xform "MetalStop"
                    {
                        def Cube "Segment_000" (
                            prepend apiSchemas = ["PhysicsCollisionAPI"]
                            customData = {
                                dictionary j599 = {
                                    string collisionRole = "plug_metal_stop"
                                }
                            }
                        )
                        {
                            float physxCollision:contactOffset = 0.00001
                            float physxCollision:restOffset = 0
                            color3f[] primvars:displayColor = [(0.27, 0.3, 0.34)]
                            double size = 1
                            token visibility = "invisible"
                            float3 xformOp:scale = (0.0009, 0.0021577505, 0.0003)
                            double3 xformOp:translate = (0.01585, 0, 0.00015)
                            uniform token[] xformOpOrder = ["xformOp:translate", "xformOp:scale"]
                        }

                        def Cube "Segment_001" (
                            prepend apiSchemas = ["PhysicsCollisionAPI"]
                            customData = {
                                dictionary j599 = {
                                    string collisionRole = "plug_metal_stop"
                                }
                            }
                        )
                        {
                            float physxCollision:contactOffset = 0.00001
                            float physxCollision:restOffset = 0
                            color3f[] primvars:displayColor = [(0.27, 0.3, 0.34)]
                            double size = 1
                            token visibility = "invisible"
                            float xformOp:rotateZ = 7.5
                            float3 xformOp:scale = (0.0009, 0.0021577505, 0.0003)
                            double3 xformOp:translate = (0.015714401052774895, 0.0020688401466878175, 0.00015)
                            uniform token[] xformOpOrder = ["xformOp:translate", "xformOp:rotateZ", "xformOp:scale"]
                        }

                        def Cube "Segment_002" (
                            prepend apiSchemas = ["PhysicsCollisionAPI"]
                            customData = {
                                dictionary j599 = {
                                    string collisionRole = "plug_metal_stop"
                                }
                            }
                        )
                        {
                            float physxCollision:contactOffset = 0.00001
                            float physxCollision:restOffset = 0
                            color3f[] primvars:displayColor = [(0.27, 0.3, 0.34)]
                            double size = 1
                            token visibility = "invisible"
                            float xformOp:rotateZ = 15
                            float3 xformOp:scale = (0.0009, 0.0021577505, 0.0003)
                            double3 xformOp:translate = (0.015309924346681733, 0.004102281864874954, 0.00015)
                            uniform token[] xformOpOrder = ["xformOp:translate", "xformOp:rotateZ", "xformOp:scale"]
                        }

                        def Cube "Segment_003" (
                            prepend apiSchemas = ["PhysicsCollisionAPI"]
                            customData = {
                                dictionary j599 = {
                                    string collisionRole = "plug_metal_stop"
                                }
                            }
                        )
                        {
                            float physxCollision:contactOffset = 0.00001
                            float physxCollision:restOffset = 0
                            color3f[] primvars:displayColor = [(0.27, 0.3, 0.34)]
                            double size = 1
                            token visibility = "invisible"
                            float xformOp:rotateZ = 22.5
                            float3 xformOp:scale = (0.0009, 0.0021577505, 0.0003)
                            double3 xformOp:translate = (0.014643490590303895, 0.006065532402986673, 0.00015)
                            uniform token[] xformOpOrder = ["xformOp:translate", "xformOp:rotateZ", "xformOp:scale"]
                        }

                        def Cube "Segment_004" (
                            prepend apiSchemas = ["PhysicsCollisionAPI"]
                            customData = {
                                dictionary j599 = {
                                    string collisionRole = "plug_metal_stop"
                                }
                            }
                        )
                        {
                            float physxCollision:contactOffset = 0.00001
                            float physxCollision:restOffset = 0
                            color3f[] primvars:displayColor = [(0.27, 0.3, 0.34)]
                            double size = 1
                            token visibility = "invisible"
                            float xformOp:rotateZ = 30
                            float3 xformOp:scale = (0.0009, 0.0021577505, 0.0003)
                            double3 xformOp:translate = (0.013726502649983353, 0.007924999999999998, 0.00015)
                            uniform token[] xformOpOrder = ["xformOp:translate", "xformOp:rotateZ", "xformOp:scale"]
                        }

                        def Cube "Segment_005" (
                            prepend apiSchemas = ["PhysicsCollisionAPI"]
                            customData = {
                                dictionary j599 = {
                                    string collisionRole = "plug_metal_stop"
                                }
                            }
                        )
                        {
                            float physxCollision:contactOffset = 0.00001
                            float physxCollision:restOffset = 0
                            color3f[] primvars:displayColor = [(0.27, 0.3, 0.34)]
                            double size = 1
                            token visibility = "invisible"
                            float xformOp:rotateZ = 37.5
                            float3 xformOp:scale = (0.0009, 0.0021577505, 0.0003)
                            double3 xformOp:translate = (0.012574650443616078, 0.009648868649788223, 0.00015)
                            uniform token[] xformOpOrder = ["xformOp:translate", "xformOp:rotateZ", "xformOp:scale"]
                        }

                        def Cube "Segment_006" (
                            prepend apiSchemas = ["PhysicsCollisionAPI"]
                            customData = {
                                dictionary j599 = {
                                    string collisionRole = "plug_metal_stop"
                                }
                            }
                        )
                        {
                            float physxCollision:contactOffset = 0.00001
                            float physxCollision:restOffset = 0
                            color3f[] primvars:displayColor = [(0.27, 0.3, 0.34)]
                            double size = 1
                            token visibility = "invisible"
                            float xformOp:rotateZ = 45
                            float3 xformOp:scale = (0.0009, 0.0021577505, 0.0003)
                            double3 xformOp:translate = (0.011207642481806779, 0.011207642481806777, 0.00015)
                            uniform token[] xformOpOrder = ["xformOp:translate", "xformOp:rotateZ", "xformOp:scale"]
                        }

                        def Cube "Segment_007" (
                            prepend apiSchemas = ["PhysicsCollisionAPI"]
                            customData = {
                                dictionary j599 = {
                                    string collisionRole = "plug_metal_stop"
                                }
                            }
                        )
                        {
                            float physxCollision:contactOffset = 0.00001
                            float physxCollision:restOffset = 0
                            color3f[] primvars:displayColor = [(0.27, 0.3, 0.34)]
                            double size = 1
                            token visibility = "invisible"
                            float xformOp:rotateZ = 52.5
                            float3 xformOp:scale = (0.0009, 0.0021577505, 0.0003)
                            double3 xformOp:translate = (0.009648868649788223, 0.012574650443616078, 0.00015)
                            uniform token[] xformOpOrder = ["xformOp:translate", "xformOp:rotateZ", "xformOp:scale"]
                        }

                        def Cube "Segment_008" (
                            prepend apiSchemas = ["PhysicsCollisionAPI"]
                            customData = {
                                dictionary j599 = {
                                    string collisionRole = "plug_metal_stop"
                                }
                            }
                        )
                        {
                            float physxCollision:contactOffset = 0.00001
                            float physxCollision:restOffset = 0
                            color3f[] primvars:displayColor = [(0.27, 0.3, 0.34)]
                            double size = 1
                            token visibility = "invisible"
                            float xformOp:rotateZ = 60
                            float3 xformOp:scale = (0.0009, 0.0021577505, 0.0003)
                            double3 xformOp:translate = (0.007925000000000001, 0.013726502649983352, 0.00015)
                            uniform token[] xformOpOrder = ["xformOp:translate", "xformOp:rotateZ", "xformOp:scale"]
                        }

                        def Cube "Segment_009" (
                            prepend apiSchemas = ["PhysicsCollisionAPI"]
                            customData = {
                                dictionary j599 = {
                                    string collisionRole = "plug_metal_stop"
                                }
                            }
                        )
                        {
                            float physxCollision:contactOffset = 0.00001
                            float physxCollision:restOffset = 0
                            color3f[] primvars:displayColor = [(0.27, 0.3, 0.34)]
                            double size = 1
                            token visibility = "invisible"
                            float xformOp:rotateZ = 67.5
                            float3 xformOp:scale = (0.0009, 0.0021577505, 0.0003)
                            double3 xformOp:translate = (0.006065532402986674, 0.014643490590303895, 0.00015)
                            uniform token[] xformOpOrder = ["xformOp:translate", "xformOp:rotateZ", "xformOp:scale"]
                        }

                        def Cube "Segment_010" (
                            prepend apiSchemas = ["PhysicsCollisionAPI"]
                            customData = {
                                dictionary j599 = {
                                    string collisionRole = "plug_metal_stop"
                                }
                            }
                        )
                        {
                            float physxCollision:contactOffset = 0.00001
                            float physxCollision:restOffset = 0
                            color3f[] primvars:displayColor = [(0.27, 0.3, 0.34)]
                            double size = 1
                            token visibility = "invisible"
                            float xformOp:rotateZ = 75
                            float3 xformOp:scale = (0.0009, 0.0021577505, 0.0003)
                            double3 xformOp:translate = (0.004102281864874954, 0.015309924346681733, 0.00015)
                            uniform token[] xformOpOrder = ["xformOp:translate", "xformOp:rotateZ", "xformOp:scale"]
                        }

                        def Cube "Segment_011" (
                            prepend apiSchemas = ["PhysicsCollisionAPI"]
                            customData = {
                                dictionary j599 = {
                                    string collisionRole = "plug_metal_stop"
                                }
                            }
                        )
                        {
                            float physxCollision:contactOffset = 0.00001
                            float physxCollision:restOffset = 0
                            color3f[] primvars:displayColor = [(0.27, 0.3, 0.34)]
                            double size = 1
                            token visibility = "invisible"
                            float xformOp:rotateZ = 82.5
                            float3 xformOp:scale = (0.0009, 0.0021577505, 0.0003)
                            double3 xformOp:translate = (0.0020688401466878196, 0.015714401052774895, 0.00015)
                            uniform token[] xformOpOrder = ["xformOp:translate", "xformOp:rotateZ", "xformOp:scale"]
                        }

                        def Cube "Segment_012" (
                            prepend apiSchemas = ["PhysicsCollisionAPI"]
                            customData = {
                                dictionary j599 = {
                                    string collisionRole = "plug_metal_stop"
                                }
                            }
                        )
                        {
                            float physxCollision:contactOffset = 0.00001
                            float physxCollision:restOffset = 0
                            color3f[] primvars:displayColor = [(0.27, 0.3, 0.34)]
                            double size = 1
                            token visibility = "invisible"
                            float xformOp:rotateZ = 90
                            float3 xformOp:scale = (0.0009, 0.0021577505, 0.0003)
                            double3 xformOp:translate = (9.705325883242775e-19, 0.01585, 0.00015)
                            uniform token[] xformOpOrder = ["xformOp:translate", "xformOp:rotateZ", "xformOp:scale"]
                        }

                        def Cube "Segment_013" (
                            prepend apiSchemas = ["PhysicsCollisionAPI"]
                            customData = {
                                dictionary j599 = {
                                    string collisionRole = "plug_metal_stop"
                                }
                            }
                        )
                        {
                            float physxCollision:contactOffset = 0.00001
                            float physxCollision:restOffset = 0
                            color3f[] primvars:displayColor = [(0.27, 0.3, 0.34)]
                            double size = 1
                            token visibility = "invisible"
                            float xformOp:rotateZ = 97.5
                            float3 xformOp:scale = (0.0009, 0.0021577505, 0.0003)
                            double3 xformOp:translate = (-0.002068840146687818, 0.015714401052774895, 0.00015)
                            uniform token[] xformOpOrder = ["xformOp:translate", "xformOp:rotateZ", "xformOp:scale"]
                        }

                        def Cube "Segment_014" (
                            prepend apiSchemas = ["PhysicsCollisionAPI"]
                            customData = {
                                dictionary j599 = {
                                    string collisionRole = "plug_metal_stop"
                                }
                            }
                        )
                        {
                            float physxCollision:contactOffset = 0.00001
                            float physxCollision:restOffset = 0
                            color3f[] primvars:displayColor = [(0.27, 0.3, 0.34)]
                            double size = 1
                            token visibility = "invisible"
                            float xformOp:rotateZ = 105
                            float3 xformOp:scale = (0.0009, 0.0021577505, 0.0003)
                            double3 xformOp:translate = (-0.004102281864874956, 0.015309924346681733, 0.00015)
                            uniform token[] xformOpOrder = ["xformOp:translate", "xformOp:rotateZ", "xformOp:scale"]
                        }

                        def Cube "Segment_015" (
                            prepend apiSchemas = ["PhysicsCollisionAPI"]
                            customData = {
                                dictionary j599 = {
                                    string collisionRole = "plug_metal_stop"
                                }
                            }
                        )
                        {
                            float physxCollision:contactOffset = 0.00001
                            float physxCollision:restOffset = 0
                            color3f[] primvars:displayColor = [(0.27, 0.3, 0.34)]
                            double size = 1
                            token visibility = "invisible"
                            float xformOp:rotateZ = 112.5
                            float3 xformOp:scale = (0.0009, 0.0021577505, 0.0003)
                            double3 xformOp:translate = (-0.006065532402986672, 0.014643490590303895, 0.00015)
                            uniform token[] xformOpOrder = ["xformOp:translate", "xformOp:rotateZ", "xformOp:scale"]
                        }

                        def Cube "Segment_016" (
                            prepend apiSchemas = ["PhysicsCollisionAPI"]
                            customData = {
                                dictionary j599 = {
                                    string collisionRole = "plug_metal_stop"
                                }
                            }
                        )
                        {
                            float physxCollision:contactOffset = 0.00001
                            float physxCollision:restOffset = 0
                            color3f[] primvars:displayColor = [(0.27, 0.3, 0.34)]
                            double size = 1
                            token visibility = "invisible"
                            float xformOp:rotateZ = 120
                            float3 xformOp:scale = (0.0009, 0.0021577505, 0.0003)
                            double3 xformOp:translate = (-0.007924999999999996, 0.013726502649983353, 0.00015)
                            uniform token[] xformOpOrder = ["xformOp:translate", "xformOp:rotateZ", "xformOp:scale"]
                        }

                        def Cube "Segment_017" (
                            prepend apiSchemas = ["PhysicsCollisionAPI"]
                            customData = {
                                dictionary j599 = {
                                    string collisionRole = "plug_metal_stop"
                                }
                            }
                        )
                        {
                            float physxCollision:contactOffset = 0.00001
                            float physxCollision:restOffset = 0
                            color3f[] primvars:displayColor = [(0.27, 0.3, 0.34)]
                            double size = 1
                            token visibility = "invisible"
                            float xformOp:rotateZ = 127.5
                            float3 xformOp:scale = (0.0009, 0.0021577505, 0.0003)
                            double3 xformOp:translate = (-0.009648868649788223, 0.012574650443616078, 0.00015)
                            uniform token[] xformOpOrder = ["xformOp:translate", "xformOp:rotateZ", "xformOp:scale"]
                        }

                        def Cube "Segment_018" (
                            prepend apiSchemas = ["PhysicsCollisionAPI"]
                            customData = {
                                dictionary j599 = {
                                    string collisionRole = "plug_metal_stop"
                                }
                            }
                        )
                        {
                            float physxCollision:contactOffset = 0.00001
                            float physxCollision:restOffset = 0
                            color3f[] primvars:displayColor = [(0.27, 0.3, 0.34)]
                            double size = 1
                            token visibility = "invisible"
                            float xformOp:rotateZ = 135
                            float3 xformOp:scale = (0.0009, 0.0021577505, 0.0003)
                            double3 xformOp:translate = (-0.011207642481806777, 0.011207642481806779, 0.00015)
                            uniform token[] xformOpOrder = ["xformOp:translate", "xformOp:rotateZ", "xformOp:scale"]
                        }

                        def Cube "Segment_019" (
                            prepend apiSchemas = ["PhysicsCollisionAPI"]
                            customData = {
                                dictionary j599 = {
                                    string collisionRole = "plug_metal_stop"
                                }
                            }
                        )
                        {
                            float physxCollision:contactOffset = 0.00001
                            float physxCollision:restOffset = 0
                            color3f[] primvars:displayColor = [(0.27, 0.3, 0.34)]
                            double size = 1
                            token visibility = "invisible"
                            float xformOp:rotateZ = 142.5
                            float3 xformOp:scale = (0.0009, 0.0021577505, 0.0003)
                            double3 xformOp:translate = (-0.012574650443616076, 0.009648868649788226, 0.00015)
                            uniform token[] xformOpOrder = ["xformOp:translate", "xformOp:rotateZ", "xformOp:scale"]
                        }

                        def Cube "Segment_020" (
                            prepend apiSchemas = ["PhysicsCollisionAPI"]
                            customData = {
                                dictionary j599 = {
                                    string collisionRole = "plug_metal_stop"
                                }
                            }
                        )
                        {
                            float physxCollision:contactOffset = 0.00001
                            float physxCollision:restOffset = 0
                            color3f[] primvars:displayColor = [(0.27, 0.3, 0.34)]
                            double size = 1
                            token visibility = "invisible"
                            float xformOp:rotateZ = 150
                            float3 xformOp:scale = (0.0009, 0.0021577505, 0.0003)
                            double3 xformOp:translate = (-0.013726502649983353, 0.007924999999999998, 0.00015)
                            uniform token[] xformOpOrder = ["xformOp:translate", "xformOp:rotateZ", "xformOp:scale"]
                        }

                        def Cube "Segment_021" (
                            prepend apiSchemas = ["PhysicsCollisionAPI"]
                            customData = {
                                dictionary j599 = {
                                    string collisionRole = "plug_metal_stop"
                                }
                            }
                        )
                        {
                            float physxCollision:contactOffset = 0.00001
                            float physxCollision:restOffset = 0
                            color3f[] primvars:displayColor = [(0.27, 0.3, 0.34)]
                            double size = 1
                            token visibility = "invisible"
                            float xformOp:rotateZ = 157.5
                            float3 xformOp:scale = (0.0009, 0.0021577505, 0.0003)
                            double3 xformOp:translate = (-0.014643490590303895, 0.006065532402986675, 0.00015)
                            uniform token[] xformOpOrder = ["xformOp:translate", "xformOp:rotateZ", "xformOp:scale"]
                        }

                        def Cube "Segment_022" (
                            prepend apiSchemas = ["PhysicsCollisionAPI"]
                            customData = {
                                dictionary j599 = {
                                    string collisionRole = "plug_metal_stop"
                                }
                            }
                        )
                        {
                            float physxCollision:contactOffset = 0.00001
                            float physxCollision:restOffset = 0
                            color3f[] primvars:displayColor = [(0.27, 0.3, 0.34)]
                            double size = 1
                            token visibility = "invisible"
                            float xformOp:rotateZ = 165
                            float3 xformOp:scale = (0.0009, 0.0021577505, 0.0003)
                            double3 xformOp:translate = (-0.015309924346681731, 0.004102281864874958, 0.00015)
                            uniform token[] xformOpOrder = ["xformOp:translate", "xformOp:rotateZ", "xformOp:scale"]
                        }

                        def Cube "Segment_023" (
                            prepend apiSchemas = ["PhysicsCollisionAPI"]
                            customData = {
                                dictionary j599 = {
                                    string collisionRole = "plug_metal_stop"
                                }
                            }
                        )
                        {
                            float physxCollision:contactOffset = 0.00001
                            float physxCollision:restOffset = 0
                            color3f[] primvars:displayColor = [(0.27, 0.3, 0.34)]
                            double size = 1
                            token visibility = "invisible"
                            float xformOp:rotateZ = 172.5
                            float3 xformOp:scale = (0.0009, 0.0021577505, 0.0003)
                            double3 xformOp:translate = (-0.015714401052774895, 0.0020688401466878175, 0.00015)
                            uniform token[] xformOpOrder = ["xformOp:translate", "xformOp:rotateZ", "xformOp:scale"]
                        }

                        def Cube "Segment_024" (
                            prepend apiSchemas = ["PhysicsCollisionAPI"]
                            customData = {
                                dictionary j599 = {
                                    string collisionRole = "plug_metal_stop"
                                }
                            }
                        )
                        {
                            float physxCollision:contactOffset = 0.00001
                            float physxCollision:restOffset = 0
                            color3f[] primvars:displayColor = [(0.27, 0.3, 0.34)]
                            double size = 1
                            token visibility = "invisible"
                            float xformOp:rotateZ = 180
                            float3 xformOp:scale = (0.0009, 0.0021577505, 0.0003)
                            double3 xformOp:translate = (-0.01585, 1.941065176648555e-18, 0.00015)
                            uniform token[] xformOpOrder = ["xformOp:translate", "xformOp:rotateZ", "xformOp:scale"]
                        }

                        def Cube "Segment_025" (
                            prepend apiSchemas = ["PhysicsCollisionAPI"]
                            customData = {
                                dictionary j599 = {
                                    string collisionRole = "plug_metal_stop"
                                }
                            }
                        )
                        {
                            float physxCollision:contactOffset = 0.00001
                            float physxCollision:restOffset = 0
                            color3f[] primvars:displayColor = [(0.27, 0.3, 0.34)]
                            double size = 1
                            token visibility = "invisible"
                            float xformOp:rotateZ = 187.5
                            float3 xformOp:scale = (0.0009, 0.0021577505, 0.0003)
                            double3 xformOp:translate = (-0.015714401052774895, -0.0020688401466878135, 0.00015)
                            uniform token[] xformOpOrder = ["xformOp:translate", "xformOp:rotateZ", "xformOp:scale"]
                        }

                        def Cube "Segment_026" (
                            prepend apiSchemas = ["PhysicsCollisionAPI"]
                            customData = {
                                dictionary j599 = {
                                    string collisionRole = "plug_metal_stop"
                                }
                            }
                        )
                        {
                            float physxCollision:contactOffset = 0.00001
                            float physxCollision:restOffset = 0
                            color3f[] primvars:displayColor = [(0.27, 0.3, 0.34)]
                            double size = 1
                            token visibility = "invisible"
                            float xformOp:rotateZ = 195
                            float3 xformOp:scale = (0.0009, 0.0021577505, 0.0003)
                            double3 xformOp:translate = (-0.015309924346681733, -0.004102281864874955, 0.00015)
                            uniform token[] xformOpOrder = ["xformOp:translate", "xformOp:rotateZ", "xformOp:scale"]
                        }

                        def Cube "Segment_027" (
                            prepend apiSchemas = ["PhysicsCollisionAPI"]
                            customData = {
                                dictionary j599 = {
                                    string collisionRole = "plug_metal_stop"
                                }
                            }
                        )
                        {
                            float physxCollision:contactOffset = 0.00001
                            float physxCollision:restOffset = 0
                            color3f[] primvars:displayColor = [(0.27, 0.3, 0.34)]
                            double size = 1
                            token visibility = "invisible"
                            float xformOp:rotateZ = 202.5
                            float3 xformOp:scale = (0.0009, 0.0021577505, 0.0003)
                            double3 xformOp:translate = (-0.014643490590303896, -0.006065532402986671, 0.00015)
                            uniform token[] xformOpOrder = ["xformOp:translate", "xformOp:rotateZ", "xformOp:scale"]
                        }

                        def Cube "Segment_028" (
                            prepend apiSchemas = ["PhysicsCollisionAPI"]
                            customData = {
                                dictionary j599 = {
                                    string collisionRole = "plug_metal_stop"
                                }
                            }
                        )
                        {
                            float physxCollision:contactOffset = 0.00001
                            float physxCollision:restOffset = 0
                            color3f[] primvars:displayColor = [(0.27, 0.3, 0.34)]
                            double size = 1
                            token visibility = "invisible"
                            float xformOp:rotateZ = 210
                            float3 xformOp:scale = (0.0009, 0.0021577505, 0.0003)
                            double3 xformOp:translate = (-0.013726502649983352, -0.007925000000000001, 0.00015)
                            uniform token[] xformOpOrder = ["xformOp:translate", "xformOp:rotateZ", "xformOp:scale"]
                        }

                        def Cube "Segment_029" (
                            prepend apiSchemas = ["PhysicsCollisionAPI"]
                            customData = {
                                dictionary j599 = {
                                    string collisionRole = "plug_metal_stop"
                                }
                            }
                        )
                        {
                            float physxCollision:contactOffset = 0.00001
                            float physxCollision:restOffset = 0
                            color3f[] primvars:displayColor = [(0.27, 0.3, 0.34)]
                            double size = 1
                            token visibility = "invisible"
                            float xformOp:rotateZ = 217.5
                            float3 xformOp:scale = (0.0009, 0.0021577505, 0.0003)
                            double3 xformOp:translate = (-0.012574650443616078, -0.009648868649788223, 0.00015)
                            uniform token[] xformOpOrder = ["xformOp:translate", "xformOp:rotateZ", "xformOp:scale"]
                        }

                        def Cube "Segment_030" (
                            prepend apiSchemas = ["PhysicsCollisionAPI"]
                            customData = {
                                dictionary j599 = {
                                    string collisionRole = "plug_metal_stop"
                                }
                            }
                        )
                        {
                            float physxCollision:contactOffset = 0.00001
                            float physxCollision:restOffset = 0
                            color3f[] primvars:displayColor = [(0.27, 0.3, 0.34)]
                            double size = 1
                            token visibility = "invisible"
                            float xformOp:rotateZ = 225
                            float3 xformOp:scale = (0.0009, 0.0021577505, 0.0003)
                            double3 xformOp:translate = (-0.01120764248180678, -0.011207642481806777, 0.00015)
                            uniform token[] xformOpOrder = ["xformOp:translate", "xformOp:rotateZ", "xformOp:scale"]
                        }

                        def Cube "Segment_031" (
                            prepend apiSchemas = ["PhysicsCollisionAPI"]
                            customData = {
                                dictionary j599 = {
                                    string collisionRole = "plug_metal_stop"
                                }
                            }
                        )
                        {
                            float physxCollision:contactOffset = 0.00001
                            float physxCollision:restOffset = 0
                            color3f[] primvars:displayColor = [(0.27, 0.3, 0.34)]
                            double size = 1
                            token visibility = "invisible"
                            float xformOp:rotateZ = 232.5
                            float3 xformOp:scale = (0.0009, 0.0021577505, 0.0003)
                            double3 xformOp:translate = (-0.009648868649788226, -0.012574650443616074, 0.00015)
                            uniform token[] xformOpOrder = ["xformOp:translate", "xformOp:rotateZ", "xformOp:scale"]
                        }

                        def Cube "Segment_032" (
                            prepend apiSchemas = ["PhysicsCollisionAPI"]
                            customData = {
                                dictionary j599 = {
                                    string collisionRole = "plug_metal_stop"
                                }
                            }
                        )
                        {
                            float physxCollision:contactOffset = 0.00001
                            float physxCollision:restOffset = 0
                            color3f[] primvars:displayColor = [(0.27, 0.3, 0.34)]
                            double size = 1
                            token visibility = "invisible"
                            float xformOp:rotateZ = 240
                            float3 xformOp:scale = (0.0009, 0.0021577505, 0.0003)
                            double3 xformOp:translate = (-0.007925000000000007, -0.013726502649983348, 0.00015)
                            uniform token[] xformOpOrder = ["xformOp:translate", "xformOp:rotateZ", "xformOp:scale"]
                        }

                        def Cube "Segment_033" (
                            prepend apiSchemas = ["PhysicsCollisionAPI"]
                            customData = {
                                dictionary j599 = {
                                    string collisionRole = "plug_metal_stop"
                                }
                            }
                        )
                        {
                            float physxCollision:contactOffset = 0.00001
                            float physxCollision:restOffset = 0
                            color3f[] primvars:displayColor = [(0.27, 0.3, 0.34)]
                            double size = 1
                            token visibility = "invisible"
                            float xformOp:rotateZ = 247.5
                            float3 xformOp:scale = (0.0009, 0.0021577505, 0.0003)
                            double3 xformOp:translate = (-0.0060655324029866686, -0.014643490590303896, 0.00015)
                            uniform token[] xformOpOrder = ["xformOp:translate", "xformOp:rotateZ", "xformOp:scale"]
                        }

                        def Cube "Segment_034" (
                            prepend apiSchemas = ["PhysicsCollisionAPI"]
                            customData = {
                                dictionary j599 = {
                                    string collisionRole = "plug_metal_stop"
                                }
                            }
                        )
                        {
                            float physxCollision:contactOffset = 0.00001
                            float physxCollision:restOffset = 0
                            color3f[] primvars:displayColor = [(0.27, 0.3, 0.34)]
                            double size = 1
                            token visibility = "invisible"
                            float xformOp:rotateZ = 255
                            float3 xformOp:scale = (0.0009, 0.0021577505, 0.0003)
                            double3 xformOp:translate = (-0.004102281864874952, -0.015309924346681733, 0.00015)
                            uniform token[] xformOpOrder = ["xformOp:translate", "xformOp:rotateZ", "xformOp:scale"]
                        }

                        def Cube "Segment_035" (
                            prepend apiSchemas = ["PhysicsCollisionAPI"]
                            customData = {
                                dictionary j599 = {
                                    string collisionRole = "plug_metal_stop"
                                }
                            }
                        )
                        {
                            float physxCollision:contactOffset = 0.00001
                            float physxCollision:restOffset = 0
                            color3f[] primvars:displayColor = [(0.27, 0.3, 0.34)]
                            double size = 1
                            token visibility = "invisible"
                            float xformOp:rotateZ = 262.5
                            float3 xformOp:scale = (0.0009, 0.0021577505, 0.0003)
                            double3 xformOp:translate = (-0.0020688401466878183, -0.015714401052774895, 0.00015)
                            uniform token[] xformOpOrder = ["xformOp:translate", "xformOp:rotateZ", "xformOp:scale"]
                        }

                        def Cube "Segment_036" (
                            prepend apiSchemas = ["PhysicsCollisionAPI"]
                            customData = {
                                dictionary j599 = {
                                    string collisionRole = "plug_metal_stop"
                                }
                            }
                        )
                        {
                            float physxCollision:contactOffset = 0.00001
                            float physxCollision:restOffset = 0
                            color3f[] primvars:displayColor = [(0.27, 0.3, 0.34)]
                            double size = 1
                            token visibility = "invisible"
                            float xformOp:rotateZ = 270
                            float3 xformOp:scale = (0.0009, 0.0021577505, 0.0003)
                            double3 xformOp:translate = (-2.911597764972832e-18, -0.01585, 0.00015)
                            uniform token[] xformOpOrder = ["xformOp:translate", "xformOp:rotateZ", "xformOp:scale"]
                        }

                        def Cube "Segment_037" (
                            prepend apiSchemas = ["PhysicsCollisionAPI"]
                            customData = {
                                dictionary j599 = {
                                    string collisionRole = "plug_metal_stop"
                                }
                            }
                        )
                        {
                            float physxCollision:contactOffset = 0.00001
                            float physxCollision:restOffset = 0
                            color3f[] primvars:displayColor = [(0.27, 0.3, 0.34)]
                            double size = 1
                            token visibility = "invisible"
                            float xformOp:rotateZ = 277.5
                            float3 xformOp:scale = (0.0009, 0.0021577505, 0.0003)
                            double3 xformOp:translate = (0.0020688401466878127, -0.015714401052774895, 0.00015)
                            uniform token[] xformOpOrder = ["xformOp:translate", "xformOp:rotateZ", "xformOp:scale"]
                        }

                        def Cube "Segment_038" (
                            prepend apiSchemas = ["PhysicsCollisionAPI"]
                            customData = {
                                dictionary j599 = {
                                    string collisionRole = "plug_metal_stop"
                                }
                            }
                        )
                        {
                            float physxCollision:contactOffset = 0.00001
                            float physxCollision:restOffset = 0
                            color3f[] primvars:displayColor = [(0.27, 0.3, 0.34)]
                            double size = 1
                            token visibility = "invisible"
                            float xformOp:rotateZ = 285
                            float3 xformOp:scale = (0.0009, 0.0021577505, 0.0003)
                            double3 xformOp:translate = (0.004102281864874946, -0.015309924346681734, 0.00015)
                            uniform token[] xformOpOrder = ["xformOp:translate", "xformOp:rotateZ", "xformOp:scale"]
                        }

                        def Cube "Segment_039" (
                            prepend apiSchemas = ["PhysicsCollisionAPI"]
                            customData = {
                                dictionary j599 = {
                                    string collisionRole = "plug_metal_stop"
                                }
                            }
                        )
                        {
                            float physxCollision:contactOffset = 0.00001
                            float physxCollision:restOffset = 0
                            color3f[] primvars:displayColor = [(0.27, 0.3, 0.34)]
                            double size = 1
                            token visibility = "invisible"
                            float xformOp:rotateZ = 292.5
                            float3 xformOp:scale = (0.0009, 0.0021577505, 0.0003)
                            double3 xformOp:translate = (0.006065532402986676, -0.014643490590303893, 0.00015)
                            uniform token[] xformOpOrder = ["xformOp:translate", "xformOp:rotateZ", "xformOp:scale"]
                        }

                        def Cube "Segment_040" (
                            prepend apiSchemas = ["PhysicsCollisionAPI"]
                            customData = {
                                dictionary j599 = {
                                    string collisionRole = "plug_metal_stop"
                                }
                            }
                        )
                        {
                            float physxCollision:contactOffset = 0.00001
                            float physxCollision:restOffset = 0
                            color3f[] primvars:displayColor = [(0.27, 0.3, 0.34)]
                            double size = 1
                            token visibility = "invisible"
                            float xformOp:rotateZ = 300
                            float3 xformOp:scale = (0.0009, 0.0021577505, 0.0003)
                            double3 xformOp:translate = (0.007925000000000001, -0.013726502649983352, 0.00015)
                            uniform token[] xformOpOrder = ["xformOp:translate", "xformOp:rotateZ", "xformOp:scale"]
                        }

                        def Cube "Segment_041" (
                            prepend apiSchemas = ["PhysicsCollisionAPI"]
                            customData = {
                                dictionary j599 = {
                                    string collisionRole = "plug_metal_stop"
                                }
                            }
                        )
                        {
                            float physxCollision:contactOffset = 0.00001
                            float physxCollision:restOffset = 0
                            color3f[] primvars:displayColor = [(0.27, 0.3, 0.34)]
                            double size = 1
                            token visibility = "invisible"
                            float xformOp:rotateZ = 307.5
                            float3 xformOp:scale = (0.0009, 0.0021577505, 0.0003)
                            double3 xformOp:translate = (0.009648868649788221, -0.012574650443616078, 0.00015)
                            uniform token[] xformOpOrder = ["xformOp:translate", "xformOp:rotateZ", "xformOp:scale"]
                        }

                        def Cube "Segment_042" (
                            prepend apiSchemas = ["PhysicsCollisionAPI"]
                            customData = {
                                dictionary j599 = {
                                    string collisionRole = "plug_metal_stop"
                                }
                            }
                        )
                        {
                            float physxCollision:contactOffset = 0.00001
                            float physxCollision:restOffset = 0
                            color3f[] primvars:displayColor = [(0.27, 0.3, 0.34)]
                            double size = 1
                            token visibility = "invisible"
                            float xformOp:rotateZ = 315
                            float3 xformOp:scale = (0.0009, 0.0021577505, 0.0003)
                            double3 xformOp:translate = (0.011207642481806775, -0.01120764248180678, 0.00015)
                            uniform token[] xformOpOrder = ["xformOp:translate", "xformOp:rotateZ", "xformOp:scale"]
                        }

                        def Cube "Segment_043" (
                            prepend apiSchemas = ["PhysicsCollisionAPI"]
                            customData = {
                                dictionary j599 = {
                                    string collisionRole = "plug_metal_stop"
                                }
                            }
                        )
                        {
                            float physxCollision:contactOffset = 0.00001
                            float physxCollision:restOffset = 0
                            color3f[] primvars:displayColor = [(0.27, 0.3, 0.34)]
                            double size = 1
                            token visibility = "invisible"
                            float xformOp:rotateZ = 322.5
                            float3 xformOp:scale = (0.0009, 0.0021577505, 0.0003)
                            double3 xformOp:translate = (0.012574650443616074, -0.009648868649788226, 0.00015)
                            uniform token[] xformOpOrder = ["xformOp:translate", "xformOp:rotateZ", "xformOp:scale"]
                        }

                        def Cube "Segment_044" (
                            prepend apiSchemas = ["PhysicsCollisionAPI"]
                            customData = {
                                dictionary j599 = {
                                    string collisionRole = "plug_metal_stop"
                                }
                            }
                        )
                        {
                            float physxCollision:contactOffset = 0.00001
                            float physxCollision:restOffset = 0
                            color3f[] primvars:displayColor = [(0.27, 0.3, 0.34)]
                            double size = 1
                            token visibility = "invisible"
                            float xformOp:rotateZ = 330
                            float3 xformOp:scale = (0.0009, 0.0021577505, 0.0003)
                            double3 xformOp:translate = (0.013726502649983348, -0.007925000000000007, 0.00015)
                            uniform token[] xformOpOrder = ["xformOp:translate", "xformOp:rotateZ", "xformOp:scale"]
                        }

                        def Cube "Segment_045" (
                            prepend apiSchemas = ["PhysicsCollisionAPI"]
                            customData = {
                                dictionary j599 = {
                                    string collisionRole = "plug_metal_stop"
                                }
                            }
                        )
                        {
                            float physxCollision:contactOffset = 0.00001
                            float physxCollision:restOffset = 0
                            color3f[] primvars:displayColor = [(0.27, 0.3, 0.34)]
                            double size = 1
                            token visibility = "invisible"
                            float xformOp:rotateZ = 337.5
                            float3 xformOp:scale = (0.0009, 0.0021577505, 0.0003)
                            double3 xformOp:translate = (0.014643490590303896, -0.006065532402986669, 0.00015)
                            uniform token[] xformOpOrder = ["xformOp:translate", "xformOp:rotateZ", "xformOp:scale"]
                        }

                        def Cube "Segment_046" (
                            prepend apiSchemas = ["PhysicsCollisionAPI"]
                            customData = {
                                dictionary j599 = {
                                    string collisionRole = "plug_metal_stop"
                                }
                            }
                        )
                        {
                            float physxCollision:contactOffset = 0.00001
                            float physxCollision:restOffset = 0
                            color3f[] primvars:displayColor = [(0.27, 0.3, 0.34)]
                            double size = 1
                            token visibility = "invisible"
                            float xformOp:rotateZ = 345
                            float3 xformOp:scale = (0.0009, 0.0021577505, 0.0003)
                            double3 xformOp:translate = (0.015309924346681733, -0.004102281864874953, 0.00015)
                            uniform token[] xformOpOrder = ["xformOp:translate", "xformOp:rotateZ", "xformOp:scale"]
                        }

                        def Cube "Segment_047" (
                            prepend apiSchemas = ["PhysicsCollisionAPI"]
                            customData = {
                                dictionary j599 = {
                                    string collisionRole = "plug_metal_stop"
                                }
                            }
                        )
                        {
                            float physxCollision:contactOffset = 0.00001
                            float physxCollision:restOffset = 0
                            color3f[] primvars:displayColor = [(0.27, 0.3, 0.34)]
                            double size = 1
                            token visibility = "invisible"
                            float xformOp:rotateZ = 352.5
                            float3 xformOp:scale = (0.0009, 0.0021577505, 0.0003)
                            double3 xformOp:translate = (0.015714401052774895, -0.002068840146687819, 0.00015)
                            uniform token[] xformOpOrder = ["xformOp:translate", "xformOp:rotateZ", "xformOp:scale"]
                        }
                    }
                }
            }

            def Xform "CouplingNut" (
                prepend apiSchemas = ["PhysicsRigidBodyAPI", "PhysicsMassAPI"]
                customData = {
                    dictionary j599 = {
                        string role = "separate_coupling_nut"
                        double threadLeadMPerRevolution = 0.00762
                        int threadStarts = 3
                    }
                }
            )
            {
                point3f physics:centerOfMass = (0, 0, 0.0005)
                float3 physics:diagonalInertia = (0.0000065, 0.0000065, 0.0000121)
                float physics:mass = 0.025
                quatf physics:principalAxes = (1, 0, 0, 0)
                double3 xformOp:translate = (0, 0, 0.008)
                uniform token[] xformOpOrder = ["xformOp:translate"]

                def "Visual"
                {
                    def Xform "KnurledShell"
                    {
                        def Cube "Segment_000"
                        {
                            color3f[] primvars:displayColor = [(0.49, 0.53, 0.58)]
                            double size = 1
                            float3 xformOp:scale = (0.004, 0.0044924775, 0.014)
                            double3 xformOp:translate = (0.022, 0, 0.0005)
                            uniform token[] xformOpOrder = ["xformOp:translate", "xformOp:scale"]
                        }

                        def Cube "Segment_001"
                        {
                            color3f[] primvars:displayColor = [(0.49, 0.53, 0.58)]
                            double size = 1
                            float xformOp:rotateZ = 11.25
                            float3 xformOp:scale = (0.004, 0.0044924775, 0.014)
                            double3 xformOp:translate = (0.02157727616887107, 0.0042919870843548215, 0.0005)
                            uniform token[] xformOpOrder = ["xformOp:translate", "xformOp:rotateZ", "xformOp:scale"]
                        }

                        def Cube "Segment_002"
                        {
                            color3f[] primvars:displayColor = [(0.49, 0.53, 0.58)]
                            double size = 1
                            float xformOp:rotateZ = 22.5
                            float3 xformOp:scale = (0.004, 0.0044924775, 0.014)
                            double3 xformOp:translate = (0.020325349715248308, 0.008419035512031974, 0.0005)
                            uniform token[] xformOpOrder = ["xformOp:translate", "xformOp:rotateZ", "xformOp:scale"]
                        }

                        def Cube "Segment_003"
                        {
                            color3f[] primvars:displayColor = [(0.49, 0.53, 0.58)]
                            double size = 1
                            float xformOp:rotateZ = 33.75
                            float3 xformOp:scale = (0.004, 0.0044924775, 0.014)
                            double3 xformOp:translate = (0.018292331470655995, 0.012222545126431247, 0.0005)
                            uniform token[] xformOpOrder = ["xformOp:translate", "xformOp:rotateZ", "xformOp:scale"]
                        }

                        def Cube "Segment_004"
                        {
                            color3f[] primvars:displayColor = [(0.49, 0.53, 0.58)]
                            double size = 1
                            float xformOp:rotateZ = 45
                            float3 xformOp:scale = (0.004, 0.0044924775, 0.014)
                            double3 xformOp:translate = (0.015556349186104046, 0.015556349186104042, 0.0005)
                            uniform token[] xformOpOrder = ["xformOp:translate", "xformOp:rotateZ", "xformOp:scale"]
                        }

                        def Cube "Segment_005"
                        {
                            color3f[] primvars:displayColor = [(0.49, 0.53, 0.58)]
                            double size = 1
                            float xformOp:rotateZ = 56.25
                            float3 xformOp:scale = (0.004, 0.0044924775, 0.014)
                            double3 xformOp:translate = (0.01222254512643125, 0.018292331470655995, 0.0005)
                            uniform token[] xformOpOrder = ["xformOp:translate", "xformOp:rotateZ", "xformOp:scale"]
                        }

                        def Cube "Segment_006"
                        {
                            color3f[] primvars:displayColor = [(0.49, 0.53, 0.58)]
                            double size = 1
                            float xformOp:rotateZ = 67.5
                            float3 xformOp:scale = (0.004, 0.0044924775, 0.014)
                            double3 xformOp:translate = (0.008419035512031976, 0.020325349715248308, 0.0005)
                            uniform token[] xformOpOrder = ["xformOp:translate", "xformOp:rotateZ", "xformOp:scale"]
                        }

                        def Cube "Segment_007"
                        {
                            color3f[] primvars:displayColor = [(0.49, 0.53, 0.58)]
                            double size = 1
                            float xformOp:rotateZ = 78.75
                            float3 xformOp:scale = (0.004, 0.0044924775, 0.014)
                            double3 xformOp:translate = (0.004291987084354823, 0.02157727616887107, 0.0005)
                            uniform token[] xformOpOrder = ["xformOp:translate", "xformOp:rotateZ", "xformOp:scale"]
                        }

                        def Cube "Segment_008"
                        {
                            color3f[] primvars:displayColor = [(0.49, 0.53, 0.58)]
                            double size = 1
                            float xformOp:rotateZ = 90
                            float3 xformOp:scale = (0.004, 0.0044924775, 0.014)
                            double3 xformOp:translate = (1.3471114790620884e-18, 0.022, 0.0005)
                            uniform token[] xformOpOrder = ["xformOp:translate", "xformOp:rotateZ", "xformOp:scale"]
                        }

                        def Cube "Segment_009"
                        {
                            color3f[] primvars:displayColor = [(0.49, 0.53, 0.58)]
                            double size = 1
                            float xformOp:rotateZ = 101.25
                            float3 xformOp:scale = (0.004, 0.0044924775, 0.014)
                            double3 xformOp:translate = (-0.00429198708435482, 0.02157727616887107, 0.0005)
                            uniform token[] xformOpOrder = ["xformOp:translate", "xformOp:rotateZ", "xformOp:scale"]
                        }

                        def Cube "Segment_010"
                        {
                            color3f[] primvars:displayColor = [(0.49, 0.53, 0.58)]
                            double size = 1
                            float xformOp:rotateZ = 112.5
                            float3 xformOp:scale = (0.004, 0.0044924775, 0.014)
                            double3 xformOp:translate = (-0.008419035512031974, 0.020325349715248308, 0.0005)
                            uniform token[] xformOpOrder = ["xformOp:translate", "xformOp:rotateZ", "xformOp:scale"]
                        }

                        def Cube "Segment_011"
                        {
                            color3f[] primvars:displayColor = [(0.49, 0.53, 0.58)]
                            double size = 1
                            float xformOp:rotateZ = 123.75
                            float3 xformOp:scale = (0.004, 0.0044924775, 0.014)
                            double3 xformOp:translate = (-0.01222254512643125, 0.018292331470655992, 0.0005)
                            uniform token[] xformOpOrder = ["xformOp:translate", "xformOp:rotateZ", "xformOp:scale"]
                        }

                        def Cube "Segment_012"
                        {
                            color3f[] primvars:displayColor = [(0.49, 0.53, 0.58)]
                            double size = 1
                            float xformOp:rotateZ = 135
                            float3 xformOp:scale = (0.004, 0.0044924775, 0.014)
                            double3 xformOp:translate = (-0.015556349186104042, 0.015556349186104046, 0.0005)
                            uniform token[] xformOpOrder = ["xformOp:translate", "xformOp:rotateZ", "xformOp:scale"]
                        }

                        def Cube "Segment_013"
                        {
                            color3f[] primvars:displayColor = [(0.49, 0.53, 0.58)]
                            double size = 1
                            float xformOp:rotateZ = 146.25
                            float3 xformOp:scale = (0.004, 0.0044924775, 0.014)
                            double3 xformOp:translate = (-0.018292331470655995, 0.012222545126431247, 0.0005)
                            uniform token[] xformOpOrder = ["xformOp:translate", "xformOp:rotateZ", "xformOp:scale"]
                        }

                        def Cube "Segment_014"
                        {
                            color3f[] primvars:displayColor = [(0.49, 0.53, 0.58)]
                            double size = 1
                            float xformOp:rotateZ = 157.5
                            float3 xformOp:scale = (0.004, 0.0044924775, 0.014)
                            double3 xformOp:translate = (-0.020325349715248308, 0.008419035512031978, 0.0005)
                            uniform token[] xformOpOrder = ["xformOp:translate", "xformOp:rotateZ", "xformOp:scale"]
                        }

                        def Cube "Segment_015"
                        {
                            color3f[] primvars:displayColor = [(0.49, 0.53, 0.58)]
                            double size = 1
                            float xformOp:rotateZ = 168.75
                            float3 xformOp:scale = (0.004, 0.0044924775, 0.014)
                            double3 xformOp:translate = (-0.02157727616887107, 0.00429198708435482, 0.0005)
                            uniform token[] xformOpOrder = ["xformOp:translate", "xformOp:rotateZ", "xformOp:scale"]
                        }

                        def Cube "Segment_016"
                        {
                            color3f[] primvars:displayColor = [(0.49, 0.53, 0.58)]
                            double size = 1
                            float xformOp:rotateZ = 180
                            float3 xformOp:scale = (0.004, 0.0044924775, 0.014)
                            double3 xformOp:translate = (-0.022, 2.694222958124177e-18, 0.0005)
                            uniform token[] xformOpOrder = ["xformOp:translate", "xformOp:rotateZ", "xformOp:scale"]
                        }

                        def Cube "Segment_017"
                        {
                            color3f[] primvars:displayColor = [(0.49, 0.53, 0.58)]
                            double size = 1
                            float xformOp:rotateZ = 191.25
                            float3 xformOp:scale = (0.004, 0.0044924775, 0.014)
                            double3 xformOp:translate = (-0.02157727616887107, -0.004291987084354824, 0.0005)
                            uniform token[] xformOpOrder = ["xformOp:translate", "xformOp:rotateZ", "xformOp:scale"]
                        }

                        def Cube "Segment_018"
                        {
                            color3f[] primvars:displayColor = [(0.49, 0.53, 0.58)]
                            double size = 1
                            float xformOp:rotateZ = 202.5
                            float3 xformOp:scale = (0.004, 0.0044924775, 0.014)
                            double3 xformOp:translate = (-0.020325349715248308, -0.008419035512031972, 0.0005)
                            uniform token[] xformOpOrder = ["xformOp:translate", "xformOp:rotateZ", "xformOp:scale"]
                        }

                        def Cube "Segment_019"
                        {
                            color3f[] primvars:displayColor = [(0.49, 0.53, 0.58)]
                            double size = 1
                            float xformOp:rotateZ = 213.75
                            float3 xformOp:scale = (0.004, 0.0044924775, 0.014)
                            double3 xformOp:translate = (-0.018292331470655995, -0.01222254512643125, 0.0005)
                            uniform token[] xformOpOrder = ["xformOp:translate", "xformOp:rotateZ", "xformOp:scale"]
                        }

                        def Cube "Segment_020"
                        {
                            color3f[] primvars:displayColor = [(0.49, 0.53, 0.58)]
                            double size = 1
                            float xformOp:rotateZ = 225
                            float3 xformOp:scale = (0.004, 0.0044924775, 0.014)
                            double3 xformOp:translate = (-0.015556349186104048, -0.015556349186104042, 0.0005)
                            uniform token[] xformOpOrder = ["xformOp:translate", "xformOp:rotateZ", "xformOp:scale"]
                        }

                        def Cube "Segment_021"
                        {
                            color3f[] primvars:displayColor = [(0.49, 0.53, 0.58)]
                            double size = 1
                            float xformOp:rotateZ = 236.25
                            float3 xformOp:scale = (0.004, 0.0044924775, 0.014)
                            double3 xformOp:translate = (-0.012222545126431247, -0.018292331470655995, 0.0005)
                            uniform token[] xformOpOrder = ["xformOp:translate", "xformOp:rotateZ", "xformOp:scale"]
                        }

                        def Cube "Segment_022"
                        {
                            color3f[] primvars:displayColor = [(0.49, 0.53, 0.58)]
                            double size = 1
                            float xformOp:rotateZ = 247.5
                            float3 xformOp:scale = (0.004, 0.0044924775, 0.014)
                            double3 xformOp:translate = (-0.008419035512031969, -0.020325349715248308, 0.0005)
                            uniform token[] xformOpOrder = ["xformOp:translate", "xformOp:rotateZ", "xformOp:scale"]
                        }

                        def Cube "Segment_023"
                        {
                            color3f[] primvars:displayColor = [(0.49, 0.53, 0.58)]
                            double size = 1
                            float xformOp:rotateZ = 258.75
                            float3 xformOp:scale = (0.004, 0.0044924775, 0.014)
                            double3 xformOp:translate = (-0.00429198708435483, -0.021577276168871066, 0.0005)
                            uniform token[] xformOpOrder = ["xformOp:translate", "xformOp:rotateZ", "xformOp:scale"]
                        }

                        def Cube "Segment_024"
                        {
                            color3f[] primvars:displayColor = [(0.49, 0.53, 0.58)]
                            double size = 1
                            float xformOp:rotateZ = 270
                            float3 xformOp:scale = (0.004, 0.0044924775, 0.014)
                            double3 xformOp:translate = (-4.041334437186265e-18, -0.022, 0.0005)
                            uniform token[] xformOpOrder = ["xformOp:translate", "xformOp:rotateZ", "xformOp:scale"]
                        }

                        def Cube "Segment_025"
                        {
                            color3f[] primvars:displayColor = [(0.49, 0.53, 0.58)]
                            double size = 1
                            float xformOp:rotateZ = 281.25
                            float3 xformOp:scale = (0.004, 0.0044924775, 0.014)
                            double3 xformOp:translate = (0.004291987084354822, -0.02157727616887107, 0.0005)
                            uniform token[] xformOpOrder = ["xformOp:translate", "xformOp:rotateZ", "xformOp:scale"]
                        }

                        def Cube "Segment_026"
                        {
                            color3f[] primvars:displayColor = [(0.49, 0.53, 0.58)]
                            double size = 1
                            float xformOp:rotateZ = 292.5
                            float3 xformOp:scale = (0.004, 0.0044924775, 0.014)
                            double3 xformOp:translate = (0.00841903551203198, -0.020325349715248305, 0.0005)
                            uniform token[] xformOpOrder = ["xformOp:translate", "xformOp:rotateZ", "xformOp:scale"]
                        }

                        def Cube "Segment_027"
                        {
                            color3f[] primvars:displayColor = [(0.49, 0.53, 0.58)]
                            double size = 1
                            float xformOp:rotateZ = 303.75
                            float3 xformOp:scale = (0.004, 0.0044924775, 0.014)
                            double3 xformOp:translate = (0.01222254512643124, -0.018292331470656, 0.0005)
                            uniform token[] xformOpOrder = ["xformOp:translate", "xformOp:rotateZ", "xformOp:scale"]
                        }

                        def Cube "Segment_028"
                        {
                            color3f[] primvars:displayColor = [(0.49, 0.53, 0.58)]
                            double size = 1
                            float xformOp:rotateZ = 315
                            float3 xformOp:scale = (0.004, 0.0044924775, 0.014)
                            double3 xformOp:translate = (0.01555634918610404, -0.015556349186104048, 0.0005)
                            uniform token[] xformOpOrder = ["xformOp:translate", "xformOp:rotateZ", "xformOp:scale"]
                        }

                        def Cube "Segment_029"
                        {
                            color3f[] primvars:displayColor = [(0.49, 0.53, 0.58)]
                            double size = 1
                            float xformOp:rotateZ = 326.25
                            float3 xformOp:scale = (0.004, 0.0044924775, 0.014)
                            double3 xformOp:translate = (0.018292331470655995, -0.012222545126431247, 0.0005)
                            uniform token[] xformOpOrder = ["xformOp:translate", "xformOp:rotateZ", "xformOp:scale"]
                        }

                        def Cube "Segment_030"
                        {
                            color3f[] primvars:displayColor = [(0.49, 0.53, 0.58)]
                            double size = 1
                            float xformOp:rotateZ = 337.5
                            float3 xformOp:scale = (0.004, 0.0044924775, 0.014)
                            double3 xformOp:translate = (0.020325349715248308, -0.008419035512031969, 0.0005)
                            uniform token[] xformOpOrder = ["xformOp:translate", "xformOp:rotateZ", "xformOp:scale"]
                        }

                        def Cube "Segment_031"
                        {
                            color3f[] primvars:displayColor = [(0.49, 0.53, 0.58)]
                            double size = 1
                            float xformOp:rotateZ = 348.75
                            float3 xformOp:scale = (0.004, 0.0044924775, 0.014)
                            double3 xformOp:translate = (0.021577276168871066, -0.004291987084354832, 0.0005)
                            uniform token[] xformOpOrder = ["xformOp:translate", "xformOp:rotateZ", "xformOp:scale"]
                        }
                    }

                    def Xform "InternalThreadReference"
                    {
                        def BasisCurves "Start_0" (
                            customData = {
                                dictionary j599 = {
                                    string collisionMode = "visual_only"
                                    double threadStartPhaseDeg = 0
                                }
                            }
                        )
                        {
                            int[] curveVertexCounts = [80]
                            point3f[] points = [(0.02, 0, -0.006), (0.019843329, 0.002498463, -0.0058481013), (0.019375768, 0.0049577826, -0.0056962026), (0.018604646, 0.0073394272, -0.005544304), (0.01754204, 0.009606084, -0.005392405), (0.0162046, 0.0117222415, -0.0052405065), (0.014613281, 0.013654744, -0.005088608), (0.012793013, 0.015373316, -0.004936709), (0.010772315, 0.01685103, -0.0047848104), (0.008582844, 0.01806474, -0.004632911), (0.0062589063, 0.018995423, -0.0044810125), (0.0038369084, 0.019628502, -0.0043291138), (0.001354797, 0.019954061, -0.004177215), (-0.0011485401, 0.019966993, -0.0040253163), (-0.0036338829, 0.019667102, -0.0038734176), (-0.006062293, 0.019059082, -0.003721519), (-0.008395724, 0.01815246, -0.0035696202), (-0.010597618, 0.01696144, -0.0034177215), (-0.012633477, 0.015504684, -0.0032658228), (-0.014471406, 0.013805013, -0.003113924), (-0.01608261, 0.011889057, -0.0029620253), (-0.017441843, 0.009786833, -0.0028101266), (-0.018527813, 0.007531277, -0.002658228), (-0.019323505, 0.005157727, -0.0025063292), (-0.019816453, 0.0027033703, -0.0023544303), (-0.019998932, 0.00020665945, -0.0022025316), (-0.019868085, -0.0022932892, -0.0020506328), (-0.019425962, -0.0047573084, -0.0018987341), (-0.01867949, -0.0071467943, -0.0017468354), (-0.017640362, -0.00942431, -0.0015949367), (-0.016324861, -0.011554174, -0.001443038), (-0.014753595, -0.013503016, -0.0012911393), (-0.012951181, -0.015240305, -0.0011392405), (-0.01094586, -0.01673882, -0.0009873417), (-0.008769049, -0.017975088, -0.00083544303), (-0.006454851, -0.018929735, -0.0006835443), (-0.004039524, -0.01958781, -0.00053164555), (-0.0015609096, -0.019938996, -0.00037974684), (0.0009421603, -0.019977797, -0.0002278481), (0.0034304692, -0.0197036, -0.00007594937), (0.0058650323, -0.019120706, 0.00007594937), (0.008207707, -0.018238245, 0.0002278481), (0.01042179, -0.01707004, 0.00037974684), (0.012472593, -0.015634399, 0.00053164555), (0.014327987, -0.013953809, 0.0006835443), (0.015958901, -0.012054604, 0.00083544303), (0.017339785, -0.009966536, 0.0009873417), (0.018449003, -0.007722322, 0.0011392405), (0.01926918, -0.005357121, 0.0012911393), (0.01978746, -0.0029079888, 0.001443038), (0.019995729, -0.00041329683, 0.0015949367), (0.019890722, 0.0020878704, 0.0017468354), (0.019474082, 0.0045563267, 0.0018987341), (0.01875234, 0.006953398, 0.0020506328), (0.017736802, 0.00924153, 0.0022025316), (0.016443377, 0.011384873, 0.0023544303), (0.014892333, 0.013349847, 0.0025063292), (0.013107968, 0.015105667, 0.002658228), (0.011118238, 0.016624825, 0.0028101266), (0.008954317, 0.017883519, 0.0029620253), (0.006650107, 0.018862028, 0.003113924), (0.004241709, 0.019545022, 0.0032658228), (0.0017668552, 0.019921802, 0.0034177215), (-0.00073568, 0.019986466, 0.0035696202), (-0.0032266893, 0.019737996, 0.003721519), (-0.0056671454, 0.019180289, 0.0038734176), (-0.008018813, 0.01832208, 0.0040253163), (-0.01024485, 0.017176818, 0.004177215), (-0.012310378, 0.015762443, 0.0043291138), (-0.014183038, 0.014101115, 0.0044810125), (-0.01583349, 0.012218863, 0.004632911), (-0.017235875, 0.010145176, 0.0047848104), (-0.018368224, 0.007912543, 0.004936709), (-0.019212795, 0.0055559427, 0.005088608), (-0.019756356, 0.0031122968, 0.0052405065), (-0.019990392, 0.0006198901, 0.005392405), (-0.019911233, -0.0018822287, 0.005544304), (-0.019520123, -0.0043548583, 0.0056962026), (-0.018823188, -0.0067592594, 0.0058481013), (-0.017831348, -0.009057762, 0.006)]
                            color3f[] primvars:displayColor = [(0.27, 0.3, 0.34)]
                            uniform token type = "linear"
                            float[] widths = [0.00032, 0.00032, 0.00032, 0.00032, 0.00032, 0.00032, 0.00032, 0.00032, 0.00032, 0.00032, 0.00032, 0.00032, 0.00032, 0.00032, 0.00032, 0.00032, 0.00032, 0.00032, 0.00032, 0.00032, 0.00032, 0.00032, 0.00032, 0.00032, 0.00032, 0.00032, 0.00032, 0.00032, 0.00032, 0.00032, 0.00032, 0.00032, 0.00032, 0.00032, 0.00032, 0.00032, 0.00032, 0.00032, 0.00032, 0.00032, 0.00032, 0.00032, 0.00032, 0.00032, 0.00032, 0.00032, 0.00032, 0.00032, 0.00032, 0.00032, 0.00032, 0.00032, 0.00032, 0.00032, 0.00032, 0.00032, 0.00032, 0.00032, 0.00032, 0.00032, 0.00032, 0.00032, 0.00032, 0.00032, 0.00032, 0.00032, 0.00032, 0.00032, 0.00032, 0.00032, 0.00032, 0.00032, 0.00032, 0.00032, 0.00032, 0.00032, 0.00032, 0.00032, 0.00032, 0.00032]
                            uniform token wrap = "nonperiodic"
                        }

                        def BasisCurves "Start_1" (
                            customData = {
                                dictionary j599 = {
                                    string collisionMode = "visual_only"
                                    double threadStartPhaseDeg = 120
                                }
                            }
                        )
                        {
                            int[] curveVertexCounts = [80]
                            point3f[] points = [(-0.01, 0.017320508, -0.006), (-0.012085397, 0.015935594, -0.0058481013), (-0.013981449, 0.014301016, -0.0056962026), (-0.015658453, 0.012442381, -0.005544304), (-0.017090132, 0.010388809, -0.005392405), (-0.018254058, 0.008172475, -0.0052405065), (-0.019131996, 0.0058281003, -0.005088608), (-0.019710189, 0.0033924163, -0.004936709), (-0.019979578, 0.00090358255, -0.0047848104), (-0.019935945, -0.0015994076, -0.004632911), (-0.019579971, -0.0040773395, -0.0044810125), (-0.018917236, -0.0064913915, -0.0043291138), (-0.017958121, -0.008803741, -0.004177215), (-0.016717654, -0.010978162, -0.0040253163), (-0.015215268, -0.012980586, -0.0038734176), (-0.013474503, -0.01477964, -0.003721519), (-0.01152263, -0.01634714, -0.0035696202), (-0.00939023, -0.017658528, -0.0034177215), (-0.007110712, -0.018693255, -0.0032658228), (-0.004719789, -0.019435111, -0.003113924), (-0.0022549208, -0.019872477, -0.0029620253), (0.00024527585, -0.019998496, -0.0028101266), (0.0027416297, -0.019811196, -0.002658228), (0.00519503, -0.01931351, -0.0025063292), (0.0075670388, -0.018513236, -0.0023544303), (0.009820494, -0.017422913, -0.0022025316), (0.01192009, -0.016059622, -0.0020506328), (0.013832931, -0.014444723, -0.0018987341), (0.0155290505, -0.012603516, -0.0017468354), (0.016981874, -0.010564847, -0.0015949367), (0.018168638, -0.008360657, -0.001443038), (0.019070752, -0.0060254796, -0.0012911393), (0.019674081, -0.0035959, -0.0011392405), (0.019969175, -0.0011099827, -0.0009873417), (0.019951407, 0.0013933247, -0.00083544303), (0.019621057, 0.0038748027, -0.0006835443), (0.018983303, 0.0062955734, -0.00053164555), (0.018048132, 0.00861771, -0.00037974684), (0.016830198, 0.010804833, -0.0002278481), (0.015348584, 0.012822674, -0.00007594937), (0.013626501, 0.01463962, 0.00007594937), (0.0116909295, 0.016227204, 0.0002278481), (0.009572194, 0.017560555, 0.00037974684), (0.0073034894, 0.018618783, 0.00053164555), (0.0049203597, 0.019385306, 0.0006835443), (0.0024601421, 0.019848116, 0.00083544303), (-0.000038618844, 0.019999962, 0.0009873417), (-0.0025367748, 0.019838467, 0.0011392405), (-0.004995187, 0.019366158, 0.0012911393), (-0.007375338, 0.018590437, 0.001443038), (-0.009639939, 0.017523458, 0.0015949367), (-0.01175351, 0.016181935, 0.0017468354), (-0.013682935, 0.014586887, 0.0018987341), (-0.015397989, 0.012763304, 0.0020506328), (-0.0168718, 0.010739756, 0.0022025316), (-0.018081278, 0.008547947, 0.0023544303), (-0.019007472, 0.0062222155, 0.0025063292), (-0.019635875, 0.0037989998, 0.002658228), (-0.019956639, 0.0013162644, 0.0028101266), (-0.01996474, -0.001187093, 0.0029620253), (-0.019660048, -0.003671852, 0.003113924), (-0.01904734, -0.0060990835, 0.0032658228), (-0.018136214, -0.008430759, 0.0034177215), (-0.016940946, -0.01063035, 0.0035696202), (-0.015480261, -0.012663392, 0.003721519), (-0.013777045, -0.014498036, 0.0038734176), (-0.01185798, -0.016105536, 0.0040253163), (-0.009753135, -0.01746071, 0.004177215), (-0.0074954866, -0.018542321, 0.0043291138), (-0.005120405, -0.019333428, 0.0044810125), (-0.0026651009, -0.019821636, 0.004632911), (-0.00016804229, -0.019999294, 0.0047848104), (0.002331649, -0.01986362, 0.004936709), (0.00479481, -0.01941674, 0.005088608), (0.00718285, -0.018665655, 0.0052405065), (0.009458355, -0.017622132, 0.005392405), (0.011585674, -0.01630252, 0.005544304), (0.013531479, -0.014727494, 0.0056962026), (0.015265284, -0.012921729, 0.0058481013), (0.016759926, -0.010913518, 0.006)]
                            color3f[] primvars:displayColor = [(0.27, 0.3, 0.34)]
                            uniform token type = "linear"
                            float[] widths = [0.00032, 0.00032, 0.00032, 0.00032, 0.00032, 0.00032, 0.00032, 0.00032, 0.00032, 0.00032, 0.00032, 0.00032, 0.00032, 0.00032, 0.00032, 0.00032, 0.00032, 0.00032, 0.00032, 0.00032, 0.00032, 0.00032, 0.00032, 0.00032, 0.00032, 0.00032, 0.00032, 0.00032, 0.00032, 0.00032, 0.00032, 0.00032, 0.00032, 0.00032, 0.00032, 0.00032, 0.00032, 0.00032, 0.00032, 0.00032, 0.00032, 0.00032, 0.00032, 0.00032, 0.00032, 0.00032, 0.00032, 0.00032, 0.00032, 0.00032, 0.00032, 0.00032, 0.00032, 0.00032, 0.00032, 0.00032, 0.00032, 0.00032, 0.00032, 0.00032, 0.00032, 0.00032, 0.00032, 0.00032, 0.00032, 0.00032, 0.00032, 0.00032, 0.00032, 0.00032, 0.00032, 0.00032, 0.00032, 0.00032, 0.00032, 0.00032, 0.00032, 0.00032, 0.00032, 0.00032]
                            uniform token wrap = "nonperiodic"
                        }

                        def BasisCurves "Start_2" (
                            customData = {
                                dictionary j599 = {
                                    string collisionMode = "visual_only"
                                    double threadStartPhaseDeg = 240
                                }
                            }
                        )
                        {
                            int[] curveVertexCounts = [80]
                            point3f[] points = [(-0.01, -0.017320508, -0.006), (-0.0077579315, -0.018434059, -0.0058481013), (-0.0053943186, -0.019258799, -0.0056962026), (-0.002946192, -0.01978181, -0.005544304), (-0.00045190667, -0.019994894, -0.005392405), (0.0020494587, -0.019894715, -0.0052405065), (0.0045187147, -0.019482844, -0.005088608), (0.0069171754, -0.01876573, -0.004936709), (0.009207264, -0.017754612, -0.0047848104), (0.0113531, -0.01646533, -0.004632911), (0.013321065, -0.014918083, -0.0044810125), (0.015080328, -0.013137111, -0.0043291138), (0.016603325, -0.011150319, -0.004177215), (0.017866194, -0.008988832, -0.0040253163), (0.018849151, -0.006686516, -0.0038734176), (0.019536795, -0.004279441, -0.003721519), (0.019918354, -0.0018053198, -0.0035696202), (0.019987848, 0.0006970859, -0.0034177215), (0.01974419, 0.0031885703, -0.0032658228), (0.019191196, 0.0056300987, -0.003113924), (0.018337531, 0.00798342, -0.0029620253), (0.017196568, 0.010211663, -0.0028101266), (0.015786184, 0.012279918, -0.002658228), (0.014128475, 0.014155783, -0.0025063292), (0.012249414, 0.015809866, -0.0023544303), (0.010178438, 0.017216254, -0.0022025316), (0.007947996, 0.01835291, -0.0020506328), (0.005593031, 0.019202031, -0.0018987341), (0.0031504394, 0.01975031, -0.0017468354), (0.00065848924, 0.019989157, -0.0015949367), (-0.0018437777, 0.01991483, -0.001443038), (-0.004317158, 0.019528495, -0.0012911393), (-0.0067229, 0.018836204, -0.0011392405), (-0.009023314, 0.017848805, -0.0009873417), (-0.0111823585, 0.016581763, -0.00083544303), (-0.013166207, 0.015054933, -0.0006835443), (-0.014943778, 0.013292235, -0.00053164555), (-0.016487222, 0.011321286, -0.00037974684), (-0.01777236, 0.009172963, -0.0002278481), (-0.018779052, 0.006880927, -0.00007594937), (-0.019491533, 0.004481086, 0.00007594937), (-0.019898636, 0.0020110393, 0.0002278481), (-0.019993983, -0.0004905148, 0.00037974684), (-0.019776084, -0.0029843838, 0.00053164555), (-0.019248346, -0.005431496, 0.0006835443), (-0.018419044, -0.007793512, 0.00083544303), (-0.017301166, -0.010033426, 0.0009873417), (-0.01591223, -0.012116145, 0.0011392405), (-0.014273992, -0.014009038, 0.0012911393), (-0.012412122, -0.01568245, 0.001443038), (-0.01035579, -0.017110161, 0.0015949367), (-0.008137212, -0.018269805, 0.0017468354), (-0.005791147, -0.019143213, 0.0018987341), (-0.0033543506, -0.019716702, 0.0020506328), (-0.00086500146, -0.019981286, 0.0022025316), (0.0016378998, -0.01993282, 0.0023544303), (0.00411514, -0.019572062, 0.0025063292), (0.006527907, -0.018904667, 0.002658228), (0.008838401, -0.01794109, 0.0028101266), (0.011010422, -0.016696425, 0.0029620253), (0.013009941, -0.015190176, 0.003113924), (0.014805632, -0.013445939, 0.0032658228), (0.01636936, -0.011491043, 0.0034177215), (0.017676625, -0.009356115, 0.0035696202), (0.018706951, -0.007074603, 0.003721519), (0.01944419, -0.004682252, 0.0038734176), (0.019876793, -0.002216544, 0.0040253163), (0.019997984, 0.00028389134, 0.004177215), (0.019805865, 0.002779879, 0.0043291138), (0.019303443, 0.0052323136, 0.0044810125), (0.01849859, 0.0076027727, 0.004632911), (0.017403917, 0.009854118, 0.0047848104), (0.016036576, 0.011951078, 0.004936709), (0.014417985, 0.0138607975, 0.005088608), (0.012573507, 0.015553358, 0.0052405065), (0.010532036, 0.017002242, 0.005392405), (0.008325559, 0.018184748, 0.005544304), (0.005988644, 0.019082353, 0.0056962026), (0.0035579037, 0.019680988, 0.0058481013), (0.0010714213, 0.019971281, 0.006)]
                            color3f[] primvars:displayColor = [(0.27, 0.3, 0.34)]
                            uniform token type = "linear"
                            float[] widths = [0.00032, 0.00032, 0.00032, 0.00032, 0.00032, 0.00032, 0.00032, 0.00032, 0.00032, 0.00032, 0.00032, 0.00032, 0.00032, 0.00032, 0.00032, 0.00032, 0.00032, 0.00032, 0.00032, 0.00032, 0.00032, 0.00032, 0.00032, 0.00032, 0.00032, 0.00032, 0.00032, 0.00032, 0.00032, 0.00032, 0.00032, 0.00032, 0.00032, 0.00032, 0.00032, 0.00032, 0.00032, 0.00032, 0.00032, 0.00032, 0.00032, 0.00032, 0.00032, 0.00032, 0.00032, 0.00032, 0.00032, 0.00032, 0.00032, 0.00032, 0.00032, 0.00032, 0.00032, 0.00032, 0.00032, 0.00032, 0.00032, 0.00032, 0.00032, 0.00032, 0.00032, 0.00032, 0.00032, 0.00032, 0.00032, 0.00032, 0.00032, 0.00032, 0.00032, 0.00032, 0.00032, 0.00032, 0.00032, 0.00032, 0.00032, 0.00032, 0.00032, 0.00032, 0.00032, 0.00032]
                            uniform token wrap = "nonperiodic"
                        }
                    }
                }
            }

            def PhysicsRevoluteJoint "CouplingNutRevolute" (
                customData = {
                    dictionary j599 = {
                        string jointRole = "coupling_nut_revolute"
                    }
                }
            )
            {
                uniform token physics:axis = "Z"
                rel physics:body0 = </World/J599_25_35_N_Pair/LoosePlug_J599_26FJ35PN/Body>
                rel physics:body1 = </World/J599_25_35_N_Pair/LoosePlug_J599_26FJ35PN/CouplingNut>
                bool physics:collisionEnabled = 0
                point3f physics:localPos0 = (0, 0, 0)
                point3f physics:localPos1 = (0, 0, 0)
                quatf physics:localRot0 = (1, 0, 0, 0)
                quatf physics:localRot1 = (1, 0, 0, 0)
            }
        }

        def Xform "AssemblyFrame" (
            customData = {
                dictionary j599 = {
                    string contactCoordinateRule = "same_standard_table_in_world_assembly_frame"
                    string origin = "receptacle_mating_face_center"
                    string plusX = "main_key_centerline_0deg"
                    string plusZ = "toward_approaching_plug"
                }
            }
        )
        {
        }
    }
}

